
  0%|          | 1/2000 [01:54<63:22:53, 114.14s/it]
                                                    
{'loss': '1.565', 'grad_norm': '0.7911', 'learning_rate': '0', 'epoch': '0.008'}

  0%|          | 1/2000 [01:54<63:22:53, 114.14s/it][WARNING] Please DO NOT tune args ['unit_flag', 'limit_auto_multi_buffer_of_local_buffer', 'set_workspace_multibuffer', 'enable_hivm_auto_cv_balance', 'tile_mix_vector_loop', 'tile_mix_cube_loop', 'num_warps', 'num_ctas', 'num_stages', 'num_buffers_warp_spec', 'num_consumer_groups', 'reg_dec_producer', 'reg_inc_consumer', 'force_simt_template', 'enable_linearize']!
[WARNING] Please DO NOT tune args ['unit_flag', 'limit_auto_multi_buffer_of_local_buffer', 'set_workspace_multibuffer', 'enable_hivm_auto_cv_balance', 'tile_mix_vector_loop', 'tile_mix_cube_loop', 'num_warps', 'num_ctas', 'num_stages', 'num_buffers_warp_spec', 'num_consumer_groups', 'reg_dec_producer', 'reg_inc_consumer', 'force_simt_template', 'enable_linearize']!
[WARNING] Please DO NOT tune args ['unit_flag', 'limit_auto_multi_buffer_of_local_buffer', 'set_workspace_multibuffer', 'enable_hivm_auto_cv_balance', 'tile_mix_vector_loop', 'tile_mix_cube_loop', 'num_warps', 'num_ctas', 'num_stages', 'num_buffers_warp_spec', 'num_consumer_groups', 'reg_dec_producer', 'reg_inc_consumer', 'force_simt_template', 'enable_linearize']!
[WARNING] Please DO NOT tune args ['unit_flag', 'limit_auto_multi_buffer_of_local_buffer', 'set_workspace_multibuffer', 'enable_hivm_auto_cv_balance', 'tile_mix_vector_loop', 'tile_mix_cube_loop', 'num_warps', 'num_ctas', 'num_stages', 'num_buffers_warp_spec', 'num_consumer_groups', 'reg_dec_producer', 'reg_inc_consumer', 'force_simt_template', 'enable_linearize']!
[WARNING] Please DO NOT tune args ['unit_flag', 'limit_auto_multi_buffer_of_local_buffer', 'set_workspace_multibuffer', 'enable_hivm_auto_cv_balance', 'tile_mix_vector_loop', 'tile_mix_cube_loop', 'num_warps', 'num_ctas', 'num_stages', 'num_buffers_warp_spec', 'num_consumer_groups', 'reg_dec_producer', 'reg_inc_consumer', 'force_simt_template', 'enable_linearize']!
[WARNING] Please DO NOT tune args ['unit_flag', 'limit_auto_multi_buffer_of_local_buffer', 'set_workspace_multibuffer', 'enable_hivm_auto_cv_balance', 'tile_mix_vector_loop', 'tile_mix_cube_loop', 'num_warps', 'num_ctas', 'num_stages', 'num_buffers_warp_spec', 'num_consumer_groups', 'reg_dec_producer', 'reg_inc_consumer', 'force_simt_template', 'enable_linearize']!
[WARNING] Please DO NOT tune args ['unit_flag', 'limit_auto_multi_buffer_of_local_buffer', 'set_workspace_multibuffer', 'enable_hivm_auto_cv_balance', 'tile_mix_vector_loop', 'tile_mix_cube_loop', 'num_warps', 'num_ctas', 'num_stages', 'num_buffers_warp_spec', 'num_consumer_groups', 'reg_dec_producer', 'reg_inc_consumer', 'force_simt_template', 'enable_linearize']!

  0%|          | 2/2000 [02:11<31:52:51, 57.44s/it] 
                                                   
{'loss': '1.264', 'grad_norm': '0.5933', 'learning_rate': '5e-08', 'epoch': '0.016'}

  0%|          | 2/2000 [02:11<31:52:51, 57.44s/it][WARNING] Please DO NOT tune args ['unit_flag', 'limit_auto_multi_buffer_of_local_buffer', 'set_workspace_multibuffer', 'enable_hivm_auto_cv_balance', 'tile_mix_vector_loop', 'tile_mix_cube_loop', 'num_warps', 'num_ctas', 'num_stages', 'num_buffers_warp_spec', 'num_consumer_groups', 'reg_dec_producer', 'reg_inc_consumer', 'force_simt_template', 'enable_linearize']!
[WARNING] Please DO NOT tune args ['unit_flag', 'limit_auto_multi_buffer_of_local_buffer', 'set_workspace_multibuffer', 'enable_hivm_auto_cv_balance', 'tile_mix_vector_loop', 'tile_mix_cube_loop', 'num_warps', 'num_ctas', 'num_stages', 'num_buffers_warp_spec', 'num_consumer_groups', 'reg_dec_producer', 'reg_inc_consumer', 'force_simt_template', 'enable_linearize']!
[WARNING] Please DO NOT tune args ['unit_flag', 'limit_auto_multi_buffer_of_local_buffer', 'set_workspace_multibuffer', 'enable_hivm_auto_cv_balance', 'tile_mix_vector_loop', 'tile_mix_cube_loop', 'num_warps', 'num_ctas', 'num_stages', 'num_buffers_warp_spec', 'num_consumer_groups', 'reg_dec_producer', 'reg_inc_consumer', 'force_simt_template', 'enable_linearize']!
[WARNING] Please DO NOT tune args ['unit_flag', 'limit_auto_multi_buffer_of_local_buffer', 'set_workspace_multibuffer', 'enable_hivm_auto_cv_balance', 'tile_mix_vector_loop', 'tile_mix_cube_loop', 'num_warps', 'num_ctas', 'num_stages', 'num_buffers_warp_spec', 'num_consumer_groups', 'reg_dec_producer', 'reg_inc_consumer', 'force_simt_template', 'enable_linearize']!

  0%|          | 3/2000 [02:23<20:12:41, 36.44s/it]
                                                   
{'loss': '1.485', 'grad_norm': '1.485', 'learning_rate': '1e-07', 'epoch': '0.024'}

  0%|          | 3/2000 [02:23<20:12:41, 36.44s/it][WARNING] Please DO NOT tune args ['unit_flag', 'limit_auto_multi_buffer_of_local_buffer', 'set_workspace_multibuffer', 'enable_hivm_auto_cv_balance', 'tile_mix_vector_loop', 'tile_mix_cube_loop', 'num_warps', 'num_ctas', 'num_stages', 'num_buffers_warp_spec', 'num_consumer_groups', 'reg_dec_producer', 'reg_inc_consumer', 'force_simt_template', 'enable_linearize']!
[WARNING] Please DO NOT tune args ['unit_flag', 'limit_auto_multi_buffer_of_local_buffer', 'set_workspace_multibuffer', 'enable_hivm_auto_cv_balance', 'tile_mix_vector_loop', 'tile_mix_cube_loop', 'num_warps', 'num_ctas', 'num_stages', 'num_buffers_warp_spec', 'num_consumer_groups', 'reg_dec_producer', 'reg_inc_consumer', 'force_simt_template', 'enable_linearize']!
[WARNING] Please DO NOT tune args ['unit_flag', 'limit_auto_multi_buffer_of_local_buffer', 'set_workspace_multibuffer', 'enable_hivm_auto_cv_balance', 'tile_mix_vector_loop', 'tile_mix_cube_loop', 'num_warps', 'num_ctas', 'num_stages', 'num_buffers_warp_spec', 'num_consumer_groups', 'reg_dec_producer', 'reg_inc_consumer', 'force_simt_template', 'enable_linearize']!
[WARNING] Please DO NOT tune args ['unit_flag', 'limit_auto_multi_buffer_of_local_buffer', 'set_workspace_multibuffer', 'enable_hivm_auto_cv_balance', 'tile_mix_vector_loop', 'tile_mix_cube_loop', 'num_warps', 'num_ctas', 'num_stages', 'num_buffers_warp_spec', 'num_consumer_groups', 'reg_dec_producer', 'reg_inc_consumer', 'force_simt_template', 'enable_linearize']!
[WARNING] Please DO NOT tune args ['unit_flag', 'limit_auto_multi_buffer_of_local_buffer', 'set_workspace_multibuffer', 'enable_hivm_auto_cv_balance', 'tile_mix_vector_loop', 'tile_mix_cube_loop', 'num_warps', 'num_ctas', 'num_stages', 'num_buffers_warp_spec', 'num_consumer_groups', 'reg_dec_producer', 'reg_inc_consumer', 'force_simt_template', 'enable_linearize']!

  0%|          | 4/2000 [02:30<13:51:57, 25.01s/it]
                                                   
{'loss': '2.502', 'grad_norm': '1.417', 'learning_rate': '1.5e-07', 'epoch': '0.032'}

  0%|          | 4/2000 [02:30<13:51:57, 25.01s/it][WARNING] Please DO NOT tune args ['unit_flag', 'limit_auto_multi_buffer_of_local_buffer', 'set_workspace_multibuffer', 'enable_hivm_auto_cv_balance', 'tile_mix_vector_loop', 'tile_mix_cube_loop', 'num_warps', 'num_ctas', 'num_stages', 'num_buffers_warp_spec', 'num_consumer_groups', 'reg_dec_producer', 'reg_inc_consumer', 'force_simt_template', 'enable_linearize']!
[WARNING] Please DO NOT tune args ['unit_flag', 'limit_auto_multi_buffer_of_local_buffer', 'set_workspace_multibuffer', 'enable_hivm_auto_cv_balance', 'tile_mix_vector_loop', 'tile_mix_cube_loop', 'num_warps', 'num_ctas', 'num_stages', 'num_buffers_warp_spec', 'num_consumer_groups', 'reg_dec_producer', 'reg_inc_consumer', 'force_simt_template', 'enable_linearize']!
[WARNING] Please DO NOT tune args ['unit_flag', 'limit_auto_multi_buffer_of_local_buffer', 'set_workspace_multibuffer', 'enable_hivm_auto_cv_balance', 'tile_mix_vector_loop', 'tile_mix_cube_loop', 'num_warps', 'num_ctas', 'num_stages', 'num_buffers_warp_spec', 'num_consumer_groups', 'reg_dec_producer', 'reg_inc_consumer', 'force_simt_template', 'enable_linearize']!
[WARNING] Please DO NOT tune args ['unit_flag', 'limit_auto_multi_buffer_of_local_buffer', 'set_workspace_multibuffer', 'enable_hivm_auto_cv_balance', 'tile_mix_vector_loop', 'tile_mix_cube_loop', 'num_warps', 'num_ctas', 'num_stages', 'num_buffers_warp_spec', 'num_consumer_groups', 'reg_dec_producer', 'reg_inc_consumer', 'force_simt_template', 'enable_linearize']!

  0%|          | 5/2000 [02:49<12:30:03, 22.56s/it]
                                                   
{'loss': '1.333', 'grad_norm': '0.5494', 'learning_rate': '2e-07', 'epoch': '0.04'}

  0%|          | 5/2000 [02:49<12:30:03, 22.56s/it][WARNING] Please DO NOT tune args ['unit_flag', 'limit_auto_multi_buffer_of_local_buffer', 'set_workspace_multibuffer', 'enable_hivm_auto_cv_balance', 'tile_mix_vector_loop', 'tile_mix_cube_loop', 'num_warps', 'num_ctas', 'num_stages', 'num_buffers_warp_spec', 'num_consumer_groups', 'reg_dec_producer', 'reg_inc_consumer', 'force_simt_template', 'enable_linearize']!

  0%|          | 6/2000 [02:59<10:18:34, 18.61s/it]
                                                   
{'loss': '1.596', 'grad_norm': '0.6199', 'learning_rate': '2.5e-07', 'epoch': '0.048'}

  0%|          | 6/2000 [03:00<10:18:34, 18.61s/it][WARNING] Please DO NOT tune args ['unit_flag', 'limit_auto_multi_buffer_of_local_buffer', 'set_workspace_multibuffer', 'enable_hivm_auto_cv_balance', 'tile_mix_vector_loop', 'tile_mix_cube_loop', 'num_warps', 'num_ctas', 'num_stages', 'num_buffers_warp_spec', 'num_consumer_groups', 'reg_dec_producer', 'reg_inc_consumer', 'force_simt_template', 'enable_linearize']!
[WARNING] Please DO NOT tune args ['unit_flag', 'limit_auto_multi_buffer_of_local_buffer', 'set_workspace_multibuffer', 'enable_hivm_auto_cv_balance', 'tile_mix_vector_loop', 'tile_mix_cube_loop', 'num_warps', 'num_ctas', 'num_stages', 'num_buffers_warp_spec', 'num_consumer_groups', 'reg_dec_producer', 'reg_inc_consumer', 'force_simt_template', 'enable_linearize']!
[WARNING] Please DO NOT tune args ['unit_flag', 'limit_auto_multi_buffer_of_local_buffer', 'set_workspace_multibuffer', 'enable_hivm_auto_cv_balance', 'tile_mix_vector_loop', 'tile_mix_cube_loop', 'num_warps', 'num_ctas', 'num_stages', 'num_buffers_warp_spec', 'num_consumer_groups', 'reg_dec_producer', 'reg_inc_consumer', 'force_simt_template', 'enable_linearize']!

  0%|          | 7/2000 [03:10<8:47:21, 15.88s/it] 
                                                  
{'loss': '1.613', 'grad_norm': '0.8895', 'learning_rate': '3e-07', 'epoch': '0.056'}

  0%|          | 7/2000 [03:10<8:47:21, 15.88s/it][WARNING] Please DO NOT tune args ['unit_flag', 'limit_auto_multi_buffer_of_local_buffer', 'set_workspace_multibuffer', 'enable_hivm_auto_cv_balance', 'tile_mix_vector_loop', 'tile_mix_cube_loop', 'num_warps', 'num_ctas', 'num_stages', 'num_buffers_warp_spec', 'num_consumer_groups', 'reg_dec_producer', 'reg_inc_consumer', 'force_simt_template', 'enable_linearize']!
[WARNING] Please DO NOT tune args ['unit_flag', 'limit_auto_multi_buffer_of_local_buffer', 'set_workspace_multibuffer', 'enable_hivm_auto_cv_balance', 'tile_mix_vector_loop', 'tile_mix_cube_loop', 'num_warps', 'num_ctas', 'num_stages', 'num_buffers_warp_spec', 'num_consumer_groups', 'reg_dec_producer', 'reg_inc_consumer', 'force_simt_template', 'enable_linearize']!
[WARNING] Please DO NOT tune args ['unit_flag', 'limit_auto_multi_buffer_of_local_buffer', 'set_workspace_multibuffer', 'enable_hivm_auto_cv_balance', 'tile_mix_vector_loop', 'tile_mix_cube_loop', 'num_warps', 'num_ctas', 'num_stages', 'num_buffers_warp_spec', 'num_consumer_groups', 'reg_dec_producer', 'reg_inc_consumer', 'force_simt_template', 'enable_linearize']!

  0%|          | 8/2000 [03:21<8:01:10, 14.49s/it]
                                                  
{'loss': '1.471', 'grad_norm': '0.6258', 'learning_rate': '3.5e-07', 'epoch': '0.064'}

  0%|          | 8/2000 [03:21<8:01:10, 14.49s/it][WARNING] Please DO NOT tune args ['unit_flag', 'limit_auto_multi_buffer_of_local_buffer', 'set_workspace_multibuffer', 'enable_hivm_auto_cv_balance', 'tile_mix_vector_loop', 'tile_mix_cube_loop', 'num_warps', 'num_ctas', 'num_stages', 'num_buffers_warp_spec', 'num_consumer_groups', 'reg_dec_producer', 'reg_inc_consumer', 'force_simt_template', 'enable_linearize']!
[WARNING] Please DO NOT tune args ['unit_flag', 'limit_auto_multi_buffer_of_local_buffer', 'set_workspace_multibuffer', 'enable_hivm_auto_cv_balance', 'tile_mix_vector_loop', 'tile_mix_cube_loop', 'num_warps', 'num_ctas', 'num_stages', 'num_buffers_warp_spec', 'num_consumer_groups', 'reg_dec_producer', 'reg_inc_consumer', 'force_simt_template', 'enable_linearize']!
[WARNING] Please DO NOT tune args ['unit_flag', 'limit_auto_multi_buffer_of_local_buffer', 'set_workspace_multibuffer', 'enable_hivm_auto_cv_balance', 'tile_mix_vector_loop', 'tile_mix_cube_loop', 'num_warps', 'num_ctas', 'num_stages', 'num_buffers_warp_spec', 'num_consumer_groups', 'reg_dec_producer', 'reg_inc_consumer', 'force_simt_template', 'enable_linearize']!

  0%|          | 9/2000 [03:37<8:14:18, 14.90s/it]
                                                  
{'loss': '1.699', 'grad_norm': '0.6824', 'learning_rate': '4e-07', 'epoch': '0.072'}

  0%|          | 9/2000 [03:37<8:14:18, 14.90s/it][WARNING] Please DO NOT tune args ['unit_flag', 'limit_auto_multi_buffer_of_local_buffer', 'set_workspace_multibuffer', 'enable_hivm_auto_cv_balance', 'tile_mix_vector_loop', 'tile_mix_cube_loop', 'num_warps', 'num_ctas', 'num_stages', 'num_buffers_warp_spec', 'num_consumer_groups', 'reg_dec_producer', 'reg_inc_consumer', 'force_simt_template', 'enable_linearize']!
[WARNING] Please DO NOT tune args ['unit_flag', 'limit_auto_multi_buffer_of_local_buffer', 'set_workspace_multibuffer', 'enable_hivm_auto_cv_balance', 'tile_mix_vector_loop', 'tile_mix_cube_loop', 'num_warps', 'num_ctas', 'num_stages', 'num_buffers_warp_spec', 'num_consumer_groups', 'reg_dec_producer', 'reg_inc_consumer', 'force_simt_template', 'enable_linearize']!
[WARNING] Please DO NOT tune args ['unit_flag', 'limit_auto_multi_buffer_of_local_buffer', 'set_workspace_multibuffer', 'enable_hivm_auto_cv_balance', 'tile_mix_vector_loop', 'tile_mix_cube_loop', 'num_warps', 'num_ctas', 'num_stages', 'num_buffers_warp_spec', 'num_consumer_groups', 'reg_dec_producer', 'reg_inc_consumer', 'force_simt_template', 'enable_linearize']!

  0%|          | 10/2000 [03:48<7:33:06, 13.66s/it]
                                                   
{'loss': '1.238', 'grad_norm': '0.6226', 'learning_rate': '4.5e-07', 'epoch': '0.08'}

  0%|          | 10/2000 [03:48<7:33:06, 13.66s/it][WARNING] Please DO NOT tune args ['unit_flag', 'limit_auto_multi_buffer_of_local_buffer', 'set_workspace_multibuffer', 'enable_hivm_auto_cv_balance', 'tile_mix_vector_loop', 'tile_mix_cube_loop', 'num_warps', 'num_ctas', 'num_stages', 'num_buffers_warp_spec', 'num_consumer_groups', 'reg_dec_producer', 'reg_inc_consumer', 'force_simt_template', 'enable_linearize']!

  1%|          | 11/2000 [03:58<6:58:51, 12.64s/it]
                                                   
{'loss': '1.442', 'grad_norm': '0.7601', 'learning_rate': '5e-07', 'epoch': '0.088'}

  1%|          | 11/2000 [03:58<6:58:51, 12.64s/it][WARNING] Please DO NOT tune args ['unit_flag', 'limit_auto_multi_buffer_of_local_buffer', 'set_workspace_multibuffer', 'enable_hivm_auto_cv_balance', 'tile_mix_vector_loop', 'tile_mix_cube_loop', 'num_warps', 'num_ctas', 'num_stages', 'num_buffers_warp_spec', 'num_consumer_groups', 'reg_dec_producer', 'reg_inc_consumer', 'force_simt_template', 'enable_linearize']![WARNING] Please DO NOT tune args ['unit_flag', 'limit_auto_multi_buffer_of_local_buffer', 'set_workspace_multibuffer', 'enable_hivm_auto_cv_balance', 'tile_mix_vector_loop', 'tile_mix_cube_loop', 'num_warps', 'num_ctas', 'num_stages', 'num_buffers_warp_spec', 'num_consumer_groups', 'reg_dec_producer', 'reg_inc_consumer', 'force_simt_template', 'enable_linearize']!

[WARNING] Please DO NOT tune args ['unit_flag', 'limit_auto_multi_buffer_of_local_buffer', 'set_workspace_multibuffer', 'enable_hivm_auto_cv_balance', 'tile_mix_vector_loop', 'tile_mix_cube_loop', 'num_warps', 'num_ctas', 'num_stages', 'num_buffers_warp_spec', 'num_consumer_groups', 'reg_dec_producer', 'reg_inc_consumer', 'force_simt_template', 'enable_linearize']!

  1%|          | 12/2000 [04:08<6:33:28, 11.88s/it]
                                                   
{'loss': '1.663', 'grad_norm': '0.5502', 'learning_rate': '5.5e-07', 'epoch': '0.096'}

  1%|          | 12/2000 [04:08<6:33:28, 11.88s/it][WARNING] Please DO NOT tune args ['unit_flag', 'limit_auto_multi_buffer_of_local_buffer', 'set_workspace_multibuffer', 'enable_hivm_auto_cv_balance', 'tile_mix_vector_loop', 'tile_mix_cube_loop', 'num_warps', 'num_ctas', 'num_stages', 'num_buffers_warp_spec', 'num_consumer_groups', 'reg_dec_producer', 'reg_inc_consumer', 'force_simt_template', 'enable_linearize']![WARNING] Please DO NOT tune args ['unit_flag', 'limit_auto_multi_buffer_of_local_buffer', 'set_workspace_multibuffer', 'enable_hivm_auto_cv_balance', 'tile_mix_vector_loop', 'tile_mix_cube_loop', 'num_warps', 'num_ctas', 'num_stages', 'num_buffers_warp_spec', 'num_consumer_groups', 'reg_dec_producer', 'reg_inc_consumer', 'force_simt_template', 'enable_linearize']!

[WARNING] Please DO NOT tune args ['unit_flag', 'limit_auto_multi_buffer_of_local_buffer', 'set_workspace_multibuffer', 'enable_hivm_auto_cv_balance', 'tile_mix_vector_loop', 'tile_mix_cube_loop', 'num_warps', 'num_ctas', 'num_stages', 'num_buffers_warp_spec', 'num_consumer_groups', 'reg_dec_producer', 'reg_inc_consumer', 'force_simt_template', 'enable_linearize']!
[WARNING] Please DO NOT tune args ['unit_flag', 'limit_auto_multi_buffer_of_local_buffer', 'set_workspace_multibuffer', 'enable_hivm_auto_cv_balance', 'tile_mix_vector_loop', 'tile_mix_cube_loop', 'num_warps', 'num_ctas', 'num_stages', 'num_buffers_warp_spec', 'num_consumer_groups', 'reg_dec_producer', 'reg_inc_consumer', 'force_simt_template', 'enable_linearize']!

  1%|          | 13/2000 [04:20<6:34:57, 11.93s/it]
                                                   
{'loss': '1.184', 'grad_norm': '0.4812', 'learning_rate': '6e-07', 'epoch': '0.104'}

  1%|          | 13/2000 [04:20<6:34:57, 11.93s/it]
  1%|          | 14/2000 [04:29<5:56:47, 10.78s/it]
                                                   
{'loss': '1.52', 'grad_norm': '1.081', 'learning_rate': '6.5e-07', 'epoch': '0.112'}

  1%|          | 14/2000 [04:29<5:56:47, 10.78s/it]
  1%|          | 15/2000 [04:37<5:32:35, 10.05s/it]
                                                   
{'loss': '1.301', 'grad_norm': '0.3568', 'learning_rate': '7e-07', 'epoch': '0.12'}

  1%|          | 15/2000 [04:37<5:32:35, 10.05s/it][WARNING] Please DO NOT tune args ['unit_flag', 'limit_auto_multi_buffer_of_local_buffer', 'set_workspace_multibuffer', 'enable_hivm_auto_cv_balance', 'tile_mix_vector_loop', 'tile_mix_cube_loop', 'num_warps', 'num_ctas', 'num_stages', 'num_buffers_warp_spec', 'num_consumer_groups', 'reg_dec_producer', 'reg_inc_consumer', 'force_simt_template', 'enable_linearize']!
[WARNING] Please DO NOT tune args ['unit_flag', 'limit_auto_multi_buffer_of_local_buffer', 'set_workspace_multibuffer', 'enable_hivm_auto_cv_balance', 'tile_mix_vector_loop', 'tile_mix_cube_loop', 'num_warps', 'num_ctas', 'num_stages', 'num_buffers_warp_spec', 'num_consumer_groups', 'reg_dec_producer', 'reg_inc_consumer', 'force_simt_template', 'enable_linearize']!

  1%|          | 16/2000 [04:47<5:37:29, 10.21s/it]
                                                   
{'loss': '1.474', 'grad_norm': '0.8955', 'learning_rate': '7.5e-07', 'epoch': '0.128'}

  1%|          | 16/2000 [04:48<5:37:29, 10.21s/it][WARNING] Please DO NOT tune args ['unit_flag', 'limit_auto_multi_buffer_of_local_buffer', 'set_workspace_multibuffer', 'enable_hivm_auto_cv_balance', 'tile_mix_vector_loop', 'tile_mix_cube_loop', 'num_warps', 'num_ctas', 'num_stages', 'num_buffers_warp_spec', 'num_consumer_groups', 'reg_dec_producer', 'reg_inc_consumer', 'force_simt_template', 'enable_linearize']!
[WARNING] Please DO NOT tune args ['unit_flag', 'limit_auto_multi_buffer_of_local_buffer', 'set_workspace_multibuffer', 'enable_hivm_auto_cv_balance', 'tile_mix_vector_loop', 'tile_mix_cube_loop', 'num_warps', 'num_ctas', 'num_stages', 'num_buffers_warp_spec', 'num_consumer_groups', 'reg_dec_producer', 'reg_inc_consumer', 'force_simt_template', 'enable_linearize']!

  1%|          | 17/2000 [04:57<5:30:22, 10.00s/it]
                                                   
{'loss': '1.571', 'grad_norm': '0.8088', 'learning_rate': '8e-07', 'epoch': '0.136'}

  1%|          | 17/2000 [04:57<5:30:22, 10.00s/it][WARNING] Please DO NOT tune args ['unit_flag', 'limit_auto_multi_buffer_of_local_buffer', 'set_workspace_multibuffer', 'enable_hivm_auto_cv_balance', 'tile_mix_vector_loop', 'tile_mix_cube_loop', 'num_warps', 'num_ctas', 'num_stages', 'num_buffers_warp_spec', 'num_consumer_groups', 'reg_dec_producer', 'reg_inc_consumer', 'force_simt_template', 'enable_linearize']!

  1%|          | 18/2000 [05:09<5:47:57, 10.53s/it]
                                                   
{'loss': '1.445', 'grad_norm': '0.3237', 'learning_rate': '8.5e-07', 'epoch': '0.144'}

  1%|          | 18/2000 [05:09<5:47:57, 10.53s/it][WARNING] Please DO NOT tune args ['unit_flag', 'limit_auto_multi_buffer_of_local_buffer', 'set_workspace_multibuffer', 'enable_hivm_auto_cv_balance', 'tile_mix_vector_loop', 'tile_mix_cube_loop', 'num_warps', 'num_ctas', 'num_stages', 'num_buffers_warp_spec', 'num_consumer_groups', 'reg_dec_producer', 'reg_inc_consumer', 'force_simt_template', 'enable_linearize']!

  1%|          | 19/2000 [05:17<5:27:08,  9.91s/it]
                                                   
{'loss': '1.998', 'grad_norm': '0.8979', 'learning_rate': '9e-07', 'epoch': '0.152'}

  1%|          | 19/2000 [05:17<5:27:08,  9.91s/it]
  1%|          | 20/2000 [05:25<5:08:14,  9.34s/it]
                                                   
{'loss': '1.307', 'grad_norm': '0.5671', 'learning_rate': '9.5e-07', 'epoch': '0.16'}

  1%|          | 20/2000 [05:25<5:08:14,  9.34s/it][WARNING] Please DO NOT tune args ['unit_flag', 'limit_auto_multi_buffer_of_local_buffer', 'set_workspace_multibuffer', 'enable_hivm_auto_cv_balance', 'tile_mix_vector_loop', 'tile_mix_cube_loop', 'num_warps', 'num_ctas', 'num_stages', 'num_buffers_warp_spec', 'num_consumer_groups', 'reg_dec_producer', 'reg_inc_consumer', 'force_simt_template', 'enable_linearize']!

  1%|          | 21/2000 [05:35<5:07:52,  9.33s/it]
                                                   
{'loss': '1.619', 'grad_norm': '0.6632', 'learning_rate': '1e-06', 'epoch': '0.168'}

  1%|          | 21/2000 [05:35<5:07:52,  9.33s/it]
  1%|          | 22/2000 [05:42<4:48:01,  8.74s/it]
                                                   
{'loss': '1.427', 'grad_norm': '0.6246', 'learning_rate': '1.05e-06', 'epoch': '0.176'}

  1%|          | 22/2000 [05:42<4:48:01,  8.74s/it]
  1%|          | 23/2000 [05:51<4:48:52,  8.77s/it]
                                                   
{'loss': '1.758', 'grad_norm': '0.7662', 'learning_rate': '1.1e-06', 'epoch': '0.184'}

  1%|          | 23/2000 [05:51<4:48:52,  8.77s/it]
  1%|          | 24/2000 [06:00<4:56:08,  8.99s/it]
                                                   
{'loss': '1.317', 'grad_norm': '0.5048', 'learning_rate': '1.15e-06', 'epoch': '0.192'}

  1%|          | 24/2000 [06:00<4:56:08,  8.99s/it][WARNING] Please DO NOT tune args ['unit_flag', 'limit_auto_multi_buffer_of_local_buffer', 'set_workspace_multibuffer', 'enable_hivm_auto_cv_balance', 'tile_mix_vector_loop', 'tile_mix_cube_loop', 'num_warps', 'num_ctas', 'num_stages', 'num_buffers_warp_spec', 'num_consumer_groups', 'reg_dec_producer', 'reg_inc_consumer', 'force_simt_template', 'enable_linearize']!

  1%|▏         | 25/2000 [06:08<4:47:20,  8.73s/it]
                                                   
{'loss': '1.435', 'grad_norm': '0.5166', 'learning_rate': '1.2e-06', 'epoch': '0.2'}

  1%|▏         | 25/2000 [06:08<4:47:20,  8.73s/it]
  1%|▏         | 26/2000 [06:17<4:47:50,  8.75s/it]
                                                   
{'loss': '1.589', 'grad_norm': '0.612', 'learning_rate': '1.25e-06', 'epoch': '0.208'}

  1%|▏         | 26/2000 [06:17<4:47:50,  8.75s/it]
  1%|▏         | 27/2000 [06:26<4:44:18,  8.65s/it]
                                                   
{'loss': '1.609', 'grad_norm': '0.8586', 'learning_rate': '1.3e-06', 'epoch': '0.216'}

  1%|▏         | 27/2000 [06:26<4:44:18,  8.65s/it]
  1%|▏         | 28/2000 [06:33<4:36:35,  8.42s/it]
                                                   
{'loss': '1.529', 'grad_norm': '0.5235', 'learning_rate': '1.35e-06', 'epoch': '0.224'}

  1%|▏         | 28/2000 [06:33<4:36:35,  8.42s/it]
  1%|▏         | 29/2000 [06:42<4:40:41,  8.54s/it]
                                                   
{'loss': '1.702', 'grad_norm': '0.821', 'learning_rate': '1.4e-06', 'epoch': '0.232'}

  1%|▏         | 29/2000 [06:42<4:40:41,  8.54s/it]
  2%|▏         | 30/2000 [06:51<4:42:47,  8.61s/it]
                                                   
{'loss': '1.279', 'grad_norm': '0.6947', 'learning_rate': '1.45e-06', 'epoch': '0.24'}

  2%|▏         | 30/2000 [06:51<4:42:47,  8.61s/it]
  2%|▏         | 31/2000 [07:00<4:42:34,  8.61s/it]
                                                   
{'loss': '1.67', 'grad_norm': '0.9383', 'learning_rate': '1.5e-06', 'epoch': '0.248'}

  2%|▏         | 31/2000 [07:00<4:42:34,  8.61s/it][WARNING] Please DO NOT tune args ['unit_flag', 'limit_auto_multi_buffer_of_local_buffer', 'set_workspace_multibuffer', 'enable_hivm_auto_cv_balance', 'tile_mix_vector_loop', 'tile_mix_cube_loop', 'num_warps', 'num_ctas', 'num_stages', 'num_buffers_warp_spec', 'num_consumer_groups', 'reg_dec_producer', 'reg_inc_consumer', 'force_simt_template', 'enable_linearize']!

  2%|▏         | 32/2000 [07:09<4:45:08,  8.69s/it]
                                                   
{'loss': '1.273', 'grad_norm': '0.4728', 'learning_rate': '1.55e-06', 'epoch': '0.256'}

  2%|▏         | 32/2000 [07:09<4:45:08,  8.69s/it]
  2%|▏         | 33/2000 [07:17<4:46:04,  8.73s/it]
                                                   
{'loss': '1.445', 'grad_norm': '0.8761', 'learning_rate': '1.6e-06', 'epoch': '0.264'}

  2%|▏         | 33/2000 [07:17<4:46:04,  8.73s/it][WARNING] Please DO NOT tune args ['unit_flag', 'limit_auto_multi_buffer_of_local_buffer', 'set_workspace_multibuffer', 'enable_hivm_auto_cv_balance', 'tile_mix_vector_loop', 'tile_mix_cube_loop', 'num_warps', 'num_ctas', 'num_stages', 'num_buffers_warp_spec', 'num_consumer_groups', 'reg_dec_producer', 'reg_inc_consumer', 'force_simt_template', 'enable_linearize']!

  2%|▏         | 34/2000 [07:26<4:48:10,  8.79s/it]
                                                   
{'loss': '1.708', 'grad_norm': '0.6969', 'learning_rate': '1.65e-06', 'epoch': '0.272'}

  2%|▏         | 34/2000 [07:26<4:48:10,  8.79s/it]
  2%|▏         | 35/2000 [07:36<4:52:17,  8.92s/it]
                                                   
{'loss': '1.401', 'grad_norm': '0.5369', 'learning_rate': '1.7e-06', 'epoch': '0.28'}

  2%|▏         | 35/2000 [07:36<4:52:17,  8.92s/it]
  2%|▏         | 36/2000 [07:44<4:45:01,  8.71s/it]
                                                   
{'loss': '1.975', 'grad_norm': '1.509', 'learning_rate': '1.75e-06', 'epoch': '0.288'}

  2%|▏         | 36/2000 [07:44<4:45:01,  8.71s/it]
  2%|▏         | 37/2000 [07:52<4:44:35,  8.70s/it]
                                                   
{'loss': '1.714', 'grad_norm': '0.899', 'learning_rate': '1.8e-06', 'epoch': '0.296'}

  2%|▏         | 37/2000 [07:52<4:44:35,  8.70s/it][WARNING] Please DO NOT tune args ['unit_flag', 'limit_auto_multi_buffer_of_local_buffer', 'set_workspace_multibuffer', 'enable_hivm_auto_cv_balance', 'tile_mix_vector_loop', 'tile_mix_cube_loop', 'num_warps', 'num_ctas', 'num_stages', 'num_buffers_warp_spec', 'num_consumer_groups', 'reg_dec_producer', 'reg_inc_consumer', 'force_simt_template', 'enable_linearize']!

  2%|▏         | 38/2000 [08:02<4:48:01,  8.81s/it]
                                                   
{'loss': '1.117', 'grad_norm': '0.2825', 'learning_rate': '1.85e-06', 'epoch': '0.304'}

  2%|▏         | 38/2000 [08:02<4:48:01,  8.81s/it]
  2%|▏         | 39/2000 [08:10<4:49:12,  8.85s/it]
                                                   
{'loss': '1.566', 'grad_norm': '0.943', 'learning_rate': '1.9e-06', 'epoch': '0.312'}

  2%|▏         | 39/2000 [08:11<4:49:12,  8.85s/it]
  2%|▏         | 40/2000 [08:19<4:50:24,  8.89s/it]
                                                   
{'loss': '1.471', 'grad_norm': '0.7125', 'learning_rate': '1.95e-06', 'epoch': '0.32'}

  2%|▏         | 40/2000 [08:20<4:50:24,  8.89s/it]
  2%|▏         | 41/2000 [08:28<4:45:42,  8.75s/it]
                                                   
{'loss': '1.022', 'grad_norm': '0.4775', 'learning_rate': '2e-06', 'epoch': '0.328'}

  2%|▏         | 41/2000 [08:28<4:45:42,  8.75s/it]
  2%|▏         | 42/2000 [08:36<4:43:02,  8.67s/it]
                                                   
{'loss': '1.469', 'grad_norm': '0.7314', 'learning_rate': '2.05e-06', 'epoch': '0.336'}

  2%|▏         | 42/2000 [08:36<4:43:02,  8.67s/it][WARNING] Please DO NOT tune args ['unit_flag', 'limit_auto_multi_buffer_of_local_buffer', 'set_workspace_multibuffer', 'enable_hivm_auto_cv_balance', 'tile_mix_vector_loop', 'tile_mix_cube_loop', 'num_warps', 'num_ctas', 'num_stages', 'num_buffers_warp_spec', 'num_consumer_groups', 'reg_dec_producer', 'reg_inc_consumer', 'force_simt_template', 'enable_linearize']!

  2%|▏         | 43/2000 [08:54<6:11:17, 11.38s/it]
                                                   
{'loss': '1.647', 'grad_norm': '1.021', 'learning_rate': '2.1e-06', 'epoch': '0.344'}

  2%|▏         | 43/2000 [08:54<6:11:17, 11.38s/it][WARNING] Please DO NOT tune args ['unit_flag', 'limit_auto_multi_buffer_of_local_buffer', 'set_workspace_multibuffer', 'enable_hivm_auto_cv_balance', 'tile_mix_vector_loop', 'tile_mix_cube_loop', 'num_warps', 'num_ctas', 'num_stages', 'num_buffers_warp_spec', 'num_consumer_groups', 'reg_dec_producer', 'reg_inc_consumer', 'force_simt_template', 'enable_linearize']!

  2%|▏         | 44/2000 [09:03<5:49:20, 10.72s/it]
                                                   
{'loss': '1.169', 'grad_norm': '0.5305', 'learning_rate': '2.15e-06', 'epoch': '0.352'}

  2%|▏         | 44/2000 [09:03<5:49:20, 10.72s/it]
  2%|▏         | 45/2000 [09:11<5:25:02,  9.98s/it]
                                                   
{'loss': '1.611', 'grad_norm': '0.6938', 'learning_rate': '2.2e-06', 'epoch': '0.36'}

  2%|▏         | 45/2000 [09:12<5:25:02,  9.98s/it]
  2%|▏         | 46/2000 [09:20<5:12:38,  9.60s/it]
                                                   
{'loss': '1.798', 'grad_norm': '1.208', 'learning_rate': '2.25e-06', 'epoch': '0.368'}

  2%|▏         | 46/2000 [09:20<5:12:38,  9.60s/it][WARNING] Please DO NOT tune args ['unit_flag', 'limit_auto_multi_buffer_of_local_buffer', 'set_workspace_multibuffer', 'enable_hivm_auto_cv_balance', 'tile_mix_vector_loop', 'tile_mix_cube_loop', 'num_warps', 'num_ctas', 'num_stages', 'num_buffers_warp_spec', 'num_consumer_groups', 'reg_dec_producer', 'reg_inc_consumer', 'force_simt_template', 'enable_linearize']!

  2%|▏         | 47/2000 [09:32<5:29:24, 10.12s/it]
                                                   
{'loss': '1.795', 'grad_norm': '1.36', 'learning_rate': '2.3e-06', 'epoch': '0.376'}

  2%|▏         | 47/2000 [09:32<5:29:24, 10.12s/it]
  2%|▏         | 48/2000 [09:40<5:15:59,  9.71s/it]
                                                   
{'loss': '1.239', 'grad_norm': '0.7972', 'learning_rate': '2.35e-06', 'epoch': '0.384'}

  2%|▏         | 48/2000 [09:40<5:15:59,  9.71s/it]
  2%|▏         | 49/2000 [09:49<5:07:01,  9.44s/it]
                                                   
{'loss': '1.479', 'grad_norm': '0.3732', 'learning_rate': '2.4e-06', 'epoch': '0.392'}

  2%|▏         | 49/2000 [09:49<5:07:01,  9.44s/it]
  2%|▎         | 50/2000 [09:58<5:00:53,  9.26s/it]
                                                   
{'loss': '1.394', 'grad_norm': '0.614', 'learning_rate': '2.45e-06', 'epoch': '0.4'}

  2%|▎         | 50/2000 [09:58<5:00:53,  9.26s/it]
  3%|▎         | 51/2000 [10:06<4:49:00,  8.90s/it]
                                                   
{'loss': '1.539', 'grad_norm': '0.9685', 'learning_rate': '2.5e-06', 'epoch': '0.408'}

  3%|▎         | 51/2000 [10:06<4:49:00,  8.90s/it]
  3%|▎         | 52/2000 [10:15<4:53:13,  9.03s/it]
                                                   
{'loss': '1.434', 'grad_norm': '0.494', 'learning_rate': '2.55e-06', 'epoch': '0.416'}

  3%|▎         | 52/2000 [10:15<4:53:13,  9.03s/it][WARNING] Please DO NOT tune args ['unit_flag', 'limit_auto_multi_buffer_of_local_buffer', 'set_workspace_multibuffer', 'enable_hivm_auto_cv_balance', 'tile_mix_vector_loop', 'tile_mix_cube_loop', 'num_warps', 'num_ctas', 'num_stages', 'num_buffers_warp_spec', 'num_consumer_groups', 'reg_dec_producer', 'reg_inc_consumer', 'force_simt_template', 'enable_linearize']!

  3%|▎         | 53/2000 [10:27<5:14:25,  9.69s/it]
                                                   
{'loss': '1.235', 'grad_norm': '0.5292', 'learning_rate': '2.6e-06', 'epoch': '0.424'}

  3%|▎         | 53/2000 [10:27<5:14:25,  9.69s/it]
  3%|▎         | 54/2000 [10:35<5:03:33,  9.36s/it]
                                                   
{'loss': '1.39', 'grad_norm': '0.7418', 'learning_rate': '2.65e-06', 'epoch': '0.432'}

  3%|▎         | 54/2000 [10:35<5:03:33,  9.36s/it]
  3%|▎         | 55/2000 [10:44<4:57:59,  9.19s/it]
                                                   
{'loss': '1.602', 'grad_norm': '0.7946', 'learning_rate': '2.7e-06', 'epoch': '0.44'}

  3%|▎         | 55/2000 [10:44<4:57:59,  9.19s/it]
  3%|▎         | 56/2000 [10:53<4:53:23,  9.06s/it]
                                                   
{'loss': '1.277', 'grad_norm': '0.5185', 'learning_rate': '2.75e-06', 'epoch': '0.448'}

  3%|▎         | 56/2000 [10:53<4:53:23,  9.06s/it]
  3%|▎         | 57/2000 [11:02<4:56:21,  9.15s/it]
                                                   
{'loss': '1.358', 'grad_norm': '0.4862', 'learning_rate': '2.8e-06', 'epoch': '0.456'}

  3%|▎         | 57/2000 [11:02<4:56:21,  9.15s/it]
  3%|▎         | 58/2000 [11:11<4:50:38,  8.98s/it]
                                                   
{'loss': '1.467', 'grad_norm': '0.7486', 'learning_rate': '2.85e-06', 'epoch': '0.464'}

  3%|▎         | 58/2000 [11:11<4:50:38,  8.98s/it]
  3%|▎         | 59/2000 [11:19<4:43:18,  8.76s/it]
                                                   
{'loss': '1.583', 'grad_norm': '0.9552', 'learning_rate': '2.9e-06', 'epoch': '0.472'}

  3%|▎         | 59/2000 [11:19<4:43:18,  8.76s/it]
  3%|▎         | 60/2000 [11:28<4:44:47,  8.81s/it]
                                                   
{'loss': '1.458', 'grad_norm': '0.7021', 'learning_rate': '2.95e-06', 'epoch': '0.48'}

  3%|▎         | 60/2000 [11:28<4:44:47,  8.81s/it]
  3%|▎         | 61/2000 [11:37<4:46:52,  8.88s/it]
                                                   
{'loss': '1.453', 'grad_norm': '0.7187', 'learning_rate': '3e-06', 'epoch': '0.488'}

  3%|▎         | 61/2000 [11:37<4:46:52,  8.88s/it][WARNING] Please DO NOT tune args ['unit_flag', 'limit_auto_multi_buffer_of_local_buffer', 'set_workspace_multibuffer', 'enable_hivm_auto_cv_balance', 'tile_mix_vector_loop', 'tile_mix_cube_loop', 'num_warps', 'num_ctas', 'num_stages', 'num_buffers_warp_spec', 'num_consumer_groups', 'reg_dec_producer', 'reg_inc_consumer', 'force_simt_template', 'enable_linearize']!

  3%|▎         | 62/2000 [11:45<4:44:09,  8.80s/it]
                                                   
{'loss': '1.696', 'grad_norm': '0.7465', 'learning_rate': '3.05e-06', 'epoch': '0.496'}

  3%|▎         | 62/2000 [11:45<4:44:09,  8.80s/it]
  3%|▎         | 63/2000 [11:53<4:35:39,  8.54s/it]
                                                   
{'loss': '1.205', 'grad_norm': '0.5808', 'learning_rate': '3.1e-06', 'epoch': '0.504'}

  3%|▎         | 63/2000 [11:53<4:35:39,  8.54s/it]
  3%|▎         | 64/2000 [12:02<4:35:49,  8.55s/it]
                                                   
{'loss': '1.623', 'grad_norm': '0.8269', 'learning_rate': '3.15e-06', 'epoch': '0.512'}

  3%|▎         | 64/2000 [12:02<4:35:49,  8.55s/it]
  3%|▎         | 65/2000 [12:11<4:36:47,  8.58s/it]
                                                   
{'loss': '1.27', 'grad_norm': '0.4484', 'learning_rate': '3.2e-06', 'epoch': '0.52'}

  3%|▎         | 65/2000 [12:11<4:36:47,  8.58s/it]
  3%|▎         | 66/2000 [12:20<4:42:44,  8.77s/it]
                                                   
{'loss': '1.591', 'grad_norm': '0.8725', 'learning_rate': '3.25e-06', 'epoch': '0.528'}

  3%|▎         | 66/2000 [12:20<4:42:44,  8.77s/it][WARNING] Please DO NOT tune args ['unit_flag', 'limit_auto_multi_buffer_of_local_buffer', 'set_workspace_multibuffer', 'enable_hivm_auto_cv_balance', 'tile_mix_vector_loop', 'tile_mix_cube_loop', 'num_warps', 'num_ctas', 'num_stages', 'num_buffers_warp_spec', 'num_consumer_groups', 'reg_dec_producer', 'reg_inc_consumer', 'force_simt_template', 'enable_linearize']!

  3%|▎         | 67/2000 [12:31<5:01:25,  9.36s/it]
                                                   
{'loss': '1.968', 'grad_norm': '1.371', 'learning_rate': '3.3e-06', 'epoch': '0.536'}

  3%|▎         | 67/2000 [12:31<5:01:25,  9.36s/it][WARNING] Please DO NOT tune args ['unit_flag', 'limit_auto_multi_buffer_of_local_buffer', 'set_workspace_multibuffer', 'enable_hivm_auto_cv_balance', 'tile_mix_vector_loop', 'tile_mix_cube_loop', 'num_warps', 'num_ctas', 'num_stages', 'num_buffers_warp_spec', 'num_consumer_groups', 'reg_dec_producer', 'reg_inc_consumer', 'force_simt_template', 'enable_linearize']!

  3%|▎         | 68/2000 [12:48<6:16:27, 11.69s/it]
                                                   
{'loss': '1.412', 'grad_norm': '0.5291', 'learning_rate': '3.35e-06', 'epoch': '0.544'}

  3%|▎         | 68/2000 [12:48<6:16:27, 11.69s/it]
  3%|▎         | 69/2000 [12:58<6:00:33, 11.20s/it]
                                                   
{'loss': '1.33', 'grad_norm': '0.7503', 'learning_rate': '3.4e-06', 'epoch': '0.552'}

  3%|▎         | 69/2000 [12:58<6:00:33, 11.20s/it]
  4%|▎         | 70/2000 [13:06<5:32:58, 10.35s/it]
                                                   
{'loss': '0.981', 'grad_norm': '0.3815', 'learning_rate': '3.45e-06', 'epoch': '0.56'}

  4%|▎         | 70/2000 [13:06<5:32:58, 10.35s/it]
  4%|▎         | 71/2000 [13:16<5:27:01, 10.17s/it]
                                                   
{'loss': '1.299', 'grad_norm': '0.76', 'learning_rate': '3.5e-06', 'epoch': '0.568'}

  4%|▎         | 71/2000 [13:16<5:27:01, 10.17s/it]
  4%|▎         | 72/2000 [13:24<5:09:03,  9.62s/it]
                                                   
{'loss': '1.303', 'grad_norm': '0.5504', 'learning_rate': '3.55e-06', 'epoch': '0.576'}

  4%|▎         | 72/2000 [13:24<5:09:03,  9.62s/it]
  4%|▎         | 73/2000 [13:33<4:57:22,  9.26s/it]
                                                   
{'loss': '1.381', 'grad_norm': '0.5775', 'learning_rate': '3.6e-06', 'epoch': '0.584'}

  4%|▎         | 73/2000 [13:33<4:57:22,  9.26s/it]
  4%|▎         | 74/2000 [13:42<5:02:26,  9.42s/it]
                                                   
{'loss': '1.358', 'grad_norm': '0.9995', 'learning_rate': '3.65e-06', 'epoch': '0.592'}

  4%|▎         | 74/2000 [13:42<5:02:26,  9.42s/it]
  4%|▍         | 75/2000 [13:51<4:50:47,  9.06s/it]
                                                   
{'loss': '1.226', 'grad_norm': '0.3958', 'learning_rate': '3.7e-06', 'epoch': '0.6'}

  4%|▍         | 75/2000 [13:51<4:50:47,  9.06s/it]
  4%|▍         | 76/2000 [14:00<4:51:06,  9.08s/it]
                                                   
{'loss': '1.467', 'grad_norm': '0.678', 'learning_rate': '3.75e-06', 'epoch': '0.608'}

  4%|▍         | 76/2000 [14:00<4:51:06,  9.08s/it]
  4%|▍         | 77/2000 [14:08<4:47:01,  8.96s/it]
                                                   
{'loss': '1.901', 'grad_norm': '1.668', 'learning_rate': '3.8e-06', 'epoch': '0.616'}

  4%|▍         | 77/2000 [14:08<4:47:01,  8.96s/it]
  4%|▍         | 78/2000 [14:17<4:42:13,  8.81s/it]
                                                   
{'loss': '1.329', 'grad_norm': '0.5985', 'learning_rate': '3.85e-06', 'epoch': '0.624'}

  4%|▍         | 78/2000 [14:17<4:42:13,  8.81s/it]
  4%|▍         | 79/2000 [14:27<4:49:39,  9.05s/it]
                                                   
{'loss': '1.406', 'grad_norm': '0.6937', 'learning_rate': '3.9e-06', 'epoch': '0.632'}

  4%|▍         | 79/2000 [14:27<4:49:39,  9.05s/it][WARNING] Please DO NOT tune args ['unit_flag', 'limit_auto_multi_buffer_of_local_buffer', 'set_workspace_multibuffer', 'enable_hivm_auto_cv_balance', 'tile_mix_vector_loop', 'tile_mix_cube_loop', 'num_warps', 'num_ctas', 'num_stages', 'num_buffers_warp_spec', 'num_consumer_groups', 'reg_dec_producer', 'reg_inc_consumer', 'force_simt_template', 'enable_linearize']!

  4%|▍         | 80/2000 [14:35<4:45:13,  8.91s/it]
                                                   
{'loss': '1.393', 'grad_norm': '0.7873', 'learning_rate': '3.95e-06', 'epoch': '0.64'}

  4%|▍         | 80/2000 [14:35<4:45:13,  8.91s/it]
  4%|▍         | 81/2000 [14:44<4:44:00,  8.88s/it]
                                                   
{'loss': '1.257', 'grad_norm': '0.3706', 'learning_rate': '4e-06', 'epoch': '0.648'}

  4%|▍         | 81/2000 [14:44<4:44:00,  8.88s/it][WARNING] Please DO NOT tune args ['unit_flag', 'limit_auto_multi_buffer_of_local_buffer', 'set_workspace_multibuffer', 'enable_hivm_auto_cv_balance', 'tile_mix_vector_loop', 'tile_mix_cube_loop', 'num_warps', 'num_ctas', 'num_stages', 'num_buffers_warp_spec', 'num_consumer_groups', 'reg_dec_producer', 'reg_inc_consumer', 'force_simt_template', 'enable_linearize']!

  4%|▍         | 82/2000 [14:57<5:26:05, 10.20s/it]
                                                   
{'loss': '1.293', 'grad_norm': '0.5916', 'learning_rate': '4.05e-06', 'epoch': '0.656'}

  4%|▍         | 82/2000 [14:57<5:26:05, 10.20s/it]
  4%|▍         | 83/2000 [15:06<5:08:47,  9.66s/it]
                                                   
{'loss': '1.263', 'grad_norm': '0.437', 'learning_rate': '4.1e-06', 'epoch': '0.664'}

  4%|▍         | 83/2000 [15:06<5:08:47,  9.66s/it][WARNING] Please DO NOT tune args ['unit_flag', 'limit_auto_multi_buffer_of_local_buffer', 'set_workspace_multibuffer', 'enable_hivm_auto_cv_balance', 'tile_mix_vector_loop', 'tile_mix_cube_loop', 'num_warps', 'num_ctas', 'num_stages', 'num_buffers_warp_spec', 'num_consumer_groups', 'reg_dec_producer', 'reg_inc_consumer', 'force_simt_template', 'enable_linearize']!

  4%|▍         | 84/2000 [15:15<5:06:01,  9.58s/it]
                                                   
{'loss': '1.267', 'grad_norm': '0.5125', 'learning_rate': '4.15e-06', 'epoch': '0.672'}

  4%|▍         | 84/2000 [15:15<5:06:01,  9.58s/it]
  4%|▍         | 85/2000 [15:24<4:57:04,  9.31s/it]
                                                   
{'loss': '1.436', 'grad_norm': '0.6281', 'learning_rate': '4.2e-06', 'epoch': '0.68'}

  4%|▍         | 85/2000 [15:24<4:57:04,  9.31s/it]
  4%|▍         | 86/2000 [15:32<4:47:07,  9.00s/it]
                                                   
{'loss': '1.327', 'grad_norm': '0.917', 'learning_rate': '4.25e-06', 'epoch': '0.688'}

  4%|▍         | 86/2000 [15:32<4:47:07,  9.00s/it]
  4%|▍         | 87/2000 [15:41<4:51:23,  9.14s/it]
                                                   
{'loss': '1.343', 'grad_norm': '1.074', 'learning_rate': '4.3e-06', 'epoch': '0.696'}

  4%|▍         | 87/2000 [15:41<4:51:23,  9.14s/it]
  4%|▍         | 88/2000 [15:49<4:39:31,  8.77s/it]
                                                   
{'loss': '1.417', 'grad_norm': '0.7864', 'learning_rate': '4.35e-06', 'epoch': '0.704'}

  4%|▍         | 88/2000 [15:49<4:39:31,  8.77s/it]
  4%|▍         | 89/2000 [15:57<4:33:27,  8.59s/it]
                                                   
{'loss': '1.817', 'grad_norm': '0.9575', 'learning_rate': '4.4e-06', 'epoch': '0.712'}

  4%|▍         | 89/2000 [15:57<4:33:27,  8.59s/it]
  4%|▍         | 90/2000 [16:07<4:42:21,  8.87s/it]
                                                   
{'loss': '1.396', 'grad_norm': '0.5903', 'learning_rate': '4.45e-06', 'epoch': '0.72'}

  4%|▍         | 90/2000 [16:07<4:42:21,  8.87s/it]
  5%|▍         | 91/2000 [16:15<4:37:46,  8.73s/it]
                                                   
{'loss': '1.714', 'grad_norm': '1.073', 'learning_rate': '4.5e-06', 'epoch': '0.728'}

  5%|▍         | 91/2000 [16:16<4:37:46,  8.73s/it]
  5%|▍         | 92/2000 [16:24<4:40:08,  8.81s/it]
                                                   
{'loss': '1.076', 'grad_norm': '0.5125', 'learning_rate': '4.55e-06', 'epoch': '0.736'}

  5%|▍         | 92/2000 [16:24<4:40:08,  8.81s/it]
  5%|▍         | 93/2000 [16:33<4:40:06,  8.81s/it]
                                                   
{'loss': '0.9727', 'grad_norm': '0.5376', 'learning_rate': '4.6e-06', 'epoch': '0.744'}

  5%|▍         | 93/2000 [16:33<4:40:06,  8.81s/it]
  5%|▍         | 94/2000 [16:41<4:29:57,  8.50s/it]
                                                   
{'loss': '1.208', 'grad_norm': '0.8753', 'learning_rate': '4.65e-06', 'epoch': '0.752'}

  5%|▍         | 94/2000 [16:41<4:29:57,  8.50s/it]
  5%|▍         | 95/2000 [16:50<4:38:08,  8.76s/it]
                                                   
{'loss': '1.235', 'grad_norm': '0.5209', 'learning_rate': '4.7e-06', 'epoch': '0.76'}

  5%|▍         | 95/2000 [16:50<4:38:08,  8.76s/it]
  5%|▍         | 96/2000 [16:59<4:38:21,  8.77s/it]
                                                   
{'loss': '0.9751', 'grad_norm': '0.4412', 'learning_rate': '4.75e-06', 'epoch': '0.768'}

  5%|▍         | 96/2000 [16:59<4:38:21,  8.77s/it]
  5%|▍         | 97/2000 [17:07<4:29:18,  8.49s/it]
                                                   
{'loss': '1.631', 'grad_norm': '0.8689', 'learning_rate': '4.8e-06', 'epoch': '0.776'}

  5%|▍         | 97/2000 [17:07<4:29:18,  8.49s/it]
  5%|▍         | 98/2000 [17:16<4:37:27,  8.75s/it]
                                                   
{'loss': '0.9839', 'grad_norm': '0.4196', 'learning_rate': '4.85e-06', 'epoch': '0.784'}

  5%|▍         | 98/2000 [17:16<4:37:27,  8.75s/it]
  5%|▍         | 99/2000 [17:25<4:33:15,  8.62s/it]
                                                   
{'loss': '1.395', 'grad_norm': '0.9882', 'learning_rate': '4.9e-06', 'epoch': '0.792'}

  5%|▍         | 99/2000 [17:25<4:33:15,  8.62s/it]
  5%|▌         | 100/2000 [17:33<4:27:49,  8.46s/it]
                                                    
{'loss': '1.328', 'grad_norm': '0.8401', 'learning_rate': '4.95e-06', 'epoch': '0.8'}

  5%|▌         | 100/2000 [17:33<4:27:49,  8.46s/it]
  5%|▌         | 101/2000 [17:42<4:33:26,  8.64s/it]
                                                    
{'loss': '0.9659', 'grad_norm': '0.4052', 'learning_rate': '5e-06', 'epoch': '0.808'}

  5%|▌         | 101/2000 [17:42<4:33:26,  8.64s/it]
  5%|▌         | 102/2000 [17:50<4:30:54,  8.56s/it]
                                                    
{'loss': '1.632', 'grad_norm': '0.8797', 'learning_rate': '5.05e-06', 'epoch': '0.816'}

  5%|▌         | 102/2000 [17:50<4:30:54,  8.56s/it]
  5%|▌         | 103/2000 [17:59<4:33:42,  8.66s/it]
                                                    
{'loss': '1.344', 'grad_norm': '1.107', 'learning_rate': '5.1e-06', 'epoch': '0.824'}

  5%|▌         | 103/2000 [17:59<4:33:42,  8.66s/it][WARNING] Please DO NOT tune args ['unit_flag', 'limit_auto_multi_buffer_of_local_buffer', 'set_workspace_multibuffer', 'enable_hivm_auto_cv_balance', 'tile_mix_vector_loop', 'tile_mix_cube_loop', 'num_warps', 'num_ctas', 'num_stages', 'num_buffers_warp_spec', 'num_consumer_groups', 'reg_dec_producer', 'reg_inc_consumer', 'force_simt_template', 'enable_linearize']!

  5%|▌         | 104/2000 [18:11<5:00:10,  9.50s/it]
                                                    
{'loss': '1.401', 'grad_norm': '0.6571', 'learning_rate': '5.15e-06', 'epoch': '0.832'}

  5%|▌         | 104/2000 [18:11<5:00:10,  9.50s/it]
  5%|▌         | 105/2000 [18:19<4:50:27,  9.20s/it]
                                                    
{'loss': '1.017', 'grad_norm': '0.637', 'learning_rate': '5.2e-06', 'epoch': '0.84'}

  5%|▌         | 105/2000 [18:19<4:50:27,  9.20s/it]
  5%|▌         | 106/2000 [18:28<4:47:57,  9.12s/it]
                                                    
{'loss': '1.259', 'grad_norm': '0.8698', 'learning_rate': '5.25e-06', 'epoch': '0.848'}

  5%|▌         | 106/2000 [18:28<4:47:57,  9.12s/it]
  5%|▌         | 107/2000 [18:37<4:42:20,  8.95s/it]
                                                    
{'loss': '1.67', 'grad_norm': '2.018', 'learning_rate': '5.3e-06', 'epoch': '0.856'}

  5%|▌         | 107/2000 [18:37<4:42:20,  8.95s/it]
  5%|▌         | 108/2000 [18:45<4:38:43,  8.84s/it]
                                                    
{'loss': '1.308', 'grad_norm': '0.5911', 'learning_rate': '5.35e-06', 'epoch': '0.864'}

  5%|▌         | 108/2000 [18:45<4:38:43,  8.84s/it]
  5%|▌         | 109/2000 [18:54<4:38:29,  8.84s/it]
                                                    
{'loss': '1.734', 'grad_norm': '0.9138', 'learning_rate': '5.4e-06', 'epoch': '0.872'}

  5%|▌         | 109/2000 [18:54<4:38:29,  8.84s/it]
  6%|▌         | 110/2000 [19:03<4:39:49,  8.88s/it]
                                                    
{'loss': '1.35', 'grad_norm': '0.9163', 'learning_rate': '5.45e-06', 'epoch': '0.88'}

  6%|▌         | 110/2000 [19:03<4:39:49,  8.88s/it]
  6%|▌         | 111/2000 [19:12<4:36:59,  8.80s/it]
                                                    
{'loss': '1.401', 'grad_norm': '0.9756', 'learning_rate': '5.5e-06', 'epoch': '0.888'}

  6%|▌         | 111/2000 [19:12<4:36:59,  8.80s/it]
  6%|▌         | 112/2000 [19:20<4:32:04,  8.65s/it]
                                                    
{'loss': '1.207', 'grad_norm': '1.038', 'learning_rate': '5.55e-06', 'epoch': '0.896'}

  6%|▌         | 112/2000 [19:20<4:32:04,  8.65s/it]
  6%|▌         | 113/2000 [19:28<4:28:50,  8.55s/it]
                                                    
{'loss': '1.256', 'grad_norm': '0.7857', 'learning_rate': '5.6e-06', 'epoch': '0.904'}

  6%|▌         | 113/2000 [19:28<4:28:50,  8.55s/it]
  6%|▌         | 114/2000 [19:37<4:33:23,  8.70s/it]
                                                    
{'loss': '1.229', 'grad_norm': '1.057', 'learning_rate': '5.65e-06', 'epoch': '0.912'}

  6%|▌         | 114/2000 [19:37<4:33:23,  8.70s/it][WARNING] Please DO NOT tune args ['unit_flag', 'limit_auto_multi_buffer_of_local_buffer', 'set_workspace_multibuffer', 'enable_hivm_auto_cv_balance', 'tile_mix_vector_loop', 'tile_mix_cube_loop', 'num_warps', 'num_ctas', 'num_stages', 'num_buffers_warp_spec', 'num_consumer_groups', 'reg_dec_producer', 'reg_inc_consumer', 'force_simt_template', 'enable_linearize']!

  6%|▌         | 115/2000 [19:49<5:00:02,  9.55s/it]
                                                    
{'loss': '1.39', 'grad_norm': '0.4498', 'learning_rate': '5.7e-06', 'epoch': '0.92'}

  6%|▌         | 115/2000 [19:49<5:00:02,  9.55s/it]
  6%|▌         | 116/2000 [19:57<4:51:53,  9.30s/it]
                                                    
{'loss': '1.241', 'grad_norm': '0.4071', 'learning_rate': '5.75e-06', 'epoch': '0.928'}

  6%|▌         | 116/2000 [19:57<4:51:53,  9.30s/it]
  6%|▌         | 117/2000 [20:06<4:42:53,  9.01s/it]
                                                    
{'loss': '1.167', 'grad_norm': '0.3797', 'learning_rate': '5.8e-06', 'epoch': '0.936'}

  6%|▌         | 117/2000 [20:06<4:42:53,  9.01s/it]
  6%|▌         | 118/2000 [20:15<4:41:31,  8.98s/it]
                                                    
{'loss': '1.237', 'grad_norm': '0.5813', 'learning_rate': '5.85e-06', 'epoch': '0.944'}

  6%|▌         | 118/2000 [20:15<4:41:31,  8.98s/it]
  6%|▌         | 119/2000 [20:23<4:37:25,  8.85s/it]
                                                    
{'loss': '1.168', 'grad_norm': '1.192', 'learning_rate': '5.9e-06', 'epoch': '0.952'}

  6%|▌         | 119/2000 [20:23<4:37:25,  8.85s/it]
  6%|▌         | 120/2000 [20:32<4:35:06,  8.78s/it]
                                                    
{'loss': '1.44', 'grad_norm': '1.32', 'learning_rate': '5.95e-06', 'epoch': '0.96'}

  6%|▌         | 120/2000 [20:32<4:35:06,  8.78s/it]
  6%|▌         | 121/2000 [20:41<4:38:40,  8.90s/it]
                                                    
{'loss': '1.233', 'grad_norm': '0.8305', 'learning_rate': '6e-06', 'epoch': '0.968'}

  6%|▌         | 121/2000 [20:41<4:38:40,  8.90s/it]
  6%|▌         | 122/2000 [20:50<4:38:16,  8.89s/it]
                                                    
{'loss': '0.9624', 'grad_norm': '0.3075', 'learning_rate': '6.05e-06', 'epoch': '0.976'}

  6%|▌         | 122/2000 [20:50<4:38:16,  8.89s/it]
  6%|▌         | 123/2000 [20:59<4:35:52,  8.82s/it]
                                                    
{'loss': '0.9319', 'grad_norm': '0.8074', 'learning_rate': '6.1e-06', 'epoch': '0.984'}

  6%|▌         | 123/2000 [20:59<4:35:52,  8.82s/it]
  6%|▌         | 124/2000 [21:07<4:35:59,  8.83s/it]
                                                    
{'loss': '1.1', 'grad_norm': '0.7799', 'learning_rate': '6.15e-06', 'epoch': '0.992'}

  6%|▌         | 124/2000 [21:07<4:35:59,  8.83s/it]
  6%|▋         | 125/2000 [21:17<4:44:59,  9.12s/it]
                                                    
{'loss': '1.111', 'grad_norm': '0.3287', 'learning_rate': '6.2e-06', 'epoch': '1'}

  6%|▋         | 125/2000 [21:17<4:44:59,  9.12s/it]
  6%|▋         | 126/2000 [21:27<4:47:15,  9.20s/it]
                                                    
{'loss': '1.069', 'grad_norm': '0.476', 'learning_rate': '6.25e-06', 'epoch': '1.008'}

  6%|▋         | 126/2000 [21:27<4:47:15,  9.20s/it]
  6%|▋         | 127/2000 [21:35<4:41:43,  9.03s/it]
                                                    
{'loss': '1.476', 'grad_norm': '0.6181', 'learning_rate': '6.3e-06', 'epoch': '1.016'}

  6%|▋         | 127/2000 [21:35<4:41:43,  9.03s/it][WARNING] Please DO NOT tune args ['unit_flag', 'limit_auto_multi_buffer_of_local_buffer', 'set_workspace_multibuffer', 'enable_hivm_auto_cv_balance', 'tile_mix_vector_loop', 'tile_mix_cube_loop', 'num_warps', 'num_ctas', 'num_stages', 'num_buffers_warp_spec', 'num_consumer_groups', 'reg_dec_producer', 'reg_inc_consumer', 'force_simt_template', 'enable_linearize']!

  6%|▋         | 128/2000 [21:45<4:45:03,  9.14s/it]
                                                    
{'loss': '1.287', 'grad_norm': '0.5751', 'learning_rate': '6.35e-06', 'epoch': '1.024'}

  6%|▋         | 128/2000 [21:45<4:45:03,  9.14s/it]
  6%|▋         | 129/2000 [21:53<4:39:44,  8.97s/it]
                                                    
{'loss': '0.9673', 'grad_norm': '0.4167', 'learning_rate': '6.4e-06', 'epoch': '1.032'}

  6%|▋         | 129/2000 [21:53<4:39:44,  8.97s/it]
  6%|▋         | 130/2000 [22:01<4:30:11,  8.67s/it]
                                                    
{'loss': '1.113', 'grad_norm': '0.687', 'learning_rate': '6.45e-06', 'epoch': '1.04'}

  6%|▋         | 130/2000 [22:01<4:30:11,  8.67s/it]
  7%|▋         | 131/2000 [22:10<4:32:35,  8.75s/it]
                                                    
{'loss': '1.027', 'grad_norm': '0.8654', 'learning_rate': '6.5e-06', 'epoch': '1.048'}

  7%|▋         | 131/2000 [22:10<4:32:35,  8.75s/it]
  7%|▋         | 132/2000 [22:19<4:31:59,  8.74s/it]
                                                    
{'loss': '1.063', 'grad_norm': '0.5269', 'learning_rate': '6.55e-06', 'epoch': '1.056'}

  7%|▋         | 132/2000 [22:19<4:31:59,  8.74s/it]
  7%|▋         | 133/2000 [22:28<4:37:52,  8.93s/it]
                                                    
{'loss': '1.118', 'grad_norm': '0.7771', 'learning_rate': '6.6e-06', 'epoch': '1.064'}

  7%|▋         | 133/2000 [22:28<4:37:52,  8.93s/it]
  7%|▋         | 134/2000 [22:37<4:35:15,  8.85s/it]
                                                    
{'loss': '1.114', 'grad_norm': '0.6546', 'learning_rate': '6.65e-06', 'epoch': '1.072'}

  7%|▋         | 134/2000 [22:37<4:35:15,  8.85s/it]
  7%|▋         | 135/2000 [22:45<4:33:00,  8.78s/it]
                                                    
{'loss': '1.237', 'grad_norm': '1.033', 'learning_rate': '6.7e-06', 'epoch': '1.08'}

  7%|▋         | 135/2000 [22:45<4:33:00,  8.78s/it]
  7%|▋         | 136/2000 [22:54<4:33:49,  8.81s/it]
                                                    
{'loss': '1.056', 'grad_norm': '0.5164', 'learning_rate': '6.75e-06', 'epoch': '1.088'}

  7%|▋         | 136/2000 [22:54<4:33:49,  8.81s/it][WARNING] Please DO NOT tune args ['unit_flag', 'limit_auto_multi_buffer_of_local_buffer', 'set_workspace_multibuffer', 'enable_hivm_auto_cv_balance', 'tile_mix_vector_loop', 'tile_mix_cube_loop', 'num_warps', 'num_ctas', 'num_stages', 'num_buffers_warp_spec', 'num_consumer_groups', 'reg_dec_producer', 'reg_inc_consumer', 'force_simt_template', 'enable_linearize']!

  7%|▋         | 137/2000 [23:06<4:59:08,  9.63s/it]
                                                    
{'loss': '1.018', 'grad_norm': '1.185', 'learning_rate': '6.8e-06', 'epoch': '1.096'}

  7%|▋         | 137/2000 [23:06<4:59:08,  9.63s/it]
  7%|▋         | 138/2000 [23:15<4:50:52,  9.37s/it]
                                                    
{'loss': '1.268', 'grad_norm': '1.064', 'learning_rate': '6.85e-06', 'epoch': '1.104'}

  7%|▋         | 138/2000 [23:15<4:50:52,  9.37s/it]
  7%|▋         | 139/2000 [23:23<4:44:59,  9.19s/it]
                                                    
{'loss': '1.125', 'grad_norm': '0.5202', 'learning_rate': '6.9e-06', 'epoch': '1.112'}

  7%|▋         | 139/2000 [23:23<4:44:59,  9.19s/it]
  7%|▋         | 140/2000 [23:32<4:40:41,  9.05s/it]
                                                    
{'loss': '0.8628', 'grad_norm': '0.5868', 'learning_rate': '6.95e-06', 'epoch': '1.12'}

  7%|▋         | 140/2000 [23:32<4:40:41,  9.05s/it]
  7%|▋         | 141/2000 [23:41<4:34:21,  8.86s/it]
                                                    
{'loss': '0.8438', 'grad_norm': '1.035', 'learning_rate': '7e-06', 'epoch': '1.128'}

  7%|▋         | 141/2000 [23:41<4:34:21,  8.86s/it]
  7%|▋         | 142/2000 [23:49<4:31:48,  8.78s/it]
                                                    
{'loss': '0.9229', 'grad_norm': '0.7445', 'learning_rate': '7.05e-06', 'epoch': '1.136'}

  7%|▋         | 142/2000 [23:49<4:31:48,  8.78s/it]
  7%|▋         | 143/2000 [23:58<4:29:51,  8.72s/it]
                                                    
{'loss': '1.676', 'grad_norm': '2.71', 'learning_rate': '7.1e-06', 'epoch': '1.144'}

  7%|▋         | 143/2000 [23:58<4:29:51,  8.72s/it]
  7%|▋         | 144/2000 [24:06<4:24:09,  8.54s/it]
                                                    
{'loss': '1.087', 'grad_norm': '0.9084', 'learning_rate': '7.15e-06', 'epoch': '1.152'}

  7%|▋         | 144/2000 [24:06<4:24:09,  8.54s/it]
  7%|▋         | 145/2000 [24:14<4:24:42,  8.56s/it]
                                                    
{'loss': '1.135', 'grad_norm': '0.7507', 'learning_rate': '7.2e-06', 'epoch': '1.16'}

  7%|▋         | 145/2000 [24:14<4:24:42,  8.56s/it]
  7%|▋         | 146/2000 [24:23<4:27:44,  8.66s/it]
                                                    
{'loss': '1.234', 'grad_norm': '1.038', 'learning_rate': '7.25e-06', 'epoch': '1.168'}

  7%|▋         | 146/2000 [24:23<4:27:44,  8.66s/it]
  7%|▋         | 147/2000 [24:31<4:20:47,  8.44s/it]
                                                    
{'loss': '0.8357', 'grad_norm': '0.6237', 'learning_rate': '7.3e-06', 'epoch': '1.176'}

  7%|▋         | 147/2000 [24:31<4:20:47,  8.44s/it][WARNING] Please DO NOT tune args ['unit_flag', 'limit_auto_multi_buffer_of_local_buffer', 'set_workspace_multibuffer', 'enable_hivm_auto_cv_balance', 'tile_mix_vector_loop', 'tile_mix_cube_loop', 'num_warps', 'num_ctas', 'num_stages', 'num_buffers_warp_spec', 'num_consumer_groups', 'reg_dec_producer', 'reg_inc_consumer', 'force_simt_template', 'enable_linearize']![WARNING] Please DO NOT tune args ['unit_flag', 'limit_auto_multi_buffer_of_local_buffer', 'set_workspace_multibuffer', 'enable_hivm_auto_cv_balance', 'tile_mix_vector_loop', 'tile_mix_cube_loop', 'num_warps', 'num_ctas', 'num_stages', 'num_buffers_warp_spec', 'num_consumer_groups', 'reg_dec_producer', 'reg_inc_consumer', 'force_simt_template', 'enable_linearize']!


  7%|▋         | 148/2000 [24:43<4:49:27,  9.38s/it]
                                                    
{'loss': '1.188', 'grad_norm': '0.7884', 'learning_rate': '7.35e-06', 'epoch': '1.184'}

  7%|▋         | 148/2000 [24:43<4:49:27,  9.38s/it]
  7%|▋         | 149/2000 [24:51<4:38:55,  9.04s/it]
                                                    
{'loss': '1.211', 'grad_norm': '0.6984', 'learning_rate': '7.4e-06', 'epoch': '1.192'}

  7%|▋         | 149/2000 [24:51<4:38:55,  9.04s/it]
  8%|▊         | 150/2000 [24:59<4:32:26,  8.84s/it]
                                                    
{'loss': '1.304', 'grad_norm': '0.98', 'learning_rate': '7.45e-06', 'epoch': '1.2'}

  8%|▊         | 150/2000 [24:59<4:32:26,  8.84s/it]
  8%|▊         | 151/2000 [25:08<4:33:00,  8.86s/it]
                                                    
{'loss': '1.021', 'grad_norm': '0.7516', 'learning_rate': '7.5e-06', 'epoch': '1.208'}

  8%|▊         | 151/2000 [25:08<4:33:00,  8.86s/it]
  8%|▊         | 152/2000 [25:17<4:32:29,  8.85s/it]
                                                    
{'loss': '0.7126', 'grad_norm': '0.8269', 'learning_rate': '7.55e-06', 'epoch': '1.216'}

  8%|▊         | 152/2000 [25:17<4:32:29,  8.85s/it]
  8%|▊         | 153/2000 [25:26<4:34:19,  8.91s/it]
                                                    
{'loss': '0.8296', 'grad_norm': '0.9271', 'learning_rate': '7.6e-06', 'epoch': '1.224'}

  8%|▊         | 153/2000 [25:26<4:34:19,  8.91s/it]
  8%|▊         | 154/2000 [25:35<4:30:24,  8.79s/it]
                                                    
{'loss': '0.9434', 'grad_norm': '0.3185', 'learning_rate': '7.65e-06', 'epoch': '1.232'}

  8%|▊         | 154/2000 [25:35<4:30:24,  8.79s/it]
  8%|▊         | 155/2000 [25:43<4:21:21,  8.50s/it]
                                                    
{'loss': '1.192', 'grad_norm': '0.6819', 'learning_rate': '7.7e-06', 'epoch': '1.24'}

  8%|▊         | 155/2000 [25:43<4:21:21,  8.50s/it]
  8%|▊         | 156/2000 [25:52<4:30:46,  8.81s/it]
                                                    
{'loss': '0.7383', 'grad_norm': '0.292', 'learning_rate': '7.75e-06', 'epoch': '1.248'}

  8%|▊         | 156/2000 [25:52<4:30:46,  8.81s/it]
  8%|▊         | 157/2000 [26:01<4:28:35,  8.74s/it]
                                                    
{'loss': '0.9863', 'grad_norm': '1.261', 'learning_rate': '7.8e-06', 'epoch': '1.256'}

  8%|▊         | 157/2000 [26:01<4:28:35,  8.74s/it]
  8%|▊         | 158/2000 [26:10<4:30:33,  8.81s/it]
                                                    
{'loss': '0.9595', 'grad_norm': '0.2995', 'learning_rate': '7.85e-06', 'epoch': '1.264'}

  8%|▊         | 158/2000 [26:10<4:30:33,  8.81s/it]
  8%|▊         | 159/2000 [26:18<4:28:19,  8.74s/it]
                                                    
{'loss': '0.9099', 'grad_norm': '0.4257', 'learning_rate': '7.9e-06', 'epoch': '1.272'}

  8%|▊         | 159/2000 [26:18<4:28:19,  8.74s/it]
  8%|▊         | 160/2000 [26:27<4:29:51,  8.80s/it]
                                                    
{'loss': '0.873', 'grad_norm': '0.9545', 'learning_rate': '7.95e-06', 'epoch': '1.28'}

  8%|▊         | 160/2000 [26:27<4:29:51,  8.80s/it]
  8%|▊         | 161/2000 [26:36<4:33:52,  8.94s/it]
                                                    
{'loss': '1.111', 'grad_norm': '0.5642', 'learning_rate': '8e-06', 'epoch': '1.288'}

  8%|▊         | 161/2000 [26:37<4:33:52,  8.94s/it]
  8%|▊         | 162/2000 [26:44<4:22:30,  8.57s/it]
                                                    
{'loss': '1.014', 'grad_norm': '1.008', 'learning_rate': '8.05e-06', 'epoch': '1.296'}

  8%|▊         | 162/2000 [26:44<4:22:30,  8.57s/it]
  8%|▊         | 163/2000 [26:54<4:29:44,  8.81s/it]
                                                    
{'loss': '1.232', 'grad_norm': '0.3387', 'learning_rate': '8.1e-06', 'epoch': '1.304'}

  8%|▊         | 163/2000 [26:54<4:29:44,  8.81s/it]
  8%|▊         | 164/2000 [27:02<4:26:39,  8.71s/it]
                                                    
{'loss': '0.5593', 'grad_norm': '0.8556', 'learning_rate': '8.15e-06', 'epoch': '1.312'}

  8%|▊         | 164/2000 [27:02<4:26:39,  8.71s/it]
  8%|▊         | 165/2000 [27:10<4:23:02,  8.60s/it]
                                                    
{'loss': '1.007', 'grad_norm': '0.3115', 'learning_rate': '8.2e-06', 'epoch': '1.32'}

  8%|▊         | 165/2000 [27:10<4:23:02,  8.60s/it]
  8%|▊         | 166/2000 [27:19<4:23:47,  8.63s/it]
                                                    
{'loss': '0.8695', 'grad_norm': '1.108', 'learning_rate': '8.25e-06', 'epoch': '1.328'}

  8%|▊         | 166/2000 [27:19<4:23:47,  8.63s/it]
  8%|▊         | 167/2000 [27:27<4:18:02,  8.45s/it]
                                                    
{'loss': '1.132', 'grad_norm': '0.7267', 'learning_rate': '8.3e-06', 'epoch': '1.336'}

  8%|▊         | 167/2000 [27:27<4:18:02,  8.45s/it]
  8%|▊         | 168/2000 [27:36<4:22:07,  8.58s/it]
                                                    
{'loss': '0.9189', 'grad_norm': '0.5567', 'learning_rate': '8.35e-06', 'epoch': '1.344'}

  8%|▊         | 168/2000 [27:36<4:22:07,  8.58s/it]
  8%|▊         | 169/2000 [27:45<4:25:58,  8.72s/it]
                                                    
{'loss': '0.7637', 'grad_norm': '0.4895', 'learning_rate': '8.4e-06', 'epoch': '1.352'}

  8%|▊         | 169/2000 [27:45<4:25:58,  8.72s/it]
  8%|▊         | 170/2000 [27:54<4:25:53,  8.72s/it]
                                                    
{'loss': '1.041', 'grad_norm': '0.4889', 'learning_rate': '8.45e-06', 'epoch': '1.36'}

  8%|▊         | 170/2000 [27:54<4:25:53,  8.72s/it]
  9%|▊         | 171/2000 [28:03<4:32:27,  8.94s/it]
                                                    
{'loss': '1.154', 'grad_norm': '0.3396', 'learning_rate': '8.5e-06', 'epoch': '1.368'}

  9%|▊         | 171/2000 [28:03<4:32:27,  8.94s/it]
  9%|▊         | 172/2000 [28:11<4:19:59,  8.53s/it]
                                                    
{'loss': '1.056', 'grad_norm': '0.7252', 'learning_rate': '8.55e-06', 'epoch': '1.376'}

  9%|▊         | 172/2000 [28:11<4:19:59,  8.53s/it]
  9%|▊         | 173/2000 [28:19<4:18:09,  8.48s/it]
                                                    
{'loss': '0.7269', 'grad_norm': '0.3369', 'learning_rate': '8.6e-06', 'epoch': '1.384'}

  9%|▊         | 173/2000 [28:19<4:18:09,  8.48s/it]
  9%|▊         | 174/2000 [28:28<4:24:32,  8.69s/it]
                                                    
{'loss': '0.9888', 'grad_norm': '0.4704', 'learning_rate': '8.65e-06', 'epoch': '1.392'}

  9%|▊         | 174/2000 [28:28<4:24:32,  8.69s/it]
  9%|▉         | 175/2000 [28:37<4:22:25,  8.63s/it]
                                                    
{'loss': '1.125', 'grad_norm': '0.8796', 'learning_rate': '8.7e-06', 'epoch': '1.4'}

  9%|▉         | 175/2000 [28:37<4:22:25,  8.63s/it]
  9%|▉         | 176/2000 [28:59<6:26:32, 12.72s/it]
                                                    
{'loss': '0.7825', 'grad_norm': '0.3926', 'learning_rate': '8.75e-06', 'epoch': '1.408'}

  9%|▉         | 176/2000 [28:59<6:26:32, 12.72s/it]
  9%|▉         | 177/2000 [29:08<5:52:41, 11.61s/it]
                                                    
{'loss': '0.7852', 'grad_norm': '0.5515', 'learning_rate': '8.8e-06', 'epoch': '1.416'}

  9%|▉         | 177/2000 [29:08<5:52:41, 11.61s/it]
  9%|▉         | 178/2000 [29:17<5:25:15, 10.71s/it]
                                                    
{'loss': '1.043', 'grad_norm': '0.5642', 'learning_rate': '8.85e-06', 'epoch': '1.424'}

  9%|▉         | 178/2000 [29:17<5:25:15, 10.71s/it]
  9%|▉         | 179/2000 [29:26<5:10:21, 10.23s/it]
                                                    
{'loss': '0.9484', 'grad_norm': '0.2752', 'learning_rate': '8.9e-06', 'epoch': '1.432'}

  9%|▉         | 179/2000 [29:26<5:10:21, 10.23s/it]
  9%|▉         | 180/2000 [29:34<4:51:48,  9.62s/it]
                                                    
{'loss': '0.8377', 'grad_norm': '0.5396', 'learning_rate': '8.95e-06', 'epoch': '1.44'}

  9%|▉         | 180/2000 [29:34<4:51:48,  9.62s/it][WARNING] Please DO NOT tune args ['unit_flag', 'limit_auto_multi_buffer_of_local_buffer', 'set_workspace_multibuffer', 'enable_hivm_auto_cv_balance', 'tile_mix_vector_loop', 'tile_mix_cube_loop', 'num_warps', 'num_ctas', 'num_stages', 'num_buffers_warp_spec', 'num_consumer_groups', 'reg_dec_producer', 'reg_inc_consumer', 'force_simt_template', 'enable_linearize']!

  9%|▉         | 181/2000 [29:54<6:23:53, 12.66s/it]
                                                    
{'loss': '0.7872', 'grad_norm': '0.1811', 'learning_rate': '9e-06', 'epoch': '1.448'}

  9%|▉         | 181/2000 [29:54<6:23:53, 12.66s/it]
  9%|▉         | 182/2000 [30:03<5:53:05, 11.65s/it]
                                                    
{'loss': '0.717', 'grad_norm': '0.6763', 'learning_rate': '9.05e-06', 'epoch': '1.456'}

  9%|▉         | 182/2000 [30:03<5:53:05, 11.65s/it]
  9%|▉         | 183/2000 [30:11<5:19:28, 10.55s/it]
                                                    
{'loss': '1.014', 'grad_norm': '0.3439', 'learning_rate': '9.1e-06', 'epoch': '1.464'}

  9%|▉         | 183/2000 [30:11<5:19:28, 10.55s/it]
  9%|▉         | 184/2000 [30:20<5:08:26, 10.19s/it]
                                                    
{'loss': '0.7835', 'grad_norm': '0.3688', 'learning_rate': '9.15e-06', 'epoch': '1.472'}

  9%|▉         | 184/2000 [30:20<5:08:26, 10.19s/it]
  9%|▉         | 185/2000 [30:28<4:47:51,  9.52s/it]
                                                    
{'loss': '1.027', 'grad_norm': '0.7176', 'learning_rate': '9.2e-06', 'epoch': '1.48'}

  9%|▉         | 185/2000 [30:28<4:47:51,  9.52s/it]
  9%|▉         | 186/2000 [30:37<4:42:47,  9.35s/it]
                                                    
{'loss': '0.7205', 'grad_norm': '0.286', 'learning_rate': '9.25e-06', 'epoch': '1.488'}

  9%|▉         | 186/2000 [30:37<4:42:47,  9.35s/it]
  9%|▉         | 187/2000 [30:47<4:41:25,  9.31s/it]
                                                    
{'loss': '0.6648', 'grad_norm': '0.6682', 'learning_rate': '9.3e-06', 'epoch': '1.496'}

  9%|▉         | 187/2000 [30:47<4:41:25,  9.31s/it]
  9%|▉         | 188/2000 [30:55<4:30:58,  8.97s/it]
                                                    
{'loss': '0.7844', 'grad_norm': '0.4488', 'learning_rate': '9.35e-06', 'epoch': '1.504'}

  9%|▉         | 188/2000 [30:55<4:30:58,  8.97s/it]
  9%|▉         | 189/2000 [31:03<4:27:52,  8.88s/it]
                                                    
{'loss': '0.9552', 'grad_norm': '0.4082', 'learning_rate': '9.4e-06', 'epoch': '1.512'}

  9%|▉         | 189/2000 [31:03<4:27:52,  8.88s/it]
 10%|▉         | 190/2000 [31:12<4:27:50,  8.88s/it]
                                                    
{'loss': '0.6855', 'grad_norm': '0.2932', 'learning_rate': '9.45e-06', 'epoch': '1.52'}

 10%|▉         | 190/2000 [31:12<4:27:50,  8.88s/it]
 10%|▉         | 191/2000 [31:21<4:22:19,  8.70s/it]
                                                    
{'loss': '0.725', 'grad_norm': '0.2816', 'learning_rate': '9.5e-06', 'epoch': '1.528'}

 10%|▉         | 191/2000 [31:21<4:22:19,  8.70s/it]
 10%|▉         | 192/2000 [31:29<4:22:18,  8.70s/it]
                                                    
{'loss': '0.9768', 'grad_norm': '0.2976', 'learning_rate': '9.55e-06', 'epoch': '1.536'}

 10%|▉         | 192/2000 [31:29<4:22:18,  8.70s/it]
 10%|▉         | 193/2000 [31:39<4:27:28,  8.88s/it]
                                                    
{'loss': '1.156', 'grad_norm': '0.4696', 'learning_rate': '9.6e-06', 'epoch': '1.544'}

 10%|▉         | 193/2000 [31:39<4:27:28,  8.88s/it]
 10%|▉         | 194/2000 [31:47<4:20:31,  8.66s/it]
                                                    
{'loss': '0.9731', 'grad_norm': '0.2648', 'learning_rate': '9.65e-06', 'epoch': '1.552'}

 10%|▉         | 194/2000 [31:47<4:20:31,  8.66s/it]
 10%|▉         | 195/2000 [31:58<4:47:01,  9.54s/it]
                                                    
{'loss': '0.8872', 'grad_norm': '0.4773', 'learning_rate': '9.7e-06', 'epoch': '1.56'}

 10%|▉         | 195/2000 [31:58<4:47:01,  9.54s/it][WARNING] Please DO NOT tune args ['unit_flag', 'limit_auto_multi_buffer_of_local_buffer', 'set_workspace_multibuffer', 'enable_hivm_auto_cv_balance', 'tile_mix_vector_loop', 'tile_mix_cube_loop', 'num_warps', 'num_ctas', 'num_stages', 'num_buffers_warp_spec', 'num_consumer_groups', 'reg_dec_producer', 'reg_inc_consumer', 'force_simt_template', 'enable_linearize']!

 10%|▉         | 196/2000 [32:14<5:44:25, 11.46s/it]
                                                    
{'loss': '1.015', 'grad_norm': '0.4854', 'learning_rate': '9.75e-06', 'epoch': '1.568'}

 10%|▉         | 196/2000 [32:14<5:44:25, 11.46s/it][WARNING] Please DO NOT tune args ['unit_flag', 'limit_auto_multi_buffer_of_local_buffer', 'set_workspace_multibuffer', 'enable_hivm_auto_cv_balance', 'tile_mix_vector_loop', 'tile_mix_cube_loop', 'num_warps', 'num_ctas', 'num_stages', 'num_buffers_warp_spec', 'num_consumer_groups', 'reg_dec_producer', 'reg_inc_consumer', 'force_simt_template', 'enable_linearize']!

 10%|▉         | 197/2000 [32:24<5:28:11, 10.92s/it]
                                                    
{'loss': '0.9301', 'grad_norm': '0.3082', 'learning_rate': '9.8e-06', 'epoch': '1.576'}

 10%|▉         | 197/2000 [32:24<5:28:11, 10.92s/it]
 10%|▉         | 198/2000 [32:33<5:10:55, 10.35s/it]
                                                    
{'loss': '0.6708', 'grad_norm': '0.2861', 'learning_rate': '9.85e-06', 'epoch': '1.584'}

 10%|▉         | 198/2000 [32:33<5:10:55, 10.35s/it]
 10%|▉         | 199/2000 [32:41<4:51:05,  9.70s/it]
                                                    
{'loss': '0.8743', 'grad_norm': '0.3245', 'learning_rate': '9.9e-06', 'epoch': '1.592'}

 10%|▉         | 199/2000 [32:41<4:51:05,  9.70s/it]
 10%|█         | 200/2000 [32:50<4:46:49,  9.56s/it]
                                                    
{'loss': '0.8171', 'grad_norm': '0.6158', 'learning_rate': '9.95e-06', 'epoch': '1.6'}

 10%|█         | 200/2000 [32:50<4:46:49,  9.56s/it]
 10%|█         | 201/2000 [32:59<4:40:21,  9.35s/it]
                                                    
{'loss': '0.9546', 'grad_norm': '0.3377', 'learning_rate': '1e-05', 'epoch': '1.608'}

 10%|█         | 201/2000 [32:59<4:40:21,  9.35s/it]
 10%|█         | 202/2000 [33:07<4:27:09,  8.92s/it]
                                                    
{'loss': '0.7344', 'grad_norm': '0.5154', 'learning_rate': '1e-05', 'epoch': '1.616'}

 10%|█         | 202/2000 [33:07<4:27:09,  8.92s/it]
 10%|█         | 203/2000 [33:17<4:33:33,  9.13s/it]
                                                    
{'loss': '1.199', 'grad_norm': '0.3296', 'learning_rate': '1e-05', 'epoch': '1.624'}

 10%|█         | 203/2000 [33:17<4:33:33,  9.13s/it]
 10%|█         | 204/2000 [33:25<4:23:19,  8.80s/it]
                                                    
{'loss': '0.7252', 'grad_norm': '0.3418', 'learning_rate': '1e-05', 'epoch': '1.632'}

 10%|█         | 204/2000 [33:25<4:23:19,  8.80s/it]
 10%|█         | 205/2000 [33:33<4:18:36,  8.64s/it]
                                                    
{'loss': '0.5818', 'grad_norm': '0.3485', 'learning_rate': '1e-05', 'epoch': '1.64'}

 10%|█         | 205/2000 [33:33<4:18:36,  8.64s/it]
 10%|█         | 206/2000 [33:42<4:23:59,  8.83s/it]
                                                    
{'loss': '0.8525', 'grad_norm': '0.3644', 'learning_rate': '1e-05', 'epoch': '1.648'}

 10%|█         | 206/2000 [33:42<4:23:59,  8.83s/it]
 10%|█         | 207/2000 [33:51<4:23:02,  8.80s/it]
                                                    
{'loss': '0.796', 'grad_norm': '0.2271', 'learning_rate': '1e-05', 'epoch': '1.656'}

 10%|█         | 207/2000 [33:51<4:23:02,  8.80s/it]
 10%|█         | 208/2000 [33:59<4:17:15,  8.61s/it]
                                                    
{'loss': '0.747', 'grad_norm': '0.3534', 'learning_rate': '1e-05', 'epoch': '1.664'}

 10%|█         | 208/2000 [33:59<4:17:15,  8.61s/it]
 10%|█         | 209/2000 [34:09<4:26:13,  8.92s/it]
                                                    
{'loss': '0.8762', 'grad_norm': '0.2548', 'learning_rate': '1e-05', 'epoch': '1.672'}

 10%|█         | 209/2000 [34:09<4:26:13,  8.92s/it]
 10%|█         | 210/2000 [34:17<4:20:23,  8.73s/it]
                                                    
{'loss': '0.7041', 'grad_norm': '0.8261', 'learning_rate': '9.999e-06', 'epoch': '1.68'}

 10%|█         | 210/2000 [34:17<4:20:23,  8.73s/it]
 11%|█         | 211/2000 [34:26<4:23:03,  8.82s/it]
                                                    
{'loss': '0.6982', 'grad_norm': '0.2311', 'learning_rate': '9.999e-06', 'epoch': '1.688'}

 11%|█         | 211/2000 [34:26<4:23:03,  8.82s/it]
 11%|█         | 212/2000 [34:34<4:17:54,  8.65s/it]
                                                    
{'loss': '1.115', 'grad_norm': '0.503', 'learning_rate': '9.999e-06', 'epoch': '1.696'}

 11%|█         | 212/2000 [34:34<4:17:54,  8.65s/it]
 11%|█         | 213/2000 [34:43<4:16:15,  8.60s/it]
                                                    
{'loss': '0.6831', 'grad_norm': '0.2428', 'learning_rate': '9.999e-06', 'epoch': '1.704'}

 11%|█         | 213/2000 [34:43<4:16:15,  8.60s/it]
 11%|█         | 214/2000 [34:52<4:17:19,  8.64s/it]
                                                    
{'loss': '0.916', 'grad_norm': '0.2631', 'learning_rate': '9.999e-06', 'epoch': '1.712'}

 11%|█         | 214/2000 [34:52<4:17:19,  8.64s/it]
 11%|█         | 215/2000 [35:01<4:22:12,  8.81s/it]
                                                    
{'loss': '0.7654', 'grad_norm': '0.3266', 'learning_rate': '9.999e-06', 'epoch': '1.72'}

 11%|█         | 215/2000 [35:01<4:22:12,  8.81s/it]
 11%|█         | 216/2000 [35:10<4:21:36,  8.80s/it]
                                                    
{'loss': '0.7347', 'grad_norm': '0.25', 'learning_rate': '9.998e-06', 'epoch': '1.728'}

 11%|█         | 216/2000 [35:10<4:21:36,  8.80s/it]
 11%|█         | 217/2000 [35:18<4:21:48,  8.81s/it]
                                                    
{'loss': '1.016', 'grad_norm': '0.3717', 'learning_rate': '9.998e-06', 'epoch': '1.736'}

 11%|█         | 217/2000 [35:18<4:21:48,  8.81s/it]
 11%|█         | 218/2000 [35:28<4:25:49,  8.95s/it]
                                                    
{'loss': '0.906', 'grad_norm': '0.3181', 'learning_rate': '9.998e-06', 'epoch': '1.744'}

 11%|█         | 218/2000 [35:28<4:25:49,  8.95s/it]
 11%|█         | 219/2000 [35:36<4:22:06,  8.83s/it]
                                                    
{'loss': '0.8389', 'grad_norm': '0.2657', 'learning_rate': '9.998e-06', 'epoch': '1.752'}

 11%|█         | 219/2000 [35:36<4:22:06,  8.83s/it]
 11%|█         | 220/2000 [35:45<4:20:38,  8.79s/it]
                                                    
{'loss': '0.7903', 'grad_norm': '0.4514', 'learning_rate': '9.997e-06', 'epoch': '1.76'}

 11%|█         | 220/2000 [35:45<4:20:38,  8.79s/it]
 11%|█         | 221/2000 [35:54<4:21:54,  8.83s/it]
                                                    
{'loss': '0.7379', 'grad_norm': '0.4141', 'learning_rate': '9.997e-06', 'epoch': '1.768'}

 11%|█         | 221/2000 [35:54<4:21:54,  8.83s/it]
 11%|█         | 222/2000 [36:02<4:18:15,  8.71s/it]
                                                    
{'loss': '0.6614', 'grad_norm': '0.3312', 'learning_rate': '9.997e-06', 'epoch': '1.776'}

 11%|█         | 222/2000 [36:02<4:18:15,  8.71s/it]
 11%|█         | 223/2000 [36:11<4:18:24,  8.73s/it]
                                                    
{'loss': '1.086', 'grad_norm': '0.2868', 'learning_rate': '9.996e-06', 'epoch': '1.784'}

 11%|█         | 223/2000 [36:11<4:18:24,  8.73s/it]
 11%|█         | 224/2000 [36:20<4:18:53,  8.75s/it]
                                                    
{'loss': '0.8009', 'grad_norm': '0.2802', 'learning_rate': '9.996e-06', 'epoch': '1.792'}

 11%|█         | 224/2000 [36:20<4:18:53,  8.75s/it]
 11%|█▏        | 225/2000 [36:28<4:16:04,  8.66s/it]
                                                    
{'loss': '0.6837', 'grad_norm': '0.436', 'learning_rate': '9.996e-06', 'epoch': '1.8'}

 11%|█▏        | 225/2000 [36:28<4:16:04,  8.66s/it]
 11%|█▏        | 226/2000 [36:37<4:14:56,  8.62s/it]
                                                    
{'loss': '0.9451', 'grad_norm': '0.4422', 'learning_rate': '9.995e-06', 'epoch': '1.808'}

 11%|█▏        | 226/2000 [36:37<4:14:56,  8.62s/it]
 11%|█▏        | 227/2000 [36:46<4:15:28,  8.65s/it]
                                                    
{'loss': '0.7377', 'grad_norm': '0.4233', 'learning_rate': '9.995e-06', 'epoch': '1.816'}

 11%|█▏        | 227/2000 [36:46<4:15:28,  8.65s/it]
 11%|█▏        | 228/2000 [36:54<4:13:27,  8.58s/it]
                                                    
{'loss': '0.8896', 'grad_norm': '0.4949', 'learning_rate': '9.994e-06', 'epoch': '1.824'}

 11%|█▏        | 228/2000 [36:54<4:13:27,  8.58s/it]
 11%|█▏        | 229/2000 [37:03<4:14:27,  8.62s/it]
                                                    
{'loss': '0.9199', 'grad_norm': '0.363', 'learning_rate': '9.994e-06', 'epoch': '1.832'}

 11%|█▏        | 229/2000 [37:03<4:14:27,  8.62s/it]
 12%|█▏        | 230/2000 [37:11<4:13:35,  8.60s/it]
                                                    
{'loss': '0.7657', 'grad_norm': '0.361', 'learning_rate': '9.994e-06', 'epoch': '1.84'}

 12%|█▏        | 230/2000 [37:11<4:13:35,  8.60s/it]
 12%|█▏        | 231/2000 [37:20<4:13:42,  8.60s/it]
                                                    
{'loss': '0.7527', 'grad_norm': '0.2493', 'learning_rate': '9.993e-06', 'epoch': '1.848'}

 12%|█▏        | 231/2000 [37:20<4:13:42,  8.60s/it]
 12%|█▏        | 232/2000 [37:29<4:20:04,  8.83s/it]
                                                    
{'loss': '0.6595', 'grad_norm': '0.2082', 'learning_rate': '9.993e-06', 'epoch': '1.856'}

 12%|█▏        | 232/2000 [37:29<4:20:04,  8.83s/it]
 12%|█▏        | 233/2000 [37:40<4:36:59,  9.41s/it]
                                                    
{'loss': '1.002', 'grad_norm': '0.2477', 'learning_rate': '9.992e-06', 'epoch': '1.864'}

 12%|█▏        | 233/2000 [37:40<4:36:59,  9.41s/it]
 12%|█▏        | 234/2000 [37:49<4:30:16,  9.18s/it]
                                                    
{'loss': '0.8308', 'grad_norm': '0.2588', 'learning_rate': '9.992e-06', 'epoch': '1.872'}

 12%|█▏        | 234/2000 [37:49<4:30:16,  9.18s/it]
 12%|█▏        | 235/2000 [37:57<4:23:02,  8.94s/it]
                                                    
{'loss': '1.05', 'grad_norm': '0.199', 'learning_rate': '9.991e-06', 'epoch': '1.88'}

 12%|█▏        | 235/2000 [37:57<4:23:02,  8.94s/it]
 12%|█▏        | 236/2000 [38:06<4:27:18,  9.09s/it]
                                                    
{'loss': '0.9661', 'grad_norm': '0.2767', 'learning_rate': '9.991e-06', 'epoch': '1.888'}

 12%|█▏        | 236/2000 [38:07<4:27:18,  9.09s/it]
 12%|█▏        | 237/2000 [38:16<4:28:32,  9.14s/it]
                                                    
{'loss': '1.392', 'grad_norm': '0.2686', 'learning_rate': '9.99e-06', 'epoch': '1.896'}

 12%|█▏        | 237/2000 [38:16<4:28:32,  9.14s/it]
 12%|█▏        | 238/2000 [38:25<4:26:23,  9.07s/it]
                                                    
{'loss': '0.7009', 'grad_norm': '0.6052', 'learning_rate': '9.99e-06', 'epoch': '1.904'}

 12%|█▏        | 238/2000 [38:25<4:26:23,  9.07s/it]
 12%|█▏        | 239/2000 [38:33<4:18:56,  8.82s/it]
                                                    
{'loss': '0.7203', 'grad_norm': '0.2153', 'learning_rate': '9.989e-06', 'epoch': '1.912'}

 12%|█▏        | 239/2000 [38:33<4:18:56,  8.82s/it]
 12%|█▏        | 240/2000 [38:42<4:25:11,  9.04s/it]
                                                    
{'loss': '0.8486', 'grad_norm': '0.3439', 'learning_rate': '9.988e-06', 'epoch': '1.92'}

 12%|█▏        | 240/2000 [38:42<4:25:11,  9.04s/it]
 12%|█▏        | 241/2000 [38:51<4:19:21,  8.85s/it]
                                                    
{'loss': '0.7739', 'grad_norm': '0.3508', 'learning_rate': '9.988e-06', 'epoch': '1.928'}

 12%|█▏        | 241/2000 [38:51<4:19:21,  8.85s/it]
 12%|█▏        | 242/2000 [39:00<4:18:56,  8.84s/it]
                                                    
{'loss': '0.8864', 'grad_norm': '0.2413', 'learning_rate': '9.987e-06', 'epoch': '1.936'}

 12%|█▏        | 242/2000 [39:00<4:18:56,  8.84s/it]
 12%|█▏        | 243/2000 [39:08<4:14:14,  8.68s/it]
                                                    
{'loss': '0.9373', 'grad_norm': '0.3383', 'learning_rate': '9.987e-06', 'epoch': '1.944'}

 12%|█▏        | 243/2000 [39:08<4:14:14,  8.68s/it]
 12%|█▏        | 244/2000 [39:16<4:10:34,  8.56s/it]
                                                    
{'loss': '0.578', 'grad_norm': '0.2694', 'learning_rate': '9.986e-06', 'epoch': '1.952'}

 12%|█▏        | 244/2000 [39:16<4:10:34,  8.56s/it]
 12%|█▏        | 245/2000 [39:25<4:13:29,  8.67s/it]
                                                    
{'loss': '0.8694', 'grad_norm': '0.3859', 'learning_rate': '9.985e-06', 'epoch': '1.96'}

 12%|█▏        | 245/2000 [39:25<4:13:29,  8.67s/it]
 12%|█▏        | 246/2000 [39:34<4:19:12,  8.87s/it]
                                                    
{'loss': '0.6052', 'grad_norm': '0.7551', 'learning_rate': '9.985e-06', 'epoch': '1.968'}

 12%|█▏        | 246/2000 [39:35<4:19:12,  8.87s/it]
 12%|█▏        | 247/2000 [39:43<4:16:07,  8.77s/it]
                                                    
{'loss': '0.855', 'grad_norm': '0.1744', 'learning_rate': '9.984e-06', 'epoch': '1.976'}

 12%|█▏        | 247/2000 [39:43<4:16:07,  8.77s/it]
 12%|█▏        | 248/2000 [39:52<4:19:09,  8.88s/it]
                                                    
{'loss': '0.7795', 'grad_norm': '0.1831', 'learning_rate': '9.983e-06', 'epoch': '1.984'}

 12%|█▏        | 248/2000 [39:52<4:19:09,  8.88s/it]
 12%|█▏        | 249/2000 [40:01<4:18:57,  8.87s/it]
                                                    
{'loss': '0.9824', 'grad_norm': '0.6131', 'learning_rate': '9.982e-06', 'epoch': '1.992'}

 12%|█▏        | 249/2000 [40:01<4:18:57,  8.87s/it]
 12%|█▎        | 250/2000 [40:10<4:17:43,  8.84s/it]
                                                    
{'loss': '1.149', 'grad_norm': '0.322', 'learning_rate': '9.982e-06', 'epoch': '2'}

 12%|█▎        | 250/2000 [40:10<4:17:43,  8.84s/it]
 13%|█▎        | 251/2000 [40:19<4:24:39,  9.08s/it]
                                                    
{'loss': '0.7731', 'grad_norm': '0.2887', 'learning_rate': '9.981e-06', 'epoch': '2.008'}

 13%|█▎        | 251/2000 [40:20<4:24:39,  9.08s/it]
 13%|█▎        | 252/2000 [40:28<4:22:00,  8.99s/it]
                                                    
{'loss': '0.8168', 'grad_norm': '0.1794', 'learning_rate': '9.98e-06', 'epoch': '2.016'}

 13%|█▎        | 252/2000 [40:28<4:22:00,  8.99s/it]
 13%|█▎        | 253/2000 [40:37<4:21:11,  8.97s/it]
                                                    
{'loss': '0.6768', 'grad_norm': '0.2893', 'learning_rate': '9.979e-06', 'epoch': '2.024'}

 13%|█▎        | 253/2000 [40:37<4:21:11,  8.97s/it]
 13%|█▎        | 254/2000 [40:46<4:16:49,  8.83s/it]
                                                    
{'loss': '0.6128', 'grad_norm': '0.301', 'learning_rate': '9.979e-06', 'epoch': '2.032'}

 13%|█▎        | 254/2000 [40:46<4:16:49,  8.83s/it]
 13%|█▎        | 255/2000 [40:54<4:10:44,  8.62s/it]
                                                    
{'loss': '0.709', 'grad_norm': '0.2996', 'learning_rate': '9.978e-06', 'epoch': '2.04'}

 13%|█▎        | 255/2000 [40:54<4:10:44,  8.62s/it]
 13%|█▎        | 256/2000 [41:03<4:15:54,  8.80s/it]
                                                    
{'loss': '0.8237', 'grad_norm': '0.1637', 'learning_rate': '9.977e-06', 'epoch': '2.048'}

 13%|█▎        | 256/2000 [41:03<4:15:54,  8.80s/it]
 13%|█▎        | 257/2000 [41:11<4:12:33,  8.69s/it]
                                                    
{'loss': '0.8819', 'grad_norm': '0.2628', 'learning_rate': '9.976e-06', 'epoch': '2.056'}

 13%|█▎        | 257/2000 [41:11<4:12:33,  8.69s/it]
 13%|█▎        | 258/2000 [41:20<4:13:39,  8.74s/it]
                                                    
{'loss': '0.705', 'grad_norm': '0.3361', 'learning_rate': '9.975e-06', 'epoch': '2.064'}

 13%|█▎        | 258/2000 [41:20<4:13:39,  8.74s/it]
 13%|█▎        | 259/2000 [41:29<4:13:35,  8.74s/it]
                                                    
{'loss': '0.8015', 'grad_norm': '0.2429', 'learning_rate': '9.974e-06', 'epoch': '2.072'}

 13%|█▎        | 259/2000 [41:29<4:13:35,  8.74s/it]
 13%|█▎        | 260/2000 [41:37<4:06:24,  8.50s/it]
                                                    
{'loss': '0.7966', 'grad_norm': '0.2998', 'learning_rate': '9.974e-06', 'epoch': '2.08'}

 13%|█▎        | 260/2000 [41:37<4:06:24,  8.50s/it]
 13%|█▎        | 261/2000 [41:46<4:11:47,  8.69s/it]
                                                    
{'loss': '0.7227', 'grad_norm': '0.1606', 'learning_rate': '9.973e-06', 'epoch': '2.088'}

 13%|█▎        | 261/2000 [41:46<4:11:47,  8.69s/it]
 13%|█▎        | 262/2000 [41:54<4:09:15,  8.61s/it]
                                                    
{'loss': '0.6376', 'grad_norm': '0.4356', 'learning_rate': '9.972e-06', 'epoch': '2.096'}

 13%|█▎        | 262/2000 [41:54<4:09:15,  8.61s/it]
 13%|█▎        | 263/2000 [42:03<4:07:35,  8.55s/it]
                                                    
{'loss': '0.8723', 'grad_norm': '0.2045', 'learning_rate': '9.971e-06', 'epoch': '2.104'}

 13%|█▎        | 263/2000 [42:03<4:07:35,  8.55s/it]
 13%|█▎        | 264/2000 [42:12<4:13:05,  8.75s/it]
                                                    
{'loss': '0.5705', 'grad_norm': '0.2585', 'learning_rate': '9.97e-06', 'epoch': '2.112'}

 13%|█▎        | 264/2000 [42:12<4:13:05,  8.75s/it]
 13%|█▎        | 265/2000 [42:20<4:02:59,  8.40s/it]
                                                    
{'loss': '0.9717', 'grad_norm': '0.3236', 'learning_rate': '9.969e-06', 'epoch': '2.12'}

 13%|█▎        | 265/2000 [42:20<4:02:59,  8.40s/it]
 13%|█▎        | 266/2000 [42:28<4:02:54,  8.41s/it]
                                                    
{'loss': '0.5754', 'grad_norm': '0.2977', 'learning_rate': '9.968e-06', 'epoch': '2.128'}

 13%|█▎        | 266/2000 [42:28<4:02:54,  8.41s/it]
 13%|█▎        | 267/2000 [42:37<4:08:32,  8.61s/it]
                                                    
{'loss': '0.7917', 'grad_norm': '0.3706', 'learning_rate': '9.967e-06', 'epoch': '2.136'}

 13%|█▎        | 267/2000 [42:37<4:08:32,  8.61s/it]
 13%|█▎        | 268/2000 [42:45<4:05:01,  8.49s/it]
                                                    
{'loss': '0.7417', 'grad_norm': '0.3445', 'learning_rate': '9.966e-06', 'epoch': '2.144'}

 13%|█▎        | 268/2000 [42:45<4:05:01,  8.49s/it][WARNING] Please DO NOT tune args ['unit_flag', 'limit_auto_multi_buffer_of_local_buffer', 'set_workspace_multibuffer', 'enable_hivm_auto_cv_balance', 'tile_mix_vector_loop', 'tile_mix_cube_loop', 'num_warps', 'num_ctas', 'num_stages', 'num_buffers_warp_spec', 'num_consumer_groups', 'reg_dec_producer', 'reg_inc_consumer', 'force_simt_template', 'enable_linearize']!

 13%|█▎        | 269/2000 [43:03<5:25:40, 11.29s/it]
                                                    
{'loss': '0.8574', 'grad_norm': '0.2294', 'learning_rate': '9.965e-06', 'epoch': '2.152'}

 13%|█▎        | 269/2000 [43:03<5:25:40, 11.29s/it]
 14%|█▎        | 270/2000 [43:12<5:03:22, 10.52s/it]
                                                    
{'loss': '0.562', 'grad_norm': '0.3447', 'learning_rate': '9.964e-06', 'epoch': '2.16'}

 14%|█▎        | 270/2000 [43:12<5:03:22, 10.52s/it]
 14%|█▎        | 271/2000 [43:20<4:41:06,  9.76s/it]
                                                    
{'loss': '0.9781', 'grad_norm': '0.4113', 'learning_rate': '9.963e-06', 'epoch': '2.168'}

 14%|█▎        | 271/2000 [43:20<4:41:06,  9.76s/it]
 14%|█▎        | 272/2000 [43:29<4:35:53,  9.58s/it]
                                                    
{'loss': '0.8591', 'grad_norm': '0.3303', 'learning_rate': '9.962e-06', 'epoch': '2.176'}

 14%|█▎        | 272/2000 [43:29<4:35:53,  9.58s/it]
 14%|█▎        | 273/2000 [43:38<4:26:22,  9.25s/it]
                                                    
{'loss': '0.8535', 'grad_norm': '0.2062', 'learning_rate': '9.961e-06', 'epoch': '2.184'}

 14%|█▎        | 273/2000 [43:38<4:26:22,  9.25s/it]
 14%|█▎        | 274/2000 [43:46<4:20:35,  9.06s/it]
                                                    
{'loss': '0.7325', 'grad_norm': '0.1825', 'learning_rate': '9.959e-06', 'epoch': '2.192'}

 14%|█▎        | 274/2000 [43:46<4:20:35,  9.06s/it]
 14%|█▍        | 275/2000 [43:55<4:20:44,  9.07s/it]
                                                    
{'loss': '0.7983', 'grad_norm': '0.2764', 'learning_rate': '9.958e-06', 'epoch': '2.2'}

 14%|█▍        | 275/2000 [43:55<4:20:44,  9.07s/it]
 14%|█▍        | 276/2000 [44:03<4:11:46,  8.76s/it]
                                                    
{'loss': '0.8545', 'grad_norm': '0.5118', 'learning_rate': '9.957e-06', 'epoch': '2.208'}

 14%|█▍        | 276/2000 [44:03<4:11:46,  8.76s/it]
 14%|█▍        | 277/2000 [44:13<4:15:41,  8.90s/it]
                                                    
{'loss': '0.9561', 'grad_norm': '0.3291', 'learning_rate': '9.956e-06', 'epoch': '2.216'}

 14%|█▍        | 277/2000 [44:13<4:15:41,  8.90s/it]
 14%|█▍        | 278/2000 [44:22<4:16:58,  8.95s/it]
                                                    
{'loss': '1.06', 'grad_norm': '0.156', 'learning_rate': '9.955e-06', 'epoch': '2.224'}

 14%|█▍        | 278/2000 [44:22<4:16:58,  8.95s/it]
 14%|█▍        | 279/2000 [44:30<4:10:12,  8.72s/it]
                                                    
{'loss': '0.9224', 'grad_norm': '0.3994', 'learning_rate': '9.954e-06', 'epoch': '2.232'}

 14%|█▍        | 279/2000 [44:30<4:10:12,  8.72s/it]
 14%|█▍        | 280/2000 [44:39<4:12:44,  8.82s/it]
                                                    
{'loss': '0.4742', 'grad_norm': '0.2577', 'learning_rate': '9.953e-06', 'epoch': '2.24'}

 14%|█▍        | 280/2000 [44:39<4:12:44,  8.82s/it]
 14%|█▍        | 281/2000 [44:47<4:07:54,  8.65s/it]
                                                    
{'loss': '0.8011', 'grad_norm': '0.8593', 'learning_rate': '9.951e-06', 'epoch': '2.248'}

 14%|█▍        | 281/2000 [44:47<4:07:54,  8.65s/it]
 14%|█▍        | 282/2000 [44:56<4:12:25,  8.82s/it]
                                                    
{'loss': '0.9023', 'grad_norm': '0.304', 'learning_rate': '9.95e-06', 'epoch': '2.256'}

 14%|█▍        | 282/2000 [44:56<4:12:25,  8.82s/it]
 14%|█▍        | 283/2000 [45:05<4:14:04,  8.88s/it]
                                                    
{'loss': '0.9147', 'grad_norm': '0.2003', 'learning_rate': '9.949e-06', 'epoch': '2.264'}

 14%|█▍        | 283/2000 [45:05<4:14:04,  8.88s/it]
 14%|█▍        | 284/2000 [45:14<4:10:21,  8.75s/it]
                                                    
{'loss': '0.9285', 'grad_norm': '0.4446', 'learning_rate': '9.948e-06', 'epoch': '2.272'}

 14%|█▍        | 284/2000 [45:14<4:10:21,  8.75s/it]
 14%|█▍        | 285/2000 [45:22<4:03:15,  8.51s/it]
                                                    
{'loss': '0.601', 'grad_norm': '0.3312', 'learning_rate': '9.946e-06', 'epoch': '2.28'}

 14%|█▍        | 285/2000 [45:22<4:03:15,  8.51s/it]
 14%|█▍        | 286/2000 [45:30<4:02:48,  8.50s/it]
                                                    
{'loss': '0.6525', 'grad_norm': '0.4108', 'learning_rate': '9.945e-06', 'epoch': '2.288'}

 14%|█▍        | 286/2000 [45:30<4:02:48,  8.50s/it]
 14%|█▍        | 287/2000 [45:39<4:01:03,  8.44s/it]
                                                    
{'loss': '0.8539', 'grad_norm': '0.2983', 'learning_rate': '9.944e-06', 'epoch': '2.296'}

 14%|█▍        | 287/2000 [45:39<4:01:03,  8.44s/it][WARNING] Please DO NOT tune args ['unit_flag', 'limit_auto_multi_buffer_of_local_buffer', 'set_workspace_multibuffer', 'enable_hivm_auto_cv_balance', 'tile_mix_vector_loop', 'tile_mix_cube_loop', 'num_warps', 'num_ctas', 'num_stages', 'num_buffers_warp_spec', 'num_consumer_groups', 'reg_dec_producer', 'reg_inc_consumer', 'force_simt_template', 'enable_linearize']!

 14%|█▍        | 288/2000 [45:49<4:21:51,  9.18s/it]
                                                    
{'loss': '0.6128', 'grad_norm': '0.5171', 'learning_rate': '9.942e-06', 'epoch': '2.304'}

 14%|█▍        | 288/2000 [45:49<4:21:51,  9.18s/it]
 14%|█▍        | 289/2000 [45:59<4:23:53,  9.25s/it]
                                                    
{'loss': '0.9368', 'grad_norm': '0.2248', 'learning_rate': '9.941e-06', 'epoch': '2.312'}

 14%|█▍        | 289/2000 [45:59<4:23:53,  9.25s/it]
 14%|█▍        | 290/2000 [46:08<4:19:16,  9.10s/it]
                                                    
{'loss': '0.7122', 'grad_norm': '0.2122', 'learning_rate': '9.94e-06', 'epoch': '2.32'}

 14%|█▍        | 290/2000 [46:08<4:19:16,  9.10s/it]
 15%|█▍        | 291/2000 [46:17<4:18:01,  9.06s/it]
                                                    
{'loss': '0.6728', 'grad_norm': '0.2616', 'learning_rate': '9.938e-06', 'epoch': '2.328'}

 15%|█▍        | 291/2000 [46:17<4:18:01,  9.06s/it]
 15%|█▍        | 292/2000 [46:25<4:15:59,  8.99s/it]
                                                    
{'loss': '0.687', 'grad_norm': '0.3961', 'learning_rate': '9.937e-06', 'epoch': '2.336'}

 15%|█▍        | 292/2000 [46:25<4:15:59,  8.99s/it]
 15%|█▍        | 293/2000 [46:34<4:10:50,  8.82s/it]
                                                    
{'loss': '0.9146', 'grad_norm': '0.4635', 'learning_rate': '9.936e-06', 'epoch': '2.344'}

 15%|█▍        | 293/2000 [46:34<4:10:50,  8.82s/it]
 15%|█▍        | 294/2000 [46:42<4:07:00,  8.69s/it]
                                                    
{'loss': '0.8119', 'grad_norm': '0.2927', 'learning_rate': '9.934e-06', 'epoch': '2.352'}

 15%|█▍        | 294/2000 [46:42<4:07:00,  8.69s/it]
 15%|█▍        | 295/2000 [46:50<4:00:18,  8.46s/it]
                                                    
{'loss': '0.7776', 'grad_norm': '0.4088', 'learning_rate': '9.933e-06', 'epoch': '2.36'}

 15%|█▍        | 295/2000 [46:50<4:00:18,  8.46s/it]
 15%|█▍        | 296/2000 [46:59<4:02:34,  8.54s/it]
                                                    
{'loss': '0.5138', 'grad_norm': '0.4442', 'learning_rate': '9.931e-06', 'epoch': '2.368'}

 15%|█▍        | 296/2000 [46:59<4:02:34,  8.54s/it]
 15%|█▍        | 297/2000 [47:08<4:07:40,  8.73s/it]
                                                    
{'loss': '0.776', 'grad_norm': '0.2896', 'learning_rate': '9.93e-06', 'epoch': '2.376'}

 15%|█▍        | 297/2000 [47:08<4:07:40,  8.73s/it]
 15%|█▍        | 298/2000 [47:16<3:58:59,  8.43s/it]
                                                    
{'loss': '0.9824', 'grad_norm': '0.3879', 'learning_rate': '9.929e-06', 'epoch': '2.384'}

 15%|█▍        | 298/2000 [47:16<3:58:59,  8.43s/it]
 15%|█▍        | 299/2000 [47:24<3:59:15,  8.44s/it]
                                                    
{'loss': '0.6934', 'grad_norm': '0.2916', 'learning_rate': '9.927e-06', 'epoch': '2.392'}

 15%|█▍        | 299/2000 [47:24<3:59:15,  8.44s/it]
 15%|█▌        | 300/2000 [47:33<4:02:41,  8.57s/it]
                                                    
{'loss': '0.7174', 'grad_norm': '0.4955', 'learning_rate': '9.926e-06', 'epoch': '2.4'}

 15%|█▌        | 300/2000 [47:33<4:02:41,  8.57s/it]
 15%|█▌        | 301/2000 [47:41<4:01:11,  8.52s/it]
                                                    
{'loss': '0.9858', 'grad_norm': '0.2103', 'learning_rate': '9.924e-06', 'epoch': '2.408'}

 15%|█▌        | 301/2000 [47:41<4:01:11,  8.52s/it]
 15%|█▌        | 302/2000 [47:50<4:03:49,  8.62s/it]
                                                    
{'loss': '0.6926', 'grad_norm': '0.5353', 'learning_rate': '9.923e-06', 'epoch': '2.416'}

 15%|█▌        | 302/2000 [47:50<4:03:49,  8.62s/it]
 15%|█▌        | 303/2000 [48:00<4:09:40,  8.83s/it]
                                                    
{'loss': '0.8015', 'grad_norm': '0.2821', 'learning_rate': '9.921e-06', 'epoch': '2.424'}

 15%|█▌        | 303/2000 [48:00<4:09:40,  8.83s/it]
 15%|█▌        | 304/2000 [48:08<4:03:14,  8.61s/it]
                                                    
{'loss': '0.7637', 'grad_norm': '0.4344', 'learning_rate': '9.919e-06', 'epoch': '2.432'}

 15%|█▌        | 304/2000 [48:08<4:03:14,  8.61s/it]
 15%|█▌        | 305/2000 [48:16<4:00:45,  8.52s/it]
                                                    
{'loss': '0.6969', 'grad_norm': '0.2801', 'learning_rate': '9.918e-06', 'epoch': '2.44'}

 15%|█▌        | 305/2000 [48:16<4:00:45,  8.52s/it]
 15%|█▌        | 306/2000 [48:24<3:58:59,  8.46s/it]
                                                    
{'loss': '0.8538', 'grad_norm': '0.3223', 'learning_rate': '9.916e-06', 'epoch': '2.448'}

 15%|█▌        | 306/2000 [48:24<3:58:59,  8.46s/it]
 15%|█▌        | 307/2000 [48:34<4:06:06,  8.72s/it]
                                                    
{'loss': '0.8463', 'grad_norm': '0.1884', 'learning_rate': '9.915e-06', 'epoch': '2.456'}

 15%|█▌        | 307/2000 [48:34<4:06:06,  8.72s/it]
 15%|█▌        | 308/2000 [48:42<4:06:48,  8.75s/it]
                                                    
{'loss': '1.031', 'grad_norm': '0.2232', 'learning_rate': '9.913e-06', 'epoch': '2.464'}

 15%|█▌        | 308/2000 [48:43<4:06:48,  8.75s/it]
 15%|█▌        | 309/2000 [48:51<4:01:54,  8.58s/it]
                                                    
{'loss': '0.7562', 'grad_norm': '0.2728', 'learning_rate': '9.911e-06', 'epoch': '2.472'}

 15%|█▌        | 309/2000 [48:51<4:01:54,  8.58s/it]
 16%|█▌        | 310/2000 [48:59<3:58:41,  8.47s/it]
                                                    
{'loss': '0.7485', 'grad_norm': '0.2546', 'learning_rate': '9.91e-06', 'epoch': '2.48'}

 16%|█▌        | 310/2000 [48:59<3:58:41,  8.47s/it]
 16%|█▌        | 311/2000 [49:08<4:07:08,  8.78s/it]
                                                    
{'loss': '0.9038', 'grad_norm': '0.219', 'learning_rate': '9.908e-06', 'epoch': '2.488'}

 16%|█▌        | 311/2000 [49:08<4:07:08,  8.78s/it]
 16%|█▌        | 312/2000 [49:17<4:04:02,  8.67s/it]
                                                    
{'loss': '1.009', 'grad_norm': '0.3247', 'learning_rate': '9.906e-06', 'epoch': '2.496'}

 16%|█▌        | 312/2000 [49:17<4:04:02,  8.67s/it]
 16%|█▌        | 313/2000 [49:25<4:01:55,  8.60s/it]
                                                    
{'loss': '1.094', 'grad_norm': '0.4242', 'learning_rate': '9.905e-06', 'epoch': '2.504'}

 16%|█▌        | 313/2000 [49:25<4:01:55,  8.60s/it]
 16%|█▌        | 314/2000 [49:34<4:01:35,  8.60s/it]
                                                    
{'loss': '0.8851', 'grad_norm': '0.9177', 'learning_rate': '9.903e-06', 'epoch': '2.512'}

 16%|█▌        | 314/2000 [49:34<4:01:35,  8.60s/it]
 16%|█▌        | 315/2000 [49:43<4:03:18,  8.66s/it]
                                                    
{'loss': '0.7003', 'grad_norm': '0.2228', 'learning_rate': '9.901e-06', 'epoch': '2.52'}

 16%|█▌        | 315/2000 [49:43<4:03:18,  8.66s/it]
 16%|█▌        | 316/2000 [49:51<4:01:01,  8.59s/it]
                                                    
{'loss': '0.7351', 'grad_norm': '0.3787', 'learning_rate': '9.9e-06', 'epoch': '2.528'}

 16%|█▌        | 316/2000 [49:51<4:01:01,  8.59s/it]
 16%|█▌        | 317/2000 [50:00<4:00:38,  8.58s/it]
                                                    
{'loss': '0.9', 'grad_norm': '0.2523', 'learning_rate': '9.898e-06', 'epoch': '2.536'}

 16%|█▌        | 317/2000 [50:00<4:00:38,  8.58s/it]
 16%|█▌        | 318/2000 [50:09<4:03:44,  8.69s/it]
                                                    
{'loss': '0.8767', 'grad_norm': '0.1469', 'learning_rate': '9.896e-06', 'epoch': '2.544'}

 16%|█▌        | 318/2000 [50:09<4:03:44,  8.69s/it]
 16%|█▌        | 319/2000 [50:17<3:58:19,  8.51s/it]
                                                    
{'loss': '0.9685', 'grad_norm': '0.2887', 'learning_rate': '9.894e-06', 'epoch': '2.552'}

 16%|█▌        | 319/2000 [50:17<3:58:19,  8.51s/it]
 16%|█▌        | 320/2000 [50:25<3:58:41,  8.52s/it]
                                                    
{'loss': '1.091', 'grad_norm': '0.5362', 'learning_rate': '9.893e-06', 'epoch': '2.56'}

 16%|█▌        | 320/2000 [50:25<3:58:41,  8.52s/it]
 16%|█▌        | 321/2000 [50:34<4:02:37,  8.67s/it]
                                                    
{'loss': '0.7756', 'grad_norm': '0.3047', 'learning_rate': '9.891e-06', 'epoch': '2.568'}

 16%|█▌        | 321/2000 [50:34<4:02:37,  8.67s/it]
 16%|█▌        | 322/2000 [50:43<4:01:20,  8.63s/it]
                                                    
{'loss': '0.7791', 'grad_norm': '0.1853', 'learning_rate': '9.889e-06', 'epoch': '2.576'}

 16%|█▌        | 322/2000 [50:43<4:01:20,  8.63s/it]
 16%|█▌        | 323/2000 [50:51<3:58:54,  8.55s/it]
                                                    
{'loss': '0.8281', 'grad_norm': '0.3444', 'learning_rate': '9.887e-06', 'epoch': '2.584'}

 16%|█▌        | 323/2000 [50:51<3:58:54,  8.55s/it]
 16%|█▌        | 324/2000 [50:59<3:56:28,  8.47s/it]
                                                    
{'loss': '0.812', 'grad_norm': '0.4268', 'learning_rate': '9.885e-06', 'epoch': '2.592'}

 16%|█▌        | 324/2000 [50:59<3:56:28,  8.47s/it]
 16%|█▋        | 325/2000 [51:08<3:59:39,  8.58s/it]
                                                    
{'loss': '0.8865', 'grad_norm': '0.3822', 'learning_rate': '9.883e-06', 'epoch': '2.6'}

 16%|█▋        | 325/2000 [51:08<3:59:39,  8.58s/it]
 16%|█▋        | 326/2000 [51:16<3:56:02,  8.46s/it]
                                                    
{'loss': '1.116', 'grad_norm': '0.3822', 'learning_rate': '9.881e-06', 'epoch': '2.608'}

 16%|█▋        | 326/2000 [51:16<3:56:02,  8.46s/it]
 16%|█▋        | 327/2000 [51:26<4:01:58,  8.68s/it]
                                                    
{'loss': '0.7746', 'grad_norm': '0.2482', 'learning_rate': '9.88e-06', 'epoch': '2.616'}

 16%|█▋        | 327/2000 [51:26<4:01:58,  8.68s/it]
 16%|█▋        | 328/2000 [51:35<4:05:11,  8.80s/it]
                                                    
{'loss': '0.865', 'grad_norm': '0.4117', 'learning_rate': '9.878e-06', 'epoch': '2.624'}

 16%|█▋        | 328/2000 [51:35<4:05:11,  8.80s/it]
 16%|█▋        | 329/2000 [51:43<3:59:01,  8.58s/it]
                                                    
{'loss': '0.8831', 'grad_norm': '0.2871', 'learning_rate': '9.876e-06', 'epoch': '2.632'}

 16%|█▋        | 329/2000 [51:43<3:59:01,  8.58s/it]
 16%|█▋        | 330/2000 [51:51<3:58:47,  8.58s/it]
                                                    
{'loss': '0.835', 'grad_norm': '0.3494', 'learning_rate': '9.874e-06', 'epoch': '2.64'}

 16%|█▋        | 330/2000 [51:51<3:58:47,  8.58s/it]
 17%|█▋        | 331/2000 [52:00<3:56:23,  8.50s/it]
                                                    
{'loss': '0.6393', 'grad_norm': '0.3091', 'learning_rate': '9.872e-06', 'epoch': '2.648'}

 17%|█▋        | 331/2000 [52:00<3:56:23,  8.50s/it]
 17%|█▋        | 332/2000 [52:09<4:03:08,  8.75s/it]
                                                    
{'loss': '0.967', 'grad_norm': '0.2296', 'learning_rate': '9.87e-06', 'epoch': '2.656'}

 17%|█▋        | 332/2000 [52:09<4:03:08,  8.75s/it]
 17%|█▋        | 333/2000 [52:17<3:59:55,  8.64s/it]
                                                    
{'loss': '1.011', 'grad_norm': '0.272', 'learning_rate': '9.868e-06', 'epoch': '2.664'}

 17%|█▋        | 333/2000 [52:17<3:59:55,  8.64s/it]
 17%|█▋        | 334/2000 [52:26<4:01:54,  8.71s/it]
                                                    
{'loss': '1.236', 'grad_norm': '0.479', 'learning_rate': '9.866e-06', 'epoch': '2.672'}

 17%|█▋        | 334/2000 [52:26<4:01:54,  8.71s/it]
 17%|█▋        | 335/2000 [52:36<4:07:57,  8.94s/it]
                                                    
{'loss': '0.838', 'grad_norm': '0.4733', 'learning_rate': '9.864e-06', 'epoch': '2.68'}

 17%|█▋        | 335/2000 [52:36<4:07:57,  8.94s/it]
 17%|█▋        | 336/2000 [52:44<4:00:57,  8.69s/it]
                                                    
{'loss': '0.9388', 'grad_norm': '0.2671', 'learning_rate': '9.862e-06', 'epoch': '2.688'}

 17%|█▋        | 336/2000 [52:44<4:00:57,  8.69s/it]
 17%|█▋        | 337/2000 [52:52<3:58:22,  8.60s/it]
                                                    
{'loss': '0.7113', 'grad_norm': '0.3031', 'learning_rate': '9.86e-06', 'epoch': '2.696'}

 17%|█▋        | 337/2000 [52:52<3:58:22,  8.60s/it]
 17%|█▋        | 338/2000 [53:01<3:56:44,  8.55s/it]
                                                    
{'loss': '0.588', 'grad_norm': '0.3326', 'learning_rate': '9.858e-06', 'epoch': '2.704'}

 17%|█▋        | 338/2000 [53:01<3:56:44,  8.55s/it]
 17%|█▋        | 339/2000 [53:09<3:55:33,  8.51s/it]
                                                    
{'loss': '0.5637', 'grad_norm': '0.3039', 'learning_rate': '9.856e-06', 'epoch': '2.712'}

 17%|█▋        | 339/2000 [53:09<3:55:33,  8.51s/it]
 17%|█▋        | 340/2000 [53:18<4:01:56,  8.74s/it]
                                                    
{'loss': '1.016', 'grad_norm': '0.5024', 'learning_rate': '9.854e-06', 'epoch': '2.72'}

 17%|█▋        | 340/2000 [53:18<4:01:56,  8.74s/it]
 17%|█▋        | 341/2000 [53:27<4:00:30,  8.70s/it]
                                                    
{'loss': '0.6841', 'grad_norm': '0.1144', 'learning_rate': '9.851e-06', 'epoch': '2.728'}

 17%|█▋        | 341/2000 [53:27<4:00:30,  8.70s/it]
 17%|█▋        | 342/2000 [53:49<5:49:41, 12.65s/it]
                                                    
{'loss': '0.8987', 'grad_norm': '0.2721', 'learning_rate': '9.849e-06', 'epoch': '2.736'}

 17%|█▋        | 342/2000 [53:49<5:49:41, 12.65s/it]
 17%|█▋        | 343/2000 [53:57<5:12:19, 11.31s/it]
                                                    
{'loss': '0.7192', 'grad_norm': '0.3892', 'learning_rate': '9.847e-06', 'epoch': '2.744'}

 17%|█▋        | 343/2000 [53:57<5:12:19, 11.31s/it]
 17%|█▋        | 344/2000 [54:05<4:47:12, 10.41s/it]
                                                    
{'loss': '0.8802', 'grad_norm': '0.307', 'learning_rate': '9.845e-06', 'epoch': '2.752'}

 17%|█▋        | 344/2000 [54:05<4:47:12, 10.41s/it]
 17%|█▋        | 345/2000 [54:14<4:36:49, 10.04s/it]
                                                    
{'loss': '0.7854', 'grad_norm': '0.3146', 'learning_rate': '9.843e-06', 'epoch': '2.76'}

 17%|█▋        | 345/2000 [54:14<4:36:49, 10.04s/it]
 17%|█▋        | 346/2000 [54:23<4:28:10,  9.73s/it]
                                                    
{'loss': '0.8335', 'grad_norm': '0.2583', 'learning_rate': '9.841e-06', 'epoch': '2.768'}

 17%|█▋        | 346/2000 [54:24<4:28:10,  9.73s/it]
 17%|█▋        | 347/2000 [54:32<4:17:50,  9.36s/it]
                                                    
{'loss': '0.6596', 'grad_norm': '0.1891', 'learning_rate': '9.839e-06', 'epoch': '2.776'}

 17%|█▋        | 347/2000 [54:32<4:17:50,  9.36s/it]
 17%|█▋        | 348/2000 [54:41<4:12:59,  9.19s/it]
                                                    
{'loss': '0.6437', 'grad_norm': '0.2367', 'learning_rate': '9.836e-06', 'epoch': '2.784'}

 17%|█▋        | 348/2000 [54:41<4:12:59,  9.19s/it]
 17%|█▋        | 349/2000 [54:50<4:10:38,  9.11s/it]
                                                    
{'loss': '0.7756', 'grad_norm': '0.3403', 'learning_rate': '9.834e-06', 'epoch': '2.792'}

 17%|█▋        | 349/2000 [54:50<4:10:38,  9.11s/it]
 18%|█▊        | 350/2000 [54:59<4:08:50,  9.05s/it]
                                                    
{'loss': '1.136', 'grad_norm': '0.336', 'learning_rate': '9.832e-06', 'epoch': '2.8'}

 18%|█▊        | 350/2000 [54:59<4:08:50,  9.05s/it]
 18%|█▊        | 351/2000 [55:08<4:08:31,  9.04s/it]
                                                    
{'loss': '0.842', 'grad_norm': '0.4078', 'learning_rate': '9.83e-06', 'epoch': '2.808'}

 18%|█▊        | 351/2000 [55:08<4:08:31,  9.04s/it]
 18%|█▊        | 352/2000 [55:30<5:58:37, 13.06s/it]
                                                    
{'loss': '0.7446', 'grad_norm': '0.3896', 'learning_rate': '9.827e-06', 'epoch': '2.816'}

 18%|█▊        | 352/2000 [55:30<5:58:37, 13.06s/it]
 18%|█▊        | 353/2000 [55:39<5:23:39, 11.79s/it]
                                                    
{'loss': '0.6789', 'grad_norm': '0.267', 'learning_rate': '9.825e-06', 'epoch': '2.824'}

 18%|█▊        | 353/2000 [55:39<5:23:39, 11.79s/it]
 18%|█▊        | 354/2000 [55:48<4:59:06, 10.90s/it]
                                                    
{'loss': '0.7478', 'grad_norm': '0.4676', 'learning_rate': '9.823e-06', 'epoch': '2.832'}

 18%|█▊        | 354/2000 [55:48<4:59:06, 10.90s/it]
 18%|█▊        | 355/2000 [55:56<4:39:03, 10.18s/it]
                                                    
{'loss': '0.9253', 'grad_norm': '0.1881', 'learning_rate': '9.82e-06', 'epoch': '2.84'}

 18%|█▊        | 355/2000 [55:56<4:39:03, 10.18s/it]
 18%|█▊        | 356/2000 [56:05<4:30:16,  9.86s/it]
                                                    
{'loss': '0.9508', 'grad_norm': '0.1454', 'learning_rate': '9.818e-06', 'epoch': '2.848'}

 18%|█▊        | 356/2000 [56:05<4:30:16,  9.86s/it]
 18%|█▊        | 357/2000 [56:14<4:16:52,  9.38s/it]
                                                    
{'loss': '0.7388', 'grad_norm': '0.3917', 'learning_rate': '9.816e-06', 'epoch': '2.856'}

 18%|█▊        | 357/2000 [56:14<4:16:52,  9.38s/it]
 18%|█▊        | 358/2000 [56:22<4:10:52,  9.17s/it]
                                                    
{'loss': '0.7043', 'grad_norm': '0.2894', 'learning_rate': '9.813e-06', 'epoch': '2.864'}

 18%|█▊        | 358/2000 [56:22<4:10:52,  9.17s/it]
 18%|█▊        | 359/2000 [56:32<4:11:39,  9.20s/it]
                                                    
{'loss': '0.8599', 'grad_norm': '0.4561', 'learning_rate': '9.811e-06', 'epoch': '2.872'}

 18%|█▊        | 359/2000 [56:32<4:11:39,  9.20s/it]
 18%|█▊        | 360/2000 [56:40<4:08:43,  9.10s/it]
                                                    
{'loss': '1.18', 'grad_norm': '0.2883', 'learning_rate': '9.809e-06', 'epoch': '2.88'}

 18%|█▊        | 360/2000 [56:40<4:08:43,  9.10s/it]
 18%|█▊        | 361/2000 [56:48<3:59:31,  8.77s/it]
                                                    
{'loss': '0.8337', 'grad_norm': '0.389', 'learning_rate': '9.806e-06', 'epoch': '2.888'}

 18%|█▊        | 361/2000 [56:48<3:59:31,  8.77s/it]
 18%|█▊        | 362/2000 [56:57<4:01:49,  8.86s/it]
                                                    
{'loss': '0.7119', 'grad_norm': '0.2337', 'learning_rate': '9.804e-06', 'epoch': '2.896'}

 18%|█▊        | 362/2000 [56:58<4:01:49,  8.86s/it]
 18%|█▊        | 363/2000 [57:06<4:02:08,  8.88s/it]
                                                    
{'loss': '0.8584', 'grad_norm': '0.3684', 'learning_rate': '9.801e-06', 'epoch': '2.904'}

 18%|█▊        | 363/2000 [57:06<4:02:08,  8.88s/it]
 18%|█▊        | 364/2000 [57:15<3:57:14,  8.70s/it]
                                                    
{'loss': '0.9231', 'grad_norm': '0.308', 'learning_rate': '9.799e-06', 'epoch': '2.912'}

 18%|█▊        | 364/2000 [57:15<3:57:14,  8.70s/it]
 18%|█▊        | 365/2000 [57:24<4:03:48,  8.95s/it]
                                                    
{'loss': '0.6942', 'grad_norm': '0.238', 'learning_rate': '9.797e-06', 'epoch': '2.92'}

 18%|█▊        | 365/2000 [57:24<4:03:48,  8.95s/it]
 18%|█▊        | 366/2000 [57:33<3:58:45,  8.77s/it]
                                                    
{'loss': '0.7589', 'grad_norm': '0.5479', 'learning_rate': '9.794e-06', 'epoch': '2.928'}

 18%|█▊        | 366/2000 [57:33<3:58:45,  8.77s/it]
 18%|█▊        | 367/2000 [57:42<4:00:26,  8.83s/it]
                                                    
{'loss': '0.5775', 'grad_norm': '0.228', 'learning_rate': '9.792e-06', 'epoch': '2.936'}

 18%|█▊        | 367/2000 [57:42<4:00:26,  8.83s/it]
 18%|█▊        | 368/2000 [57:50<3:55:32,  8.66s/it]
                                                    
{'loss': '0.6987', 'grad_norm': '0.6457', 'learning_rate': '9.789e-06', 'epoch': '2.944'}

 18%|█▊        | 368/2000 [57:50<3:55:32,  8.66s/it]
 18%|█▊        | 369/2000 [57:58<3:52:01,  8.54s/it]
                                                    
{'loss': '0.5268', 'grad_norm': '0.2083', 'learning_rate': '9.787e-06', 'epoch': '2.952'}

 18%|█▊        | 369/2000 [57:58<3:52:01,  8.54s/it]
 18%|█▊        | 370/2000 [58:07<3:58:47,  8.79s/it]
                                                    
{'loss': '0.7012', 'grad_norm': '0.4947', 'learning_rate': '9.784e-06', 'epoch': '2.96'}

 18%|█▊        | 370/2000 [58:08<3:58:47,  8.79s/it]
 19%|█▊        | 371/2000 [58:16<3:52:56,  8.58s/it]
                                                    
{'loss': '0.6332', 'grad_norm': '0.2057', 'learning_rate': '9.782e-06', 'epoch': '2.968'}

 19%|█▊        | 371/2000 [58:16<3:52:56,  8.58s/it]
 19%|█▊        | 372/2000 [58:24<3:54:22,  8.64s/it]
                                                    
{'loss': '0.9138', 'grad_norm': '0.2678', 'learning_rate': '9.779e-06', 'epoch': '2.976'}

 19%|█▊        | 372/2000 [58:24<3:54:22,  8.64s/it]
 19%|█▊        | 373/2000 [58:33<3:52:04,  8.56s/it]
                                                    
{'loss': '0.6597', 'grad_norm': '0.236', 'learning_rate': '9.776e-06', 'epoch': '2.984'}

 19%|█▊        | 373/2000 [58:33<3:52:04,  8.56s/it]
 19%|█▊        | 374/2000 [58:42<3:54:49,  8.66s/it]
                                                    
{'loss': '0.7104', 'grad_norm': '0.2626', 'learning_rate': '9.774e-06', 'epoch': '2.992'}

 19%|█▊        | 374/2000 [58:42<3:54:49,  8.66s/it]
 19%|█▉        | 375/2000 [58:52<4:11:29,  9.29s/it]
                                                    
{'loss': '0.9513', 'grad_norm': '0.3586', 'learning_rate': '9.771e-06', 'epoch': '3'}

 19%|█▉        | 375/2000 [58:52<4:11:29,  9.29s/it]
 19%|█▉        | 376/2000 [59:02<4:14:16,  9.39s/it]
                                                    
{'loss': '0.5436', 'grad_norm': '0.2758', 'learning_rate': '9.769e-06', 'epoch': '3.008'}

 19%|█▉        | 376/2000 [59:02<4:14:16,  9.39s/it]
 19%|█▉        | 377/2000 [59:11<4:12:33,  9.34s/it]
                                                    
{'loss': '0.7375', 'grad_norm': '0.247', 'learning_rate': '9.766e-06', 'epoch': '3.016'}

 19%|█▉        | 377/2000 [59:11<4:12:33,  9.34s/it]
 19%|█▉        | 378/2000 [59:20<4:05:12,  9.07s/it]
                                                    
{'loss': '0.7539', 'grad_norm': '0.3684', 'learning_rate': '9.763e-06', 'epoch': '3.024'}

 19%|█▉        | 378/2000 [59:20<4:05:12,  9.07s/it]
 19%|█▉        | 379/2000 [59:28<4:02:01,  8.96s/it]
                                                    
{'loss': '0.892', 'grad_norm': '0.4125', 'learning_rate': '9.761e-06', 'epoch': '3.032'}

 19%|█▉        | 379/2000 [59:28<4:02:01,  8.96s/it]
 19%|█▉        | 380/2000 [59:38<4:04:35,  9.06s/it]
                                                    
{'loss': '0.9268', 'grad_norm': '0.22', 'learning_rate': '9.758e-06', 'epoch': '3.04'}

 19%|█▉        | 380/2000 [59:38<4:04:35,  9.06s/it]
 19%|█▉        | 381/2000 [59:46<4:02:20,  8.98s/it]
                                                    
{'loss': '0.6473', 'grad_norm': '0.3389', 'learning_rate': '9.755e-06', 'epoch': '3.048'}

 19%|█▉        | 381/2000 [59:46<4:02:20,  8.98s/it]
 19%|█▉        | 382/2000 [59:55<4:00:57,  8.94s/it]
                                                    
{'loss': '0.7158', 'grad_norm': '0.1897', 'learning_rate': '9.753e-06', 'epoch': '3.056'}

 19%|█▉        | 382/2000 [59:55<4:00:57,  8.94s/it]
 19%|█▉        | 383/2000 [1:00:04<4:00:14,  8.91s/it]
                                                      
{'loss': '0.8262', 'grad_norm': '0.428', 'learning_rate': '9.75e-06', 'epoch': '3.064'}

 19%|█▉        | 383/2000 [1:00:04<4:00:14,  8.91s/it]
 19%|█▉        | 384/2000 [1:00:13<3:58:14,  8.85s/it]
                                                      
{'loss': '1.053', 'grad_norm': '0.3061', 'learning_rate': '9.747e-06', 'epoch': '3.072'}

 19%|█▉        | 384/2000 [1:00:13<3:58:14,  8.85s/it]
 19%|█▉        | 385/2000 [1:00:21<3:56:04,  8.77s/it]
                                                      
{'loss': '0.78', 'grad_norm': '0.3538', 'learning_rate': '9.744e-06', 'epoch': '3.08'}

 19%|█▉        | 385/2000 [1:00:21<3:56:04,  8.77s/it]
 19%|█▉        | 386/2000 [1:00:30<3:56:08,  8.78s/it]
                                                      
{'loss': '0.7933', 'grad_norm': '0.1902', 'learning_rate': '9.742e-06', 'epoch': '3.088'}

 19%|█▉        | 386/2000 [1:00:30<3:56:08,  8.78s/it]
 19%|█▉        | 387/2000 [1:00:39<3:59:51,  8.92s/it]
                                                      
{'loss': '0.625', 'grad_norm': '0.2707', 'learning_rate': '9.739e-06', 'epoch': '3.096'}

 19%|█▉        | 387/2000 [1:00:39<3:59:51,  8.92s/it]
 19%|█▉        | 388/2000 [1:00:47<3:52:29,  8.65s/it]
                                                      
{'loss': '0.6245', 'grad_norm': '0.2594', 'learning_rate': '9.736e-06', 'epoch': '3.104'}

 19%|█▉        | 388/2000 [1:00:48<3:52:29,  8.65s/it]
 19%|█▉        | 389/2000 [1:00:57<3:57:10,  8.83s/it]
                                                      
{'loss': '0.8696', 'grad_norm': '0.2018', 'learning_rate': '9.733e-06', 'epoch': '3.112'}

 19%|█▉        | 389/2000 [1:00:57<3:57:10,  8.83s/it]
 20%|█▉        | 390/2000 [1:01:06<4:02:51,  9.05s/it]
                                                      
{'loss': '0.8269', 'grad_norm': '0.3792', 'learning_rate': '9.73e-06', 'epoch': '3.12'}

 20%|█▉        | 390/2000 [1:01:06<4:02:51,  9.05s/it]
 20%|█▉        | 391/2000 [1:01:15<3:57:26,  8.85s/it]
                                                      
{'loss': '0.6105', 'grad_norm': '0.2451', 'learning_rate': '9.728e-06', 'epoch': '3.128'}

 20%|█▉        | 391/2000 [1:01:15<3:57:26,  8.85s/it]
 20%|█▉        | 392/2000 [1:01:24<3:59:58,  8.95s/it]
                                                      
{'loss': '0.7854', 'grad_norm': '0.1606', 'learning_rate': '9.725e-06', 'epoch': '3.136'}

 20%|█▉        | 392/2000 [1:01:24<3:59:58,  8.95s/it]
 20%|█▉        | 393/2000 [1:01:32<3:56:10,  8.82s/it]
                                                      
{'loss': '0.4437', 'grad_norm': '0.232', 'learning_rate': '9.722e-06', 'epoch': '3.144'}

 20%|█▉        | 393/2000 [1:01:32<3:56:10,  8.82s/it]
 20%|█▉        | 394/2000 [1:01:41<3:52:39,  8.69s/it]
                                                      
{'loss': '0.7206', 'grad_norm': '0.3724', 'learning_rate': '9.719e-06', 'epoch': '3.152'}

 20%|█▉        | 394/2000 [1:01:41<3:52:39,  8.69s/it]
 20%|█▉        | 395/2000 [1:01:49<3:46:08,  8.45s/it]
                                                      
{'loss': '0.7804', 'grad_norm': '0.26', 'learning_rate': '9.716e-06', 'epoch': '3.16'}

 20%|█▉        | 395/2000 [1:01:49<3:46:08,  8.45s/it]
 20%|█▉        | 396/2000 [1:01:58<3:50:42,  8.63s/it]
                                                      
{'loss': '0.8604', 'grad_norm': '0.3071', 'learning_rate': '9.713e-06', 'epoch': '3.168'}

 20%|█▉        | 396/2000 [1:01:58<3:50:42,  8.63s/it]
 20%|█▉        | 397/2000 [1:02:06<3:47:06,  8.50s/it]
                                                      
{'loss': '0.9336', 'grad_norm': '0.3998', 'learning_rate': '9.71e-06', 'epoch': '3.176'}

 20%|█▉        | 397/2000 [1:02:06<3:47:06,  8.50s/it]
 20%|█▉        | 398/2000 [1:02:15<3:49:20,  8.59s/it]
                                                      
{'loss': '0.7092', 'grad_norm': '0.2836', 'learning_rate': '9.707e-06', 'epoch': '3.184'}

 20%|█▉        | 398/2000 [1:02:15<3:49:20,  8.59s/it]
 20%|█▉        | 399/2000 [1:02:24<3:51:03,  8.66s/it]
                                                      
{'loss': '0.6997', 'grad_norm': '0.2778', 'learning_rate': '9.704e-06', 'epoch': '3.192'}

 20%|█▉        | 399/2000 [1:02:24<3:51:03,  8.66s/it]
 20%|██        | 400/2000 [1:02:32<3:50:30,  8.64s/it]
                                                      
{'loss': '1.062', 'grad_norm': '0.3992', 'learning_rate': '9.701e-06', 'epoch': '3.2'}

 20%|██        | 400/2000 [1:02:32<3:50:30,  8.64s/it]
 20%|██        | 401/2000 [1:02:41<3:54:40,  8.81s/it]
                                                      
{'loss': '0.8088', 'grad_norm': '0.4179', 'learning_rate': '9.698e-06', 'epoch': '3.208'}

 20%|██        | 401/2000 [1:02:41<3:54:40,  8.81s/it]
 20%|██        | 402/2000 [1:02:49<3:49:23,  8.61s/it]
                                                      
{'loss': '0.7316', 'grad_norm': '0.4439', 'learning_rate': '9.695e-06', 'epoch': '3.216'}

 20%|██        | 402/2000 [1:02:50<3:49:23,  8.61s/it]
 20%|██        | 403/2000 [1:02:58<3:48:49,  8.60s/it]
                                                      
{'loss': '0.5861', 'grad_norm': '0.3575', 'learning_rate': '9.692e-06', 'epoch': '3.224'}

 20%|██        | 403/2000 [1:02:58<3:48:49,  8.60s/it]
 20%|██        | 404/2000 [1:03:07<3:53:47,  8.79s/it]
                                                      
{'loss': '0.8445', 'grad_norm': '0.3237', 'learning_rate': '9.689e-06', 'epoch': '3.232'}

 20%|██        | 404/2000 [1:03:07<3:53:47,  8.79s/it]
 20%|██        | 405/2000 [1:03:16<3:50:34,  8.67s/it]
                                                      
{'loss': '0.8422', 'grad_norm': '0.1839', 'learning_rate': '9.686e-06', 'epoch': '3.24'}

 20%|██        | 405/2000 [1:03:16<3:50:34,  8.67s/it]
 20%|██        | 406/2000 [1:03:25<3:56:36,  8.91s/it]
                                                      
{'loss': '0.8416', 'grad_norm': '0.3179', 'learning_rate': '9.683e-06', 'epoch': '3.248'}

 20%|██        | 406/2000 [1:03:25<3:56:36,  8.91s/it]
 20%|██        | 407/2000 [1:03:34<3:52:29,  8.76s/it]
                                                      
{'loss': '0.72', 'grad_norm': '0.2272', 'learning_rate': '9.68e-06', 'epoch': '3.256'}

 20%|██        | 407/2000 [1:03:34<3:52:29,  8.76s/it]
 20%|██        | 408/2000 [1:03:42<3:52:30,  8.76s/it]
                                                      
{'loss': '0.8016', 'grad_norm': '0.2569', 'learning_rate': '9.677e-06', 'epoch': '3.264'}

 20%|██        | 408/2000 [1:03:42<3:52:30,  8.76s/it]
 20%|██        | 409/2000 [1:03:51<3:53:35,  8.81s/it]
                                                      
{'loss': '0.9316', 'grad_norm': '0.5421', 'learning_rate': '9.674e-06', 'epoch': '3.272'}

 20%|██        | 409/2000 [1:03:51<3:53:35,  8.81s/it]
 20%|██        | 410/2000 [1:04:00<3:49:55,  8.68s/it]
                                                      
{'loss': '0.8539', 'grad_norm': '0.2614', 'learning_rate': '9.671e-06', 'epoch': '3.28'}

 20%|██        | 410/2000 [1:04:00<3:49:55,  8.68s/it]
 21%|██        | 411/2000 [1:04:08<3:50:20,  8.70s/it]
                                                      
{'loss': '0.8188', 'grad_norm': '0.7379', 'learning_rate': '9.668e-06', 'epoch': '3.288'}

 21%|██        | 411/2000 [1:04:08<3:50:20,  8.70s/it]
 21%|██        | 412/2000 [1:04:16<3:40:28,  8.33s/it]
                                                      
{'loss': '0.6971', 'grad_norm': '0.3244', 'learning_rate': '9.665e-06', 'epoch': '3.296'}

 21%|██        | 412/2000 [1:04:16<3:40:28,  8.33s/it]
 21%|██        | 413/2000 [1:04:24<3:39:33,  8.30s/it]
                                                      
{'loss': '0.9487', 'grad_norm': '0.2664', 'learning_rate': '9.662e-06', 'epoch': '3.304'}

 21%|██        | 413/2000 [1:04:24<3:39:33,  8.30s/it]
 21%|██        | 414/2000 [1:04:34<3:50:23,  8.72s/it]
                                                      
{'loss': '0.7721', 'grad_norm': '0.2178', 'learning_rate': '9.658e-06', 'epoch': '3.312'}

 21%|██        | 414/2000 [1:04:34<3:50:23,  8.72s/it]
 21%|██        | 415/2000 [1:04:43<3:52:31,  8.80s/it]
                                                      
{'loss': '0.8964', 'grad_norm': '0.463', 'learning_rate': '9.655e-06', 'epoch': '3.32'}

 21%|██        | 415/2000 [1:04:43<3:52:31,  8.80s/it]
 21%|██        | 416/2000 [1:04:52<3:57:38,  9.00s/it]
                                                      
{'loss': '0.9673', 'grad_norm': '0.1637', 'learning_rate': '9.652e-06', 'epoch': '3.328'}

 21%|██        | 416/2000 [1:04:52<3:57:38,  9.00s/it][WARNING] Please DO NOT tune args ['unit_flag', 'limit_auto_multi_buffer_of_local_buffer', 'set_workspace_multibuffer', 'enable_hivm_auto_cv_balance', 'tile_mix_vector_loop', 'tile_mix_cube_loop', 'num_warps', 'num_ctas', 'num_stages', 'num_buffers_warp_spec', 'num_consumer_groups', 'reg_dec_producer', 'reg_inc_consumer', 'force_simt_template', 'enable_linearize']!

 21%|██        | 417/2000 [1:05:12<5:21:02, 12.17s/it]
                                                      
{'loss': '0.7073', 'grad_norm': '0.2924', 'learning_rate': '9.649e-06', 'epoch': '3.336'}

 21%|██        | 417/2000 [1:05:12<5:21:02, 12.17s/it]
 21%|██        | 418/2000 [1:05:20<4:48:09, 10.93s/it]
                                                      
{'loss': '0.7498', 'grad_norm': '0.3276', 'learning_rate': '9.646e-06', 'epoch': '3.344'}

 21%|██        | 418/2000 [1:05:20<4:48:09, 10.93s/it]
 21%|██        | 419/2000 [1:05:30<4:41:00, 10.66s/it]
                                                      
{'loss': '1.003', 'grad_norm': '0.2291', 'learning_rate': '9.642e-06', 'epoch': '3.352'}

 21%|██        | 419/2000 [1:05:30<4:41:00, 10.66s/it]
 21%|██        | 420/2000 [1:05:39<4:26:18, 10.11s/it]
                                                      
{'loss': '0.8319', 'grad_norm': '0.3254', 'learning_rate': '9.639e-06', 'epoch': '3.36'}

 21%|██        | 420/2000 [1:05:39<4:26:18, 10.11s/it]
 21%|██        | 421/2000 [1:05:47<4:12:51,  9.61s/it]
                                                      
{'loss': '0.9243', 'grad_norm': '0.4101', 'learning_rate': '9.636e-06', 'epoch': '3.368'}

 21%|██        | 421/2000 [1:05:47<4:12:51,  9.61s/it]
 21%|██        | 422/2000 [1:05:56<4:09:01,  9.47s/it]
                                                      
{'loss': '0.7091', 'grad_norm': '0.272', 'learning_rate': '9.633e-06', 'epoch': '3.376'}

 21%|██        | 422/2000 [1:05:56<4:09:01,  9.47s/it]
 21%|██        | 423/2000 [1:06:04<3:56:18,  8.99s/it]
                                                      
{'loss': '0.5391', 'grad_norm': '0.2597', 'learning_rate': '9.629e-06', 'epoch': '3.384'}

 21%|██        | 423/2000 [1:06:04<3:56:18,  8.99s/it]
 21%|██        | 424/2000 [1:06:13<3:55:01,  8.95s/it]
                                                      
{'loss': '0.8531', 'grad_norm': '0.1825', 'learning_rate': '9.626e-06', 'epoch': '3.392'}

 21%|██        | 424/2000 [1:06:13<3:55:01,  8.95s/it]
 21%|██▏       | 425/2000 [1:06:22<3:57:45,  9.06s/it]
                                                      
{'loss': '0.7558', 'grad_norm': '0.2797', 'learning_rate': '9.623e-06', 'epoch': '3.4'}

 21%|██▏       | 425/2000 [1:06:22<3:57:45,  9.06s/it]
 21%|██▏       | 426/2000 [1:06:31<3:51:57,  8.84s/it]
                                                      
{'loss': '0.6479', 'grad_norm': '0.411', 'learning_rate': '9.619e-06', 'epoch': '3.408'}

 21%|██▏       | 426/2000 [1:06:31<3:51:57,  8.84s/it]
 21%|██▏       | 427/2000 [1:06:41<4:00:15,  9.16s/it]
                                                      
{'loss': '0.6641', 'grad_norm': '0.3085', 'learning_rate': '9.616e-06', 'epoch': '3.416'}

 21%|██▏       | 427/2000 [1:06:41<4:00:15,  9.16s/it]
 21%|██▏       | 428/2000 [1:06:49<3:56:13,  9.02s/it]
                                                      
{'loss': '0.9014', 'grad_norm': '0.23', 'learning_rate': '9.613e-06', 'epoch': '3.424'}

 21%|██▏       | 428/2000 [1:06:49<3:56:13,  9.02s/it]
 21%|██▏       | 429/2000 [1:06:58<3:53:55,  8.93s/it]
                                                      
{'loss': '0.7119', 'grad_norm': '0.2065', 'learning_rate': '9.609e-06', 'epoch': '3.432'}

 21%|██▏       | 429/2000 [1:06:58<3:53:55,  8.93s/it]
 22%|██▏       | 430/2000 [1:07:07<3:54:37,  8.97s/it]
                                                      
{'loss': '0.8842', 'grad_norm': '0.263', 'learning_rate': '9.606e-06', 'epoch': '3.44'}

 22%|██▏       | 430/2000 [1:07:07<3:54:37,  8.97s/it]
 22%|██▏       | 431/2000 [1:07:15<3:47:08,  8.69s/it]
                                                      
{'loss': '0.9497', 'grad_norm': '0.5536', 'learning_rate': '9.603e-06', 'epoch': '3.448'}

 22%|██▏       | 431/2000 [1:07:15<3:47:08,  8.69s/it]
 22%|██▏       | 432/2000 [1:07:24<3:45:35,  8.63s/it]
                                                      
{'loss': '0.855', 'grad_norm': '0.3099', 'learning_rate': '9.599e-06', 'epoch': '3.456'}

 22%|██▏       | 432/2000 [1:07:24<3:45:35,  8.63s/it]
 22%|██▏       | 433/2000 [1:07:32<3:47:56,  8.73s/it]
                                                      
{'loss': '0.5963', 'grad_norm': '0.2545', 'learning_rate': '9.596e-06', 'epoch': '3.464'}

 22%|██▏       | 433/2000 [1:07:33<3:47:56,  8.73s/it]
 22%|██▏       | 434/2000 [1:07:41<3:44:45,  8.61s/it]
                                                      
{'loss': '0.6306', 'grad_norm': '0.9536', 'learning_rate': '9.592e-06', 'epoch': '3.472'}

 22%|██▏       | 434/2000 [1:07:41<3:44:45,  8.61s/it]
 22%|██▏       | 435/2000 [1:07:50<3:47:16,  8.71s/it]
                                                      
{'loss': '0.8611', 'grad_norm': '0.2668', 'learning_rate': '9.589e-06', 'epoch': '3.48'}

 22%|██▏       | 435/2000 [1:07:50<3:47:16,  8.71s/it]
 22%|██▏       | 436/2000 [1:07:59<3:48:09,  8.75s/it]
                                                      
{'loss': '0.9216', 'grad_norm': '0.1523', 'learning_rate': '9.585e-06', 'epoch': '3.488'}

 22%|██▏       | 436/2000 [1:07:59<3:48:09,  8.75s/it]
 22%|██▏       | 437/2000 [1:08:07<3:45:13,  8.65s/it]
                                                      
{'loss': '0.8728', 'grad_norm': '0.3869', 'learning_rate': '9.582e-06', 'epoch': '3.496'}

 22%|██▏       | 437/2000 [1:08:07<3:45:13,  8.65s/it]
 22%|██▏       | 438/2000 [1:08:16<3:49:25,  8.81s/it]
                                                      
{'loss': '0.8989', 'grad_norm': '0.2839', 'learning_rate': '9.578e-06', 'epoch': '3.504'}

 22%|██▏       | 438/2000 [1:08:16<3:49:25,  8.81s/it]
 22%|██▏       | 439/2000 [1:08:24<3:41:53,  8.53s/it]
                                                      
{'loss': '0.7784', 'grad_norm': '0.1527', 'learning_rate': '9.575e-06', 'epoch': '3.512'}

 22%|██▏       | 439/2000 [1:08:24<3:41:53,  8.53s/it]
 22%|██▏       | 440/2000 [1:08:33<3:43:21,  8.59s/it]
                                                      
{'loss': '0.6898', 'grad_norm': '0.3695', 'learning_rate': '9.571e-06', 'epoch': '3.52'}

 22%|██▏       | 440/2000 [1:08:33<3:43:21,  8.59s/it]
 22%|██▏       | 441/2000 [1:08:42<3:45:49,  8.69s/it]
                                                      
{'loss': '0.706', 'grad_norm': '0.2035', 'learning_rate': '9.568e-06', 'epoch': '3.528'}

 22%|██▏       | 441/2000 [1:08:42<3:45:49,  8.69s/it]
 22%|██▏       | 442/2000 [1:08:50<3:39:42,  8.46s/it]
                                                      
{'loss': '0.95', 'grad_norm': '0.3243', 'learning_rate': '9.564e-06', 'epoch': '3.536'}

 22%|██▏       | 442/2000 [1:08:50<3:39:42,  8.46s/it]
 22%|██▏       | 443/2000 [1:08:58<3:41:24,  8.53s/it]
                                                      
{'loss': '0.7421', 'grad_norm': '0.353', 'learning_rate': '9.561e-06', 'epoch': '3.544'}

 22%|██▏       | 443/2000 [1:08:58<3:41:24,  8.53s/it]
 22%|██▏       | 444/2000 [1:09:07<3:42:52,  8.59s/it]
                                                      
{'loss': '0.8652', 'grad_norm': '0.2993', 'learning_rate': '9.557e-06', 'epoch': '3.552'}

 22%|██▏       | 444/2000 [1:09:07<3:42:52,  8.59s/it]
 22%|██▏       | 445/2000 [1:09:16<3:44:31,  8.66s/it]
                                                      
{'loss': '0.6146', 'grad_norm': '0.1963', 'learning_rate': '9.553e-06', 'epoch': '3.56'}

 22%|██▏       | 445/2000 [1:09:16<3:44:31,  8.66s/it]
 22%|██▏       | 446/2000 [1:09:25<3:45:03,  8.69s/it]
                                                      
{'loss': '0.6266', 'grad_norm': '0.6571', 'learning_rate': '9.55e-06', 'epoch': '3.568'}

 22%|██▏       | 446/2000 [1:09:25<3:45:03,  8.69s/it]
 22%|██▏       | 447/2000 [1:09:33<3:41:43,  8.57s/it]
                                                      
{'loss': '0.6779', 'grad_norm': '0.3577', 'learning_rate': '9.546e-06', 'epoch': '3.576'}

 22%|██▏       | 447/2000 [1:09:33<3:41:43,  8.57s/it]
 22%|██▏       | 448/2000 [1:09:42<3:42:03,  8.58s/it]
                                                      
{'loss': '0.937', 'grad_norm': '0.2205', 'learning_rate': '9.543e-06', 'epoch': '3.584'}

 22%|██▏       | 448/2000 [1:09:42<3:42:03,  8.58s/it]
 22%|██▏       | 449/2000 [1:09:50<3:44:14,  8.67s/it]
                                                      
{'loss': '1.025', 'grad_norm': '0.3336', 'learning_rate': '9.539e-06', 'epoch': '3.592'}

 22%|██▏       | 449/2000 [1:09:51<3:44:14,  8.67s/it]
 22%|██▎       | 450/2000 [1:09:59<3:41:21,  8.57s/it]
                                                      
{'loss': '0.8025', 'grad_norm': '0.3466', 'learning_rate': '9.535e-06', 'epoch': '3.6'}

 22%|██▎       | 450/2000 [1:09:59<3:41:21,  8.57s/it]
 23%|██▎       | 451/2000 [1:10:07<3:41:42,  8.59s/it]
                                                      
{'loss': '0.8611', 'grad_norm': '0.4272', 'learning_rate': '9.532e-06', 'epoch': '3.608'}

 23%|██▎       | 451/2000 [1:10:07<3:41:42,  8.59s/it]
 23%|██▎       | 452/2000 [1:10:16<3:42:14,  8.61s/it]
                                                      
{'loss': '0.6764', 'grad_norm': '0.1703', 'learning_rate': '9.528e-06', 'epoch': '3.616'}

 23%|██▎       | 452/2000 [1:10:16<3:42:14,  8.61s/it][WARNING] Please DO NOT tune args ['unit_flag', 'limit_auto_multi_buffer_of_local_buffer', 'set_workspace_multibuffer', 'enable_hivm_auto_cv_balance', 'tile_mix_vector_loop', 'tile_mix_cube_loop', 'num_warps', 'num_ctas', 'num_stages', 'num_buffers_warp_spec', 'num_consumer_groups', 'reg_dec_producer', 'reg_inc_consumer', 'force_simt_template', 'enable_linearize']!

 23%|██▎       | 453/2000 [1:10:33<4:45:49, 11.09s/it]
                                                      
{'loss': '0.6992', 'grad_norm': '0.2653', 'learning_rate': '9.524e-06', 'epoch': '3.624'}

 23%|██▎       | 453/2000 [1:10:33<4:45:49, 11.09s/it]
 23%|██▎       | 454/2000 [1:10:42<4:27:40, 10.39s/it]
                                                      
{'loss': '0.872', 'grad_norm': '0.4237', 'learning_rate': '9.52e-06', 'epoch': '3.632'}

 23%|██▎       | 454/2000 [1:10:42<4:27:40, 10.39s/it]
 23%|██▎       | 455/2000 [1:10:51<4:15:33,  9.92s/it]
                                                      
{'loss': '0.8887', 'grad_norm': '0.2605', 'learning_rate': '9.517e-06', 'epoch': '3.64'}

 23%|██▎       | 455/2000 [1:10:51<4:15:33,  9.92s/it]
 23%|██▎       | 456/2000 [1:10:58<3:57:41,  9.24s/it]
                                                      
{'loss': '0.8709', 'grad_norm': '0.3477', 'learning_rate': '9.513e-06', 'epoch': '3.648'}

 23%|██▎       | 456/2000 [1:10:58<3:57:41,  9.24s/it]
 23%|██▎       | 457/2000 [1:11:07<3:55:10,  9.15s/it]
                                                      
{'loss': '0.8345', 'grad_norm': '0.3056', 'learning_rate': '9.509e-06', 'epoch': '3.656'}

 23%|██▎       | 457/2000 [1:11:07<3:55:10,  9.15s/it]
 23%|██▎       | 458/2000 [1:11:15<3:48:26,  8.89s/it]
                                                      
{'loss': '0.9028', 'grad_norm': '0.4561', 'learning_rate': '9.505e-06', 'epoch': '3.664'}

 23%|██▎       | 458/2000 [1:11:15<3:48:26,  8.89s/it]
 23%|██▎       | 459/2000 [1:11:24<3:47:30,  8.86s/it]
                                                      
{'loss': '0.7678', 'grad_norm': '0.3436', 'learning_rate': '9.502e-06', 'epoch': '3.672'}

 23%|██▎       | 459/2000 [1:11:24<3:47:30,  8.86s/it]
 23%|██▎       | 460/2000 [1:11:33<3:46:54,  8.84s/it]
                                                      
{'loss': '0.8542', 'grad_norm': '0.1892', 'learning_rate': '9.498e-06', 'epoch': '3.68'}

 23%|██▎       | 460/2000 [1:11:33<3:46:54,  8.84s/it]
 23%|██▎       | 461/2000 [1:11:42<3:45:05,  8.78s/it]
                                                      
{'loss': '0.7443', 'grad_norm': '0.2165', 'learning_rate': '9.494e-06', 'epoch': '3.688'}

 23%|██▎       | 461/2000 [1:11:42<3:45:05,  8.78s/it]
 23%|██▎       | 462/2000 [1:11:51<3:46:13,  8.83s/it]
                                                      
{'loss': '0.8647', 'grad_norm': '0.4522', 'learning_rate': '9.49e-06', 'epoch': '3.696'}

 23%|██▎       | 462/2000 [1:11:51<3:46:13,  8.83s/it]
 23%|██▎       | 463/2000 [1:12:00<3:48:54,  8.94s/it]
                                                      
{'loss': '0.5285', 'grad_norm': '0.2773', 'learning_rate': '9.486e-06', 'epoch': '3.704'}

 23%|██▎       | 463/2000 [1:12:00<3:48:54,  8.94s/it]
 23%|██▎       | 464/2000 [1:12:08<3:43:48,  8.74s/it]
                                                      
{'loss': '0.9382', 'grad_norm': '0.2735', 'learning_rate': '9.482e-06', 'epoch': '3.712'}

 23%|██▎       | 464/2000 [1:12:08<3:43:48,  8.74s/it]
 23%|██▎       | 465/2000 [1:12:18<3:51:05,  9.03s/it]
                                                      
{'loss': '0.8145', 'grad_norm': '0.2799', 'learning_rate': '9.479e-06', 'epoch': '3.72'}

 23%|██▎       | 465/2000 [1:12:18<3:51:05,  9.03s/it]
 23%|██▎       | 466/2000 [1:12:26<3:45:49,  8.83s/it]
                                                      
{'loss': '0.6982', 'grad_norm': '0.2908', 'learning_rate': '9.475e-06', 'epoch': '3.728'}

 23%|██▎       | 466/2000 [1:12:26<3:45:49,  8.83s/it]
 23%|██▎       | 467/2000 [1:12:35<3:43:15,  8.74s/it]
                                                      
{'loss': '0.6803', 'grad_norm': '0.2743', 'learning_rate': '9.471e-06', 'epoch': '3.736'}

 23%|██▎       | 467/2000 [1:12:35<3:43:15,  8.74s/it]
 23%|██▎       | 468/2000 [1:12:43<3:39:48,  8.61s/it]
                                                      
{'loss': '0.8213', 'grad_norm': '0.3229', 'learning_rate': '9.467e-06', 'epoch': '3.744'}

 23%|██▎       | 468/2000 [1:12:43<3:39:48,  8.61s/it]
 23%|██▎       | 469/2000 [1:12:51<3:35:59,  8.46s/it]
                                                      
{'loss': '0.9583', 'grad_norm': '0.2062', 'learning_rate': '9.463e-06', 'epoch': '3.752'}

 23%|██▎       | 469/2000 [1:12:51<3:35:59,  8.46s/it]
 24%|██▎       | 470/2000 [1:13:00<3:39:35,  8.61s/it]
                                                      
{'loss': '0.7883', 'grad_norm': '0.4232', 'learning_rate': '9.459e-06', 'epoch': '3.76'}

 24%|██▎       | 470/2000 [1:13:00<3:39:35,  8.61s/it]
 24%|██▎       | 471/2000 [1:13:09<3:43:01,  8.75s/it]
                                                      
{'loss': '0.8623', 'grad_norm': '0.1837', 'learning_rate': '9.455e-06', 'epoch': '3.768'}

 24%|██▎       | 471/2000 [1:13:09<3:43:01,  8.75s/it]
 24%|██▎       | 472/2000 [1:13:17<3:37:39,  8.55s/it]
                                                      
{'loss': '0.5223', 'grad_norm': '0.5199', 'learning_rate': '9.451e-06', 'epoch': '3.776'}

 24%|██▎       | 472/2000 [1:13:17<3:37:39,  8.55s/it]
 24%|██▎       | 473/2000 [1:13:27<3:45:28,  8.86s/it]
                                                      
{'loss': '0.8965', 'grad_norm': '0.2886', 'learning_rate': '9.447e-06', 'epoch': '3.784'}

 24%|██▎       | 473/2000 [1:13:27<3:45:28,  8.86s/it]
 24%|██▎       | 474/2000 [1:13:35<3:44:10,  8.81s/it]
                                                      
{'loss': '0.635', 'grad_norm': '0.4769', 'learning_rate': '9.443e-06', 'epoch': '3.792'}

 24%|██▎       | 474/2000 [1:13:35<3:44:10,  8.81s/it]
 24%|██▍       | 475/2000 [1:13:44<3:41:36,  8.72s/it]
                                                      
{'loss': '0.7862', 'grad_norm': '0.5005', 'learning_rate': '9.439e-06', 'epoch': '3.8'}

 24%|██▍       | 475/2000 [1:13:44<3:41:36,  8.72s/it]
 24%|██▍       | 476/2000 [1:13:52<3:39:02,  8.62s/it]
                                                      
{'loss': '1.02', 'grad_norm': '0.4319', 'learning_rate': '9.435e-06', 'epoch': '3.808'}

 24%|██▍       | 476/2000 [1:13:53<3:39:02,  8.62s/it]
 24%|██▍       | 477/2000 [1:14:01<3:42:04,  8.75s/it]
                                                      
{'loss': '0.9585', 'grad_norm': '0.4177', 'learning_rate': '9.431e-06', 'epoch': '3.816'}

 24%|██▍       | 477/2000 [1:14:01<3:42:04,  8.75s/it]
 24%|██▍       | 478/2000 [1:14:10<3:44:03,  8.83s/it]
                                                      
{'loss': '0.5975', 'grad_norm': '0.5171', 'learning_rate': '9.427e-06', 'epoch': '3.824'}

 24%|██▍       | 478/2000 [1:14:10<3:44:03,  8.83s/it]
 24%|██▍       | 479/2000 [1:14:18<3:35:59,  8.52s/it]
                                                      
{'loss': '0.5587', 'grad_norm': '0.5006', 'learning_rate': '9.423e-06', 'epoch': '3.832'}

 24%|██▍       | 479/2000 [1:14:18<3:35:59,  8.52s/it]
 24%|██▍       | 480/2000 [1:14:26<3:33:55,  8.44s/it]
                                                      
{'loss': '0.776', 'grad_norm': '0.2637', 'learning_rate': '9.419e-06', 'epoch': '3.84'}

 24%|██▍       | 480/2000 [1:14:27<3:33:55,  8.44s/it]
 24%|██▍       | 481/2000 [1:14:35<3:32:13,  8.38s/it]
                                                      
{'loss': '0.547', 'grad_norm': '0.2919', 'learning_rate': '9.415e-06', 'epoch': '3.848'}

 24%|██▍       | 481/2000 [1:14:35<3:32:13,  8.38s/it]
 24%|██▍       | 482/2000 [1:14:44<3:38:44,  8.65s/it]
                                                      
{'loss': '0.631', 'grad_norm': '0.2913', 'learning_rate': '9.411e-06', 'epoch': '3.856'}

 24%|██▍       | 482/2000 [1:14:44<3:38:44,  8.65s/it]
 24%|██▍       | 483/2000 [1:14:52<3:35:43,  8.53s/it]
                                                      
{'loss': '0.8067', 'grad_norm': '0.2747', 'learning_rate': '9.407e-06', 'epoch': '3.864'}

 24%|██▍       | 483/2000 [1:14:52<3:35:43,  8.53s/it]
 24%|██▍       | 484/2000 [1:15:01<3:36:59,  8.59s/it]
                                                      
{'loss': '0.9265', 'grad_norm': '0.3861', 'learning_rate': '9.402e-06', 'epoch': '3.872'}

 24%|██▍       | 484/2000 [1:15:01<3:36:59,  8.59s/it]
 24%|██▍       | 485/2000 [1:15:09<3:36:13,  8.56s/it]
                                                      
{'loss': '0.732', 'grad_norm': '0.2306', 'learning_rate': '9.398e-06', 'epoch': '3.88'}

 24%|██▍       | 485/2000 [1:15:10<3:36:13,  8.56s/it]
 24%|██▍       | 486/2000 [1:15:18<3:32:31,  8.42s/it]
                                                      
{'loss': '0.8955', 'grad_norm': '0.3366', 'learning_rate': '9.394e-06', 'epoch': '3.888'}

 24%|██▍       | 486/2000 [1:15:18<3:32:31,  8.42s/it]
 24%|██▍       | 487/2000 [1:15:26<3:30:19,  8.34s/it]
                                                      
{'loss': '0.3833', 'grad_norm': '0.358', 'learning_rate': '9.39e-06', 'epoch': '3.896'}

 24%|██▍       | 487/2000 [1:15:26<3:30:19,  8.34s/it]
 24%|██▍       | 488/2000 [1:15:35<3:35:12,  8.54s/it]
                                                      
{'loss': '0.9023', 'grad_norm': '0.3027', 'learning_rate': '9.386e-06', 'epoch': '3.904'}

 24%|██▍       | 488/2000 [1:15:35<3:35:12,  8.54s/it]
 24%|██▍       | 489/2000 [1:15:43<3:36:34,  8.60s/it]
                                                      
{'loss': '1.058', 'grad_norm': '0.2368', 'learning_rate': '9.382e-06', 'epoch': '3.912'}

 24%|██▍       | 489/2000 [1:15:44<3:36:34,  8.60s/it]
 24%|██▍       | 490/2000 [1:15:53<3:40:18,  8.75s/it]
                                                      
{'loss': '0.8327', 'grad_norm': '0.4492', 'learning_rate': '9.377e-06', 'epoch': '3.92'}

 24%|██▍       | 490/2000 [1:15:53<3:40:18,  8.75s/it]
 25%|██▍       | 491/2000 [1:16:01<3:40:25,  8.76s/it]
                                                      
{'loss': '1.09', 'grad_norm': '0.3034', 'learning_rate': '9.373e-06', 'epoch': '3.928'}

 25%|██▍       | 491/2000 [1:16:01<3:40:25,  8.76s/it]
 25%|██▍       | 492/2000 [1:16:10<3:40:07,  8.76s/it]
                                                      
{'loss': '0.7554', 'grad_norm': '0.4013', 'learning_rate': '9.369e-06', 'epoch': '3.936'}

 25%|██▍       | 492/2000 [1:16:10<3:40:07,  8.76s/it]
 25%|██▍       | 493/2000 [1:16:18<3:30:44,  8.39s/it]
                                                      
{'loss': '0.4117', 'grad_norm': '0.3638', 'learning_rate': '9.365e-06', 'epoch': '3.944'}

 25%|██▍       | 493/2000 [1:16:18<3:30:44,  8.39s/it]
 25%|██▍       | 494/2000 [1:16:27<3:34:15,  8.54s/it]
                                                      
{'loss': '0.8508', 'grad_norm': '0.3007', 'learning_rate': '9.36e-06', 'epoch': '3.952'}

 25%|██▍       | 494/2000 [1:16:27<3:34:15,  8.54s/it]
 25%|██▍       | 495/2000 [1:16:35<3:33:50,  8.53s/it]
                                                      
{'loss': '0.9624', 'grad_norm': '0.5445', 'learning_rate': '9.356e-06', 'epoch': '3.96'}

 25%|██▍       | 495/2000 [1:16:35<3:33:50,  8.53s/it]
 25%|██▍       | 496/2000 [1:16:44<3:35:05,  8.58s/it]
                                                      
{'loss': '0.9032', 'grad_norm': '0.2375', 'learning_rate': '9.352e-06', 'epoch': '3.968'}

 25%|██▍       | 496/2000 [1:16:44<3:35:05,  8.58s/it]
 25%|██▍       | 497/2000 [1:16:53<3:38:56,  8.74s/it]
                                                      
{'loss': '0.7905', 'grad_norm': '0.3635', 'learning_rate': '9.347e-06', 'epoch': '3.976'}

 25%|██▍       | 497/2000 [1:16:53<3:38:56,  8.74s/it]
 25%|██▍       | 498/2000 [1:17:02<3:40:14,  8.80s/it]
                                                      
{'loss': '0.6674', 'grad_norm': '0.3406', 'learning_rate': '9.343e-06', 'epoch': '3.984'}

 25%|██▍       | 498/2000 [1:17:02<3:40:14,  8.80s/it]
 25%|██▍       | 499/2000 [1:17:10<3:38:37,  8.74s/it]
                                                      
{'loss': '0.72', 'grad_norm': '0.4874', 'learning_rate': '9.339e-06', 'epoch': '3.992'}

 25%|██▍       | 499/2000 [1:17:10<3:38:37,  8.74s/it]
 25%|██▌       | 500/2000 [1:17:19<3:38:37,  8.75s/it]
                                                      
{'loss': '0.8165', 'grad_norm': '0.2451', 'learning_rate': '9.334e-06', 'epoch': '4'}

 25%|██▌       | 500/2000 [1:17:19<3:38:37,  8.75s/it]
 25%|██▌       | 501/2000 [1:17:29<3:45:53,  9.04s/it]
                                                      
{'loss': '0.8074', 'grad_norm': '0.3589', 'learning_rate': '9.33e-06', 'epoch': '4.008'}

 25%|██▌       | 501/2000 [1:17:29<3:45:53,  9.04s/it]
 25%|██▌       | 502/2000 [1:17:38<3:42:56,  8.93s/it]
                                                      
{'loss': '0.7366', 'grad_norm': '0.247', 'learning_rate': '9.326e-06', 'epoch': '4.016'}

 25%|██▌       | 502/2000 [1:17:38<3:42:56,  8.93s/it]
 25%|██▌       | 503/2000 [1:17:46<3:42:49,  8.93s/it]
                                                      
{'loss': '0.8705', 'grad_norm': '0.2838', 'learning_rate': '9.321e-06', 'epoch': '4.024'}

 25%|██▌       | 503/2000 [1:17:47<3:42:49,  8.93s/it]
 25%|██▌       | 504/2000 [1:17:55<3:41:28,  8.88s/it]
                                                      
{'loss': '0.6951', 'grad_norm': '0.242', 'learning_rate': '9.317e-06', 'epoch': '4.032'}

 25%|██▌       | 504/2000 [1:17:55<3:41:28,  8.88s/it]
 25%|██▌       | 505/2000 [1:18:04<3:42:28,  8.93s/it]
                                                      
{'loss': '0.3494', 'grad_norm': '0.2187', 'learning_rate': '9.313e-06', 'epoch': '4.04'}

 25%|██▌       | 505/2000 [1:18:04<3:42:28,  8.93s/it]
 25%|██▌       | 506/2000 [1:18:14<3:47:11,  9.12s/it]
                                                      
{'loss': '0.8658', 'grad_norm': '0.4675', 'learning_rate': '9.308e-06', 'epoch': '4.048'}

 25%|██▌       | 506/2000 [1:18:14<3:47:11,  9.12s/it]
 25%|██▌       | 507/2000 [1:18:22<3:42:01,  8.92s/it]
                                                      
{'loss': '0.929', 'grad_norm': '0.4473', 'learning_rate': '9.304e-06', 'epoch': '4.056'}

 25%|██▌       | 507/2000 [1:18:22<3:42:01,  8.92s/it]
 25%|██▌       | 508/2000 [1:18:31<3:39:19,  8.82s/it]
                                                      
{'loss': '0.5647', 'grad_norm': '0.2241', 'learning_rate': '9.299e-06', 'epoch': '4.064'}

 25%|██▌       | 508/2000 [1:18:31<3:39:19,  8.82s/it]
 25%|██▌       | 509/2000 [1:18:40<3:41:47,  8.93s/it]
                                                      
{'loss': '0.8016', 'grad_norm': '0.2552', 'learning_rate': '9.295e-06', 'epoch': '4.072'}

 25%|██▌       | 509/2000 [1:18:40<3:41:47,  8.93s/it]
 26%|██▌       | 510/2000 [1:18:49<3:39:45,  8.85s/it]
                                                      
{'loss': '0.8149', 'grad_norm': '0.319', 'learning_rate': '9.29e-06', 'epoch': '4.08'}

 26%|██▌       | 510/2000 [1:18:49<3:39:45,  8.85s/it]
 26%|██▌       | 511/2000 [1:18:57<3:33:35,  8.61s/it]
                                                      
{'loss': '0.8395', 'grad_norm': '0.2734', 'learning_rate': '9.286e-06', 'epoch': '4.088'}

 26%|██▌       | 511/2000 [1:18:57<3:33:35,  8.61s/it]
 26%|██▌       | 512/2000 [1:19:06<3:36:18,  8.72s/it]
                                                      
{'loss': '0.6376', 'grad_norm': '0.3714', 'learning_rate': '9.281e-06', 'epoch': '4.096'}

 26%|██▌       | 512/2000 [1:19:06<3:36:18,  8.72s/it]
 26%|██▌       | 513/2000 [1:19:14<3:33:39,  8.62s/it]
                                                      
{'loss': '0.8486', 'grad_norm': '0.3737', 'learning_rate': '9.277e-06', 'epoch': '4.104'}

 26%|██▌       | 513/2000 [1:19:14<3:33:39,  8.62s/it]
 26%|██▌       | 514/2000 [1:19:22<3:28:51,  8.43s/it]
                                                      
{'loss': '0.8784', 'grad_norm': '0.4055', 'learning_rate': '9.272e-06', 'epoch': '4.112'}

 26%|██▌       | 514/2000 [1:19:22<3:28:51,  8.43s/it]
 26%|██▌       | 515/2000 [1:19:31<3:29:52,  8.48s/it]
                                                      
{'loss': '0.6953', 'grad_norm': '0.2604', 'learning_rate': '9.268e-06', 'epoch': '4.12'}

 26%|██▌       | 515/2000 [1:19:31<3:29:52,  8.48s/it]
 26%|██▌       | 516/2000 [1:19:40<3:34:05,  8.66s/it]
                                                      
{'loss': '0.7917', 'grad_norm': '0.2878', 'learning_rate': '9.263e-06', 'epoch': '4.128'}

 26%|██▌       | 516/2000 [1:19:40<3:34:05,  8.66s/it]
 26%|██▌       | 517/2000 [1:19:49<3:35:20,  8.71s/it]
                                                      
{'loss': '0.6641', 'grad_norm': '0.208', 'learning_rate': '9.259e-06', 'epoch': '4.136'}

 26%|██▌       | 517/2000 [1:19:49<3:35:20,  8.71s/it]
 26%|██▌       | 518/2000 [1:19:57<3:34:35,  8.69s/it]
                                                      
{'loss': '0.8492', 'grad_norm': '0.9928', 'learning_rate': '9.254e-06', 'epoch': '4.144'}

 26%|██▌       | 518/2000 [1:19:57<3:34:35,  8.69s/it]
 26%|██▌       | 519/2000 [1:20:05<3:28:39,  8.45s/it]
                                                      
{'loss': '0.6172', 'grad_norm': '0.2571', 'learning_rate': '9.249e-06', 'epoch': '4.152'}

 26%|██▌       | 519/2000 [1:20:05<3:28:39,  8.45s/it]
 26%|██▌       | 520/2000 [1:20:15<3:35:59,  8.76s/it]
                                                      
{'loss': '1.003', 'grad_norm': '0.2282', 'learning_rate': '9.245e-06', 'epoch': '4.16'}

 26%|██▌       | 520/2000 [1:20:15<3:35:59,  8.76s/it]
 26%|██▌       | 521/2000 [1:20:23<3:35:49,  8.76s/it]
                                                      
{'loss': '0.5898', 'grad_norm': '0.4913', 'learning_rate': '9.24e-06', 'epoch': '4.168'}

 26%|██▌       | 521/2000 [1:20:23<3:35:49,  8.76s/it]
 26%|██▌       | 522/2000 [1:20:32<3:33:54,  8.68s/it]
                                                      
{'loss': '0.6778', 'grad_norm': '0.3311', 'learning_rate': '9.236e-06', 'epoch': '4.176'}

 26%|██▌       | 522/2000 [1:20:32<3:33:54,  8.68s/it]
 26%|██▌       | 523/2000 [1:20:40<3:28:11,  8.46s/it]
                                                      
{'loss': '0.7802', 'grad_norm': '0.4361', 'learning_rate': '9.231e-06', 'epoch': '4.184'}

 26%|██▌       | 523/2000 [1:20:40<3:28:11,  8.46s/it]
 26%|██▌       | 524/2000 [1:20:49<3:33:57,  8.70s/it]
                                                      
{'loss': '0.626', 'grad_norm': '0.2828', 'learning_rate': '9.226e-06', 'epoch': '4.192'}

 26%|██▌       | 524/2000 [1:20:49<3:33:57,  8.70s/it]
 26%|██▋       | 525/2000 [1:20:58<3:34:45,  8.74s/it]
                                                      
{'loss': '0.6275', 'grad_norm': '0.175', 'learning_rate': '9.222e-06', 'epoch': '4.2'}

 26%|██▋       | 525/2000 [1:20:58<3:34:45,  8.74s/it]
 26%|██▋       | 526/2000 [1:21:07<3:34:29,  8.73s/it]
                                                      
{'loss': '0.9692', 'grad_norm': '0.3033', 'learning_rate': '9.217e-06', 'epoch': '4.208'}

 26%|██▋       | 526/2000 [1:21:07<3:34:29,  8.73s/it]
 26%|██▋       | 527/2000 [1:21:16<3:39:13,  8.93s/it]
                                                      
{'loss': '0.9507', 'grad_norm': '0.2225', 'learning_rate': '9.212e-06', 'epoch': '4.216'}

 26%|██▋       | 527/2000 [1:21:16<3:39:13,  8.93s/it]
 26%|██▋       | 528/2000 [1:21:25<3:36:38,  8.83s/it]
                                                      
{'loss': '0.6104', 'grad_norm': '0.3298', 'learning_rate': '9.208e-06', 'epoch': '4.224'}

 26%|██▋       | 528/2000 [1:21:25<3:36:38,  8.83s/it]
 26%|██▋       | 529/2000 [1:21:33<3:29:27,  8.54s/it]
                                                      
{'loss': '0.9253', 'grad_norm': '0.3203', 'learning_rate': '9.203e-06', 'epoch': '4.232'}

 26%|██▋       | 529/2000 [1:21:33<3:29:27,  8.54s/it]
 26%|██▋       | 530/2000 [1:21:44<3:49:02,  9.35s/it]
                                                      
{'loss': '0.6697', 'grad_norm': '0.4449', 'learning_rate': '9.198e-06', 'epoch': '4.24'}

 26%|██▋       | 530/2000 [1:21:44<3:49:02,  9.35s/it]
 27%|██▋       | 531/2000 [1:21:52<3:44:02,  9.15s/it]
                                                      
{'loss': '1.044', 'grad_norm': '0.456', 'learning_rate': '9.193e-06', 'epoch': '4.248'}

 27%|██▋       | 531/2000 [1:21:53<3:44:02,  9.15s/it]
 27%|██▋       | 532/2000 [1:22:00<3:34:15,  8.76s/it]
                                                      
{'loss': '1.182', 'grad_norm': '0.4685', 'learning_rate': '9.189e-06', 'epoch': '4.256'}

 27%|██▋       | 532/2000 [1:22:00<3:34:15,  8.76s/it]
 27%|██▋       | 533/2000 [1:22:09<3:35:04,  8.80s/it]
                                                      
{'loss': '0.8872', 'grad_norm': '0.2733', 'learning_rate': '9.184e-06', 'epoch': '4.264'}

 27%|██▋       | 533/2000 [1:22:09<3:35:04,  8.80s/it]
 27%|██▋       | 534/2000 [1:22:18<3:36:27,  8.86s/it]
                                                      
{'loss': '0.7339', 'grad_norm': '0.2165', 'learning_rate': '9.179e-06', 'epoch': '4.272'}

 27%|██▋       | 534/2000 [1:22:18<3:36:27,  8.86s/it]
 27%|██▋       | 535/2000 [1:22:28<3:42:05,  9.10s/it]
                                                      
{'loss': '0.9116', 'grad_norm': '0.3062', 'learning_rate': '9.174e-06', 'epoch': '4.28'}

 27%|██▋       | 535/2000 [1:22:28<3:42:05,  9.10s/it]
 27%|██▋       | 536/2000 [1:22:36<3:37:55,  8.93s/it]
                                                      
{'loss': '0.566', 'grad_norm': '0.3926', 'learning_rate': '9.169e-06', 'epoch': '4.288'}

 27%|██▋       | 536/2000 [1:22:36<3:37:55,  8.93s/it]
 27%|██▋       | 537/2000 [1:22:45<3:34:35,  8.80s/it]
                                                      
{'loss': '0.8965', 'grad_norm': '0.5905', 'learning_rate': '9.165e-06', 'epoch': '4.296'}

 27%|██▋       | 537/2000 [1:22:45<3:34:35,  8.80s/it]
 27%|██▋       | 538/2000 [1:22:54<3:37:39,  8.93s/it]
                                                      
{'loss': '0.8145', 'grad_norm': '0.2145', 'learning_rate': '9.16e-06', 'epoch': '4.304'}

 27%|██▋       | 538/2000 [1:22:54<3:37:39,  8.93s/it]
 27%|██▋       | 539/2000 [1:23:03<3:37:03,  8.91s/it]
                                                      
{'loss': '0.9944', 'grad_norm': '0.4187', 'learning_rate': '9.155e-06', 'epoch': '4.312'}

 27%|██▋       | 539/2000 [1:23:03<3:37:03,  8.91s/it]
 27%|██▋       | 540/2000 [1:23:12<3:37:23,  8.93s/it]
                                                      
{'loss': '0.8742', 'grad_norm': '0.2625', 'learning_rate': '9.15e-06', 'epoch': '4.32'}

 27%|██▋       | 540/2000 [1:23:12<3:37:23,  8.93s/it]
 27%|██▋       | 541/2000 [1:23:21<3:35:46,  8.87s/it]
                                                      
{'loss': '0.7547', 'grad_norm': '0.2053', 'learning_rate': '9.145e-06', 'epoch': '4.328'}

 27%|██▋       | 541/2000 [1:23:21<3:35:46,  8.87s/it]
 27%|██▋       | 542/2000 [1:23:30<3:36:46,  8.92s/it]
                                                      
{'loss': '0.7715', 'grad_norm': '0.2841', 'learning_rate': '9.14e-06', 'epoch': '4.336'}

 27%|██▋       | 542/2000 [1:23:30<3:36:46,  8.92s/it]
 27%|██▋       | 543/2000 [1:23:39<3:37:24,  8.95s/it]
                                                      
{'loss': '0.8979', 'grad_norm': '0.3746', 'learning_rate': '9.135e-06', 'epoch': '4.344'}

 27%|██▋       | 543/2000 [1:23:39<3:37:24,  8.95s/it]
 27%|██▋       | 544/2000 [1:23:47<3:30:15,  8.66s/it]
                                                      
{'loss': '1.123', 'grad_norm': '0.2224', 'learning_rate': '9.13e-06', 'epoch': '4.352'}

 27%|██▋       | 544/2000 [1:23:47<3:30:15,  8.66s/it]
 27%|██▋       | 545/2000 [1:23:56<3:34:59,  8.87s/it]
                                                      
{'loss': '0.7645', 'grad_norm': '0.2502', 'learning_rate': '9.126e-06', 'epoch': '4.36'}

 27%|██▋       | 545/2000 [1:23:56<3:34:59,  8.87s/it]
 27%|██▋       | 546/2000 [1:24:04<3:31:09,  8.71s/it]
                                                      
{'loss': '0.6431', 'grad_norm': '0.2837', 'learning_rate': '9.121e-06', 'epoch': '4.368'}

 27%|██▋       | 546/2000 [1:24:04<3:31:09,  8.71s/it]
 27%|██▋       | 547/2000 [1:24:13<3:28:05,  8.59s/it]
                                                      
{'loss': '0.8436', 'grad_norm': '0.2313', 'learning_rate': '9.116e-06', 'epoch': '4.376'}

 27%|██▋       | 547/2000 [1:24:13<3:28:05,  8.59s/it]
 27%|██▋       | 548/2000 [1:24:22<3:30:49,  8.71s/it]
                                                      
{'loss': '0.882', 'grad_norm': '0.461', 'learning_rate': '9.111e-06', 'epoch': '4.384'}

 27%|██▋       | 548/2000 [1:24:22<3:30:49,  8.71s/it]
 27%|██▋       | 549/2000 [1:24:30<3:31:04,  8.73s/it]
                                                      
{'loss': '0.8127', 'grad_norm': '0.3074', 'learning_rate': '9.106e-06', 'epoch': '4.392'}

 27%|██▋       | 549/2000 [1:24:31<3:31:04,  8.73s/it]
 28%|██▊       | 550/2000 [1:24:40<3:33:44,  8.84s/it]
                                                      
{'loss': '0.3295', 'grad_norm': '0.315', 'learning_rate': '9.101e-06', 'epoch': '4.4'}

 28%|██▊       | 550/2000 [1:24:40<3:33:44,  8.84s/it]
 28%|██▊       | 551/2000 [1:24:48<3:32:55,  8.82s/it]
                                                      
{'loss': '0.8176', 'grad_norm': '0.4268', 'learning_rate': '9.096e-06', 'epoch': '4.408'}

 28%|██▊       | 551/2000 [1:24:48<3:32:55,  8.82s/it]
 28%|██▊       | 552/2000 [1:24:57<3:30:53,  8.74s/it]
                                                      
{'loss': '0.7335', 'grad_norm': '0.188', 'learning_rate': '9.091e-06', 'epoch': '4.416'}

 28%|██▊       | 552/2000 [1:24:57<3:30:53,  8.74s/it]
 28%|██▊       | 553/2000 [1:25:06<3:33:42,  8.86s/it]
                                                      
{'loss': '0.853', 'grad_norm': '0.2491', 'learning_rate': '9.086e-06', 'epoch': '4.424'}

 28%|██▊       | 553/2000 [1:25:06<3:33:42,  8.86s/it]
 28%|██▊       | 554/2000 [1:25:14<3:28:13,  8.64s/it]
                                                      
{'loss': '0.8562', 'grad_norm': '0.4211', 'learning_rate': '9.081e-06', 'epoch': '4.432'}

 28%|██▊       | 554/2000 [1:25:14<3:28:13,  8.64s/it]
 28%|██▊       | 555/2000 [1:25:23<3:28:36,  8.66s/it]
                                                      
{'loss': '0.5811', 'grad_norm': '0.2697', 'learning_rate': '9.076e-06', 'epoch': '4.44'}

 28%|██▊       | 555/2000 [1:25:23<3:28:36,  8.66s/it]
 28%|██▊       | 556/2000 [1:25:31<3:26:57,  8.60s/it]
                                                      
{'loss': '0.5766', 'grad_norm': '0.3745', 'learning_rate': '9.071e-06', 'epoch': '4.448'}

 28%|██▊       | 556/2000 [1:25:31<3:26:57,  8.60s/it]
 28%|██▊       | 557/2000 [1:25:40<3:26:17,  8.58s/it]
                                                      
{'loss': '0.8203', 'grad_norm': '0.2605', 'learning_rate': '9.066e-06', 'epoch': '4.456'}

 28%|██▊       | 557/2000 [1:25:40<3:26:17,  8.58s/it]
 28%|██▊       | 558/2000 [1:25:49<3:31:51,  8.81s/it]
                                                      
{'loss': '0.7251', 'grad_norm': '0.2273', 'learning_rate': '9.06e-06', 'epoch': '4.464'}

 28%|██▊       | 558/2000 [1:25:49<3:31:51,  8.81s/it]
 28%|██▊       | 559/2000 [1:25:58<3:32:12,  8.84s/it]
                                                      
{'loss': '0.926', 'grad_norm': '0.2117', 'learning_rate': '9.055e-06', 'epoch': '4.472'}

 28%|██▊       | 559/2000 [1:25:58<3:32:12,  8.84s/it]
 28%|██▊       | 560/2000 [1:26:07<3:33:15,  8.89s/it]
                                                      
{'loss': '0.6039', 'grad_norm': '0.4034', 'learning_rate': '9.05e-06', 'epoch': '4.48'}

 28%|██▊       | 560/2000 [1:26:07<3:33:15,  8.89s/it]
 28%|██▊       | 561/2000 [1:26:16<3:30:59,  8.80s/it]
                                                      
{'loss': '0.7008', 'grad_norm': '0.2188', 'learning_rate': '9.045e-06', 'epoch': '4.488'}

 28%|██▊       | 561/2000 [1:26:16<3:30:59,  8.80s/it]
 28%|██▊       | 562/2000 [1:26:24<3:28:28,  8.70s/it]
                                                      
{'loss': '0.9573', 'grad_norm': '0.264', 'learning_rate': '9.04e-06', 'epoch': '4.496'}

 28%|██▊       | 562/2000 [1:26:24<3:28:28,  8.70s/it]
 28%|██▊       | 563/2000 [1:26:33<3:28:52,  8.72s/it]
                                                      
{'loss': '0.5245', 'grad_norm': '0.4673', 'learning_rate': '9.035e-06', 'epoch': '4.504'}

 28%|██▊       | 563/2000 [1:26:33<3:28:52,  8.72s/it]
 28%|██▊       | 564/2000 [1:26:42<3:29:59,  8.77s/it]
                                                      
{'loss': '0.7341', 'grad_norm': '0.2232', 'learning_rate': '9.03e-06', 'epoch': '4.512'}

 28%|██▊       | 564/2000 [1:26:42<3:29:59,  8.77s/it]
 28%|██▊       | 565/2000 [1:26:50<3:25:58,  8.61s/it]
                                                      
{'loss': '0.5713', 'grad_norm': '0.5088', 'learning_rate': '9.024e-06', 'epoch': '4.52'}

 28%|██▊       | 565/2000 [1:26:50<3:25:58,  8.61s/it]
 28%|██▊       | 566/2000 [1:26:59<3:28:57,  8.74s/it]
                                                      
{'loss': '0.8841', 'grad_norm': '0.2148', 'learning_rate': '9.019e-06', 'epoch': '4.528'}

 28%|██▊       | 566/2000 [1:26:59<3:28:57,  8.74s/it]
 28%|██▊       | 567/2000 [1:27:07<3:24:52,  8.58s/it]
                                                      
{'loss': '0.6949', 'grad_norm': '0.3167', 'learning_rate': '9.014e-06', 'epoch': '4.536'}

 28%|██▊       | 567/2000 [1:27:07<3:24:52,  8.58s/it]
 28%|██▊       | 568/2000 [1:27:17<3:30:53,  8.84s/it]
                                                      
{'loss': '0.7104', 'grad_norm': '0.25', 'learning_rate': '9.009e-06', 'epoch': '4.544'}

 28%|██▊       | 568/2000 [1:27:17<3:30:53,  8.84s/it]
 28%|██▊       | 569/2000 [1:27:25<3:26:55,  8.68s/it]
                                                      
{'loss': '0.73', 'grad_norm': '0.5138', 'learning_rate': '9.004e-06', 'epoch': '4.552'}

 28%|██▊       | 569/2000 [1:27:25<3:26:55,  8.68s/it]
 28%|██▊       | 570/2000 [1:27:34<3:25:30,  8.62s/it]
                                                      
{'loss': '0.5168', 'grad_norm': '0.5002', 'learning_rate': '8.998e-06', 'epoch': '4.56'}

 28%|██▊       | 570/2000 [1:27:34<3:25:30,  8.62s/it]
 29%|██▊       | 571/2000 [1:27:43<3:29:51,  8.81s/it]
                                                      
{'loss': '0.7617', 'grad_norm': '0.3677', 'learning_rate': '8.993e-06', 'epoch': '4.568'}

 29%|██▊       | 571/2000 [1:27:43<3:29:51,  8.81s/it]
 29%|██▊       | 572/2000 [1:27:51<3:28:36,  8.77s/it]
                                                      
{'loss': '0.6843', 'grad_norm': '0.3597', 'learning_rate': '8.988e-06', 'epoch': '4.576'}

 29%|██▊       | 572/2000 [1:27:52<3:28:36,  8.77s/it]
 29%|██▊       | 573/2000 [1:28:00<3:26:04,  8.66s/it]
                                                      
{'loss': '0.7805', 'grad_norm': '0.2901', 'learning_rate': '8.983e-06', 'epoch': '4.584'}

 29%|██▊       | 573/2000 [1:28:00<3:26:04,  8.66s/it]
 29%|██▊       | 574/2000 [1:28:09<3:28:56,  8.79s/it]
                                                      
{'loss': '0.6225', 'grad_norm': '0.3716', 'learning_rate': '8.977e-06', 'epoch': '4.592'}

 29%|██▊       | 574/2000 [1:28:09<3:28:56,  8.79s/it]
 29%|██▉       | 575/2000 [1:28:17<3:25:29,  8.65s/it]
                                                      
{'loss': '0.7877', 'grad_norm': '0.5993', 'learning_rate': '8.972e-06', 'epoch': '4.6'}

 29%|██▉       | 575/2000 [1:28:17<3:25:29,  8.65s/it]
 29%|██▉       | 576/2000 [1:28:25<3:20:38,  8.45s/it]
                                                      
{'loss': '0.7574', 'grad_norm': '0.3852', 'learning_rate': '8.967e-06', 'epoch': '4.608'}

 29%|██▉       | 576/2000 [1:28:25<3:20:38,  8.45s/it]
 29%|██▉       | 577/2000 [1:28:34<3:20:58,  8.47s/it]
                                                      
{'loss': '0.7319', 'grad_norm': '0.3082', 'learning_rate': '8.961e-06', 'epoch': '4.616'}

 29%|██▉       | 577/2000 [1:28:34<3:20:58,  8.47s/it]
 29%|██▉       | 578/2000 [1:28:43<3:25:07,  8.66s/it]
                                                      
{'loss': '0.805', 'grad_norm': '0.2672', 'learning_rate': '8.956e-06', 'epoch': '4.624'}

 29%|██▉       | 578/2000 [1:28:43<3:25:07,  8.66s/it]
 29%|██▉       | 579/2000 [1:28:52<3:26:21,  8.71s/it]
                                                      
{'loss': '0.5745', 'grad_norm': '0.7143', 'learning_rate': '8.951e-06', 'epoch': '4.632'}

 29%|██▉       | 579/2000 [1:28:52<3:26:21,  8.71s/it]
 29%|██▉       | 580/2000 [1:29:00<3:26:07,  8.71s/it]
                                                      
{'loss': '0.8403', 'grad_norm': '0.4824', 'learning_rate': '8.945e-06', 'epoch': '4.64'}

 29%|██▉       | 580/2000 [1:29:01<3:26:07,  8.71s/it]
 29%|██▉       | 581/2000 [1:29:09<3:28:06,  8.80s/it]
                                                      
{'loss': '0.8464', 'grad_norm': '0.325', 'learning_rate': '8.94e-06', 'epoch': '4.648'}

 29%|██▉       | 581/2000 [1:29:09<3:28:06,  8.80s/it]
 29%|██▉       | 582/2000 [1:29:18<3:27:31,  8.78s/it]
                                                      
{'loss': '0.7134', 'grad_norm': '0.3565', 'learning_rate': '8.935e-06', 'epoch': '4.656'}

 29%|██▉       | 582/2000 [1:29:18<3:27:31,  8.78s/it]
 29%|██▉       | 583/2000 [1:29:27<3:29:23,  8.87s/it]
                                                      
{'loss': '0.7102', 'grad_norm': '0.388', 'learning_rate': '8.929e-06', 'epoch': '4.664'}

 29%|██▉       | 583/2000 [1:29:27<3:29:23,  8.87s/it]
 29%|██▉       | 584/2000 [1:29:35<3:24:17,  8.66s/it]
                                                      
{'loss': '0.6055', 'grad_norm': '0.4182', 'learning_rate': '8.924e-06', 'epoch': '4.672'}

 29%|██▉       | 584/2000 [1:29:36<3:24:17,  8.66s/it]
 29%|██▉       | 585/2000 [1:29:44<3:25:02,  8.69s/it]
                                                      
{'loss': '0.8896', 'grad_norm': '0.2687', 'learning_rate': '8.918e-06', 'epoch': '4.68'}

 29%|██▉       | 585/2000 [1:29:44<3:25:02,  8.69s/it]
 29%|██▉       | 586/2000 [1:29:53<3:23:36,  8.64s/it]
                                                      
{'loss': '0.7761', 'grad_norm': '0.325', 'learning_rate': '8.913e-06', 'epoch': '4.688'}

 29%|██▉       | 586/2000 [1:29:53<3:23:36,  8.64s/it]
 29%|██▉       | 587/2000 [1:30:01<3:22:38,  8.61s/it]
                                                      
{'loss': '0.8479', 'grad_norm': '0.2846', 'learning_rate': '8.908e-06', 'epoch': '4.696'}

 29%|██▉       | 587/2000 [1:30:01<3:22:38,  8.61s/it]
 29%|██▉       | 588/2000 [1:30:10<3:22:55,  8.62s/it]
                                                      
{'loss': '0.7534', 'grad_norm': '0.3313', 'learning_rate': '8.902e-06', 'epoch': '4.704'}

 29%|██▉       | 588/2000 [1:30:10<3:22:55,  8.62s/it]
 29%|██▉       | 589/2000 [1:30:18<3:19:27,  8.48s/it]
                                                      
{'loss': '0.8959', 'grad_norm': '0.2611', 'learning_rate': '8.897e-06', 'epoch': '4.712'}

 29%|██▉       | 589/2000 [1:30:18<3:19:27,  8.48s/it]
 30%|██▉       | 590/2000 [1:30:27<3:22:54,  8.63s/it]
                                                      
{'loss': '0.7755', 'grad_norm': '0.4651', 'learning_rate': '8.891e-06', 'epoch': '4.72'}

 30%|██▉       | 590/2000 [1:30:27<3:22:54,  8.63s/it]
 30%|██▉       | 591/2000 [1:30:36<3:26:09,  8.78s/it]
                                                      
{'loss': '1.019', 'grad_norm': '0.2675', 'learning_rate': '8.886e-06', 'epoch': '4.728'}

 30%|██▉       | 591/2000 [1:30:36<3:26:09,  8.78s/it]
 30%|██▉       | 592/2000 [1:30:44<3:20:16,  8.53s/it]
                                                      
{'loss': '0.8408', 'grad_norm': '0.2639', 'learning_rate': '8.88e-06', 'epoch': '4.736'}

 30%|██▉       | 592/2000 [1:30:44<3:20:16,  8.53s/it]
 30%|██▉       | 593/2000 [1:30:54<3:29:41,  8.94s/it]
                                                      
{'loss': '0.7609', 'grad_norm': '0.2261', 'learning_rate': '8.875e-06', 'epoch': '4.744'}

 30%|██▉       | 593/2000 [1:30:54<3:29:41,  8.94s/it]
 30%|██▉       | 594/2000 [1:31:03<3:29:00,  8.92s/it]
                                                      
{'loss': '0.7803', 'grad_norm': '0.2189', 'learning_rate': '8.869e-06', 'epoch': '4.752'}

 30%|██▉       | 594/2000 [1:31:03<3:29:00,  8.92s/it]
 30%|██▉       | 595/2000 [1:31:11<3:26:14,  8.81s/it]
                                                      
{'loss': '0.9033', 'grad_norm': '0.2468', 'learning_rate': '8.864e-06', 'epoch': '4.76'}

 30%|██▉       | 595/2000 [1:31:11<3:26:14,  8.81s/it]
 30%|██▉       | 596/2000 [1:31:20<3:25:06,  8.77s/it]
                                                      
{'loss': '0.8627', 'grad_norm': '0.5252', 'learning_rate': '8.858e-06', 'epoch': '4.768'}

 30%|██▉       | 596/2000 [1:31:20<3:25:06,  8.77s/it]
 30%|██▉       | 597/2000 [1:31:28<3:20:51,  8.59s/it]
                                                      
{'loss': '0.4583', 'grad_norm': '0.3895', 'learning_rate': '8.853e-06', 'epoch': '4.776'}

 30%|██▉       | 597/2000 [1:31:28<3:20:51,  8.59s/it]
 30%|██▉       | 598/2000 [1:31:37<3:22:50,  8.68s/it]
                                                      
{'loss': '0.8499', 'grad_norm': '0.357', 'learning_rate': '8.847e-06', 'epoch': '4.784'}

 30%|██▉       | 598/2000 [1:31:37<3:22:50,  8.68s/it]
 30%|██▉       | 599/2000 [1:31:46<3:20:03,  8.57s/it]
                                                      
{'loss': '0.772', 'grad_norm': '0.2074', 'learning_rate': '8.841e-06', 'epoch': '4.792'}

 30%|██▉       | 599/2000 [1:31:46<3:20:03,  8.57s/it]
 30%|███       | 600/2000 [1:31:54<3:20:05,  8.58s/it]
                                                      
{'loss': '0.6608', 'grad_norm': '0.3585', 'learning_rate': '8.836e-06', 'epoch': '4.8'}

 30%|███       | 600/2000 [1:31:54<3:20:05,  8.58s/it]
 30%|███       | 601/2000 [1:32:03<3:21:56,  8.66s/it]
                                                      
{'loss': '0.7542', 'grad_norm': '0.2249', 'learning_rate': '8.83e-06', 'epoch': '4.808'}

 30%|███       | 601/2000 [1:32:03<3:21:56,  8.66s/it]
 30%|███       | 602/2000 [1:32:11<3:19:37,  8.57s/it]
                                                      
{'loss': '0.8488', 'grad_norm': '0.2228', 'learning_rate': '8.825e-06', 'epoch': '4.816'}

 30%|███       | 602/2000 [1:32:11<3:19:37,  8.57s/it]
 30%|███       | 603/2000 [1:32:20<3:18:46,  8.54s/it]
                                                      
{'loss': '0.8059', 'grad_norm': '0.4409', 'learning_rate': '8.819e-06', 'epoch': '4.824'}

 30%|███       | 603/2000 [1:32:20<3:18:46,  8.54s/it]
 30%|███       | 604/2000 [1:32:28<3:17:05,  8.47s/it]
                                                      
{'loss': '0.9069', 'grad_norm': '0.3494', 'learning_rate': '8.813e-06', 'epoch': '4.832'}

 30%|███       | 604/2000 [1:32:28<3:17:05,  8.47s/it]
 30%|███       | 605/2000 [1:32:37<3:18:24,  8.53s/it]
                                                      
{'loss': '0.6819', 'grad_norm': '0.2532', 'learning_rate': '8.808e-06', 'epoch': '4.84'}

 30%|███       | 605/2000 [1:32:37<3:18:24,  8.53s/it]
 30%|███       | 606/2000 [1:32:46<3:20:04,  8.61s/it]
                                                      
{'loss': '0.54', 'grad_norm': '0.3766', 'learning_rate': '8.802e-06', 'epoch': '4.848'}

 30%|███       | 606/2000 [1:32:46<3:20:04,  8.61s/it]
 30%|███       | 607/2000 [1:32:54<3:19:51,  8.61s/it]
                                                      
{'loss': '0.5458', 'grad_norm': '0.198', 'learning_rate': '8.796e-06', 'epoch': '4.856'}

 30%|███       | 607/2000 [1:32:54<3:19:51,  8.61s/it]
 30%|███       | 608/2000 [1:33:02<3:16:50,  8.48s/it]
                                                      
{'loss': '1.363', 'grad_norm': '0.3559', 'learning_rate': '8.791e-06', 'epoch': '4.864'}

 30%|███       | 608/2000 [1:33:02<3:16:50,  8.48s/it]
 30%|███       | 609/2000 [1:33:11<3:20:43,  8.66s/it]
                                                      
{'loss': '0.7002', 'grad_norm': '0.2189', 'learning_rate': '8.785e-06', 'epoch': '4.872'}

 30%|███       | 609/2000 [1:33:11<3:20:43,  8.66s/it]
 30%|███       | 610/2000 [1:33:20<3:18:46,  8.58s/it]
                                                      
{'loss': '0.9038', 'grad_norm': '0.4883', 'learning_rate': '8.779e-06', 'epoch': '4.88'}

 30%|███       | 610/2000 [1:33:20<3:18:46,  8.58s/it]
 31%|███       | 611/2000 [1:33:28<3:18:50,  8.59s/it]
                                                      
{'loss': '0.7299', 'grad_norm': '0.218', 'learning_rate': '8.774e-06', 'epoch': '4.888'}

 31%|███       | 611/2000 [1:33:28<3:18:50,  8.59s/it]
 31%|███       | 612/2000 [1:33:37<3:20:24,  8.66s/it]
                                                      
{'loss': '0.9888', 'grad_norm': '0.223', 'learning_rate': '8.768e-06', 'epoch': '4.896'}

 31%|███       | 612/2000 [1:33:37<3:20:24,  8.66s/it]
 31%|███       | 613/2000 [1:33:45<3:14:36,  8.42s/it]
                                                      
{'loss': '0.6429', 'grad_norm': '0.3615', 'learning_rate': '8.762e-06', 'epoch': '4.904'}

 31%|███       | 613/2000 [1:33:45<3:14:36,  8.42s/it]
 31%|███       | 614/2000 [1:33:53<3:13:23,  8.37s/it]
                                                      
{'loss': '0.8669', 'grad_norm': '0.4264', 'learning_rate': '8.756e-06', 'epoch': '4.912'}

 31%|███       | 614/2000 [1:33:53<3:13:23,  8.37s/it]
 31%|███       | 615/2000 [1:34:02<3:14:50,  8.44s/it]
                                                      
{'loss': '0.7544', 'grad_norm': '0.2905', 'learning_rate': '8.751e-06', 'epoch': '4.92'}

 31%|███       | 615/2000 [1:34:02<3:14:50,  8.44s/it]
 31%|███       | 616/2000 [1:34:10<3:12:06,  8.33s/it]
                                                      
{'loss': '0.5602', 'grad_norm': '0.3196', 'learning_rate': '8.745e-06', 'epoch': '4.928'}

 31%|███       | 616/2000 [1:34:10<3:12:06,  8.33s/it]
 31%|███       | 617/2000 [1:34:19<3:16:07,  8.51s/it]
                                                      
{'loss': '0.7124', 'grad_norm': '0.2595', 'learning_rate': '8.739e-06', 'epoch': '4.936'}

 31%|███       | 617/2000 [1:34:19<3:16:07,  8.51s/it]
 31%|███       | 618/2000 [1:34:28<3:18:13,  8.61s/it]
                                                      
{'loss': '1.107', 'grad_norm': '0.3051', 'learning_rate': '8.733e-06', 'epoch': '4.944'}

 31%|███       | 618/2000 [1:34:28<3:18:13,  8.61s/it]
 31%|███       | 619/2000 [1:34:35<3:10:51,  8.29s/it]
                                                      
{'loss': '0.7098', 'grad_norm': '0.3852', 'learning_rate': '8.727e-06', 'epoch': '4.952'}

 31%|███       | 619/2000 [1:34:35<3:10:51,  8.29s/it]
 31%|███       | 620/2000 [1:34:45<3:17:14,  8.58s/it]
                                                      
{'loss': '0.8318', 'grad_norm': '0.3492', 'learning_rate': '8.722e-06', 'epoch': '4.96'}

 31%|███       | 620/2000 [1:34:45<3:17:14,  8.58s/it][WARNING] Please DO NOT tune args ['unit_flag', 'limit_auto_multi_buffer_of_local_buffer', 'set_workspace_multibuffer', 'enable_hivm_auto_cv_balance', 'tile_mix_vector_loop', 'tile_mix_cube_loop', 'num_warps', 'num_ctas', 'num_stages', 'num_buffers_warp_spec', 'num_consumer_groups', 'reg_dec_producer', 'reg_inc_consumer', 'force_simt_template', 'enable_linearize']!

 31%|███       | 621/2000 [1:35:16<5:56:53, 15.53s/it]
                                                      
{'loss': '0.7273', 'grad_norm': '0.3439', 'learning_rate': '8.716e-06', 'epoch': '4.968'}

 31%|███       | 621/2000 [1:35:16<5:56:53, 15.53s/it]
 31%|███       | 622/2000 [1:35:25<5:07:45, 13.40s/it]
                                                      
{'loss': '0.6733', 'grad_norm': '0.3966', 'learning_rate': '8.71e-06', 'epoch': '4.976'}

 31%|███       | 622/2000 [1:35:25<5:07:45, 13.40s/it]
 31%|███       | 623/2000 [1:35:34<4:38:43, 12.14s/it]
                                                      
{'loss': '0.7064', 'grad_norm': '0.2343', 'learning_rate': '8.704e-06', 'epoch': '4.984'}

 31%|███       | 623/2000 [1:35:34<4:38:43, 12.14s/it]
 31%|███       | 624/2000 [1:35:42<4:09:42, 10.89s/it]
                                                      
{'loss': '0.5016', 'grad_norm': '0.2007', 'learning_rate': '8.698e-06', 'epoch': '4.992'}

 31%|███       | 624/2000 [1:35:42<4:09:42, 10.89s/it]
 31%|███▏      | 625/2000 [1:35:51<3:55:54, 10.29s/it]
                                                      
{'loss': '1.052', 'grad_norm': '0.386', 'learning_rate': '8.692e-06', 'epoch': '5'}

 31%|███▏      | 625/2000 [1:35:51<3:55:54, 10.29s/it]
 31%|███▏      | 626/2000 [1:36:00<3:50:52, 10.08s/it]
                                                      
{'loss': '0.7983', 'grad_norm': '0.2607', 'learning_rate': '8.686e-06', 'epoch': '5.008'}

 31%|███▏      | 626/2000 [1:36:01<3:50:52, 10.08s/it]
 31%|███▏      | 627/2000 [1:36:08<3:34:59,  9.40s/it]
                                                      
{'loss': '0.6697', 'grad_norm': '0.2579', 'learning_rate': '8.68e-06', 'epoch': '5.016'}

 31%|███▏      | 627/2000 [1:36:08<3:34:59,  9.40s/it]
 31%|███▏      | 628/2000 [1:36:18<3:35:08,  9.41s/it]
                                                      
{'loss': '0.6363', 'grad_norm': '0.3775', 'learning_rate': '8.675e-06', 'epoch': '5.024'}

 31%|███▏      | 628/2000 [1:36:18<3:35:08,  9.41s/it]
 31%|███▏      | 629/2000 [1:36:27<3:32:25,  9.30s/it]
                                                      
{'loss': '0.9288', 'grad_norm': '0.3216', 'learning_rate': '8.669e-06', 'epoch': '5.032'}

 31%|███▏      | 629/2000 [1:36:27<3:32:25,  9.30s/it]
 32%|███▏      | 630/2000 [1:36:35<3:22:38,  8.87s/it]
                                                      
{'loss': '0.6716', 'grad_norm': '0.496', 'learning_rate': '8.663e-06', 'epoch': '5.04'}

 32%|███▏      | 630/2000 [1:36:35<3:22:38,  8.87s/it]
 32%|███▏      | 631/2000 [1:36:44<3:25:58,  9.03s/it]
                                                      
{'loss': '0.7949', 'grad_norm': '0.3504', 'learning_rate': '8.657e-06', 'epoch': '5.048'}

 32%|███▏      | 631/2000 [1:36:44<3:25:58,  9.03s/it]
 32%|███▏      | 632/2000 [1:36:53<3:22:18,  8.87s/it]
                                                      
{'loss': '0.7483', 'grad_norm': '0.2718', 'learning_rate': '8.651e-06', 'epoch': '5.056'}

 32%|███▏      | 632/2000 [1:36:53<3:22:18,  8.87s/it]
 32%|███▏      | 633/2000 [1:37:01<3:17:22,  8.66s/it]
                                                      
{'loss': '0.9338', 'grad_norm': '0.3065', 'learning_rate': '8.645e-06', 'epoch': '5.064'}

 32%|███▏      | 633/2000 [1:37:01<3:17:22,  8.66s/it]
 32%|███▏      | 634/2000 [1:37:10<3:21:15,  8.84s/it]
                                                      
{'loss': '0.7191', 'grad_norm': '0.2797', 'learning_rate': '8.639e-06', 'epoch': '5.072'}

 32%|███▏      | 634/2000 [1:37:10<3:21:15,  8.84s/it]
 32%|███▏      | 635/2000 [1:37:18<3:17:35,  8.69s/it]
                                                      
{'loss': '0.6675', 'grad_norm': '0.1579', 'learning_rate': '8.633e-06', 'epoch': '5.08'}

 32%|███▏      | 635/2000 [1:37:18<3:17:35,  8.69s/it]
 32%|███▏      | 636/2000 [1:37:27<3:15:34,  8.60s/it]
                                                      
{'loss': '1.114', 'grad_norm': '0.4485', 'learning_rate': '8.627e-06', 'epoch': '5.088'}

 32%|███▏      | 636/2000 [1:37:27<3:15:34,  8.60s/it]
 32%|███▏      | 637/2000 [1:37:35<3:16:17,  8.64s/it]
                                                      
{'loss': '0.7452', 'grad_norm': '0.2882', 'learning_rate': '8.621e-06', 'epoch': '5.096'}

 32%|███▏      | 637/2000 [1:37:35<3:16:17,  8.64s/it]
 32%|███▏      | 638/2000 [1:37:44<3:17:49,  8.71s/it]
                                                      
{'loss': '0.9829', 'grad_norm': '0.2211', 'learning_rate': '8.615e-06', 'epoch': '5.104'}

 32%|███▏      | 638/2000 [1:37:44<3:17:49,  8.71s/it]
 32%|███▏      | 639/2000 [1:37:54<3:22:00,  8.91s/it]
                                                      
{'loss': '0.547', 'grad_norm': '0.4169', 'learning_rate': '8.609e-06', 'epoch': '5.112'}

 32%|███▏      | 639/2000 [1:37:54<3:22:00,  8.91s/it]
 32%|███▏      | 640/2000 [1:38:02<3:15:14,  8.61s/it]
                                                      
{'loss': '0.7707', 'grad_norm': '0.2702', 'learning_rate': '8.603e-06', 'epoch': '5.12'}

 32%|███▏      | 640/2000 [1:38:02<3:15:14,  8.61s/it]
 32%|███▏      | 641/2000 [1:38:10<3:15:06,  8.61s/it]
                                                      
{'loss': '0.887', 'grad_norm': '0.3586', 'learning_rate': '8.597e-06', 'epoch': '5.128'}

 32%|███▏      | 641/2000 [1:38:10<3:15:06,  8.61s/it]
 32%|███▏      | 642/2000 [1:38:20<3:22:49,  8.96s/it]
                                                      
{'loss': '0.6721', 'grad_norm': '0.1996', 'learning_rate': '8.591e-06', 'epoch': '5.136'}

 32%|███▏      | 642/2000 [1:38:20<3:22:49,  8.96s/it]
 32%|███▏      | 643/2000 [1:38:28<3:17:39,  8.74s/it]
                                                      
{'loss': '0.8284', 'grad_norm': '0.2948', 'learning_rate': '8.585e-06', 'epoch': '5.144'}

 32%|███▏      | 643/2000 [1:38:28<3:17:39,  8.74s/it]
 32%|███▏      | 644/2000 [1:38:37<3:16:55,  8.71s/it]
                                                      
{'loss': '0.6202', 'grad_norm': '0.3302', 'learning_rate': '8.578e-06', 'epoch': '5.152'}

 32%|███▏      | 644/2000 [1:38:37<3:16:55,  8.71s/it]
 32%|███▏      | 645/2000 [1:38:46<3:22:08,  8.95s/it]
                                                      
{'loss': '0.7033', 'grad_norm': '0.2049', 'learning_rate': '8.572e-06', 'epoch': '5.16'}

 32%|███▏      | 645/2000 [1:38:46<3:22:08,  8.95s/it]
 32%|███▏      | 646/2000 [1:38:54<3:12:51,  8.55s/it]
                                                      
{'loss': '0.5465', 'grad_norm': '0.5825', 'learning_rate': '8.566e-06', 'epoch': '5.168'}

 32%|███▏      | 646/2000 [1:38:54<3:12:51,  8.55s/it]
 32%|███▏      | 647/2000 [1:39:03<3:18:04,  8.78s/it]
                                                      
{'loss': '0.7058', 'grad_norm': '0.1965', 'learning_rate': '8.56e-06', 'epoch': '5.176'}

 32%|███▏      | 647/2000 [1:39:03<3:18:04,  8.78s/it]
 32%|███▏      | 648/2000 [1:39:12<3:15:44,  8.69s/it]
                                                      
{'loss': '0.7709', 'grad_norm': '0.2293', 'learning_rate': '8.554e-06', 'epoch': '5.184'}

 32%|███▏      | 648/2000 [1:39:12<3:15:44,  8.69s/it]
 32%|███▏      | 649/2000 [1:39:20<3:15:43,  8.69s/it]
                                                      
{'loss': '0.5016', 'grad_norm': '0.307', 'learning_rate': '8.548e-06', 'epoch': '5.192'}

 32%|███▏      | 649/2000 [1:39:20<3:15:43,  8.69s/it]
 32%|███▎      | 650/2000 [1:39:29<3:17:19,  8.77s/it]
                                                      
{'loss': '0.7621', 'grad_norm': '0.2203', 'learning_rate': '8.542e-06', 'epoch': '5.2'}

 32%|███▎      | 650/2000 [1:39:29<3:17:19,  8.77s/it]
 33%|███▎      | 651/2000 [1:39:38<3:14:59,  8.67s/it]
                                                      
{'loss': '0.6306', 'grad_norm': '0.2858', 'learning_rate': '8.536e-06', 'epoch': '5.208'}

 33%|███▎      | 651/2000 [1:39:38<3:14:59,  8.67s/it]
 33%|███▎      | 652/2000 [1:39:46<3:13:57,  8.63s/it]
                                                      
{'loss': '0.6097', 'grad_norm': '0.2934', 'learning_rate': '8.529e-06', 'epoch': '5.216'}

 33%|███▎      | 652/2000 [1:39:46<3:13:57,  8.63s/it]
 33%|███▎      | 653/2000 [1:39:56<3:18:13,  8.83s/it]
                                                      
{'loss': '0.7185', 'grad_norm': '0.3123', 'learning_rate': '8.523e-06', 'epoch': '5.224'}

 33%|███▎      | 653/2000 [1:39:56<3:18:13,  8.83s/it]
 33%|███▎      | 654/2000 [1:40:04<3:11:58,  8.56s/it]
                                                      
{'loss': '0.8312', 'grad_norm': '0.3003', 'learning_rate': '8.517e-06', 'epoch': '5.232'}

 33%|███▎      | 654/2000 [1:40:04<3:11:58,  8.56s/it]
 33%|███▎      | 655/2000 [1:40:13<3:14:14,  8.66s/it]
                                                      
{'loss': '0.5924', 'grad_norm': '0.2962', 'learning_rate': '8.511e-06', 'epoch': '5.24'}

 33%|███▎      | 655/2000 [1:40:13<3:14:14,  8.66s/it]
 33%|███▎      | 656/2000 [1:40:20<3:07:44,  8.38s/it]
                                                      
{'loss': '0.6241', 'grad_norm': '0.4267', 'learning_rate': '8.505e-06', 'epoch': '5.248'}

 33%|███▎      | 656/2000 [1:40:20<3:07:44,  8.38s/it]
 33%|███▎      | 657/2000 [1:40:29<3:11:30,  8.56s/it]
                                                      
{'loss': '0.7191', 'grad_norm': '0.3217', 'learning_rate': '8.498e-06', 'epoch': '5.256'}

 33%|███▎      | 657/2000 [1:40:29<3:11:30,  8.56s/it]
 33%|███▎      | 658/2000 [1:40:38<3:12:43,  8.62s/it]
                                                      
{'loss': '0.854', 'grad_norm': '0.2164', 'learning_rate': '8.492e-06', 'epoch': '5.264'}

 33%|███▎      | 658/2000 [1:40:38<3:12:43,  8.62s/it]
 33%|███▎      | 659/2000 [1:40:46<3:08:05,  8.42s/it]
                                                      
{'loss': '0.9309', 'grad_norm': '0.5262', 'learning_rate': '8.486e-06', 'epoch': '5.272'}

 33%|███▎      | 659/2000 [1:40:46<3:08:05,  8.42s/it]
 33%|███▎      | 660/2000 [1:40:54<3:08:53,  8.46s/it]
                                                      
{'loss': '0.6923', 'grad_norm': '0.1807', 'learning_rate': '8.48e-06', 'epoch': '5.28'}

 33%|███▎      | 660/2000 [1:40:54<3:08:53,  8.46s/it]
 33%|███▎      | 661/2000 [1:41:03<3:12:25,  8.62s/it]
                                                      
{'loss': '0.5989', 'grad_norm': '0.3172', 'learning_rate': '8.473e-06', 'epoch': '5.288'}

 33%|███▎      | 661/2000 [1:41:04<3:12:25,  8.62s/it]
 33%|███▎      | 662/2000 [1:41:11<3:06:40,  8.37s/it]
                                                      
{'loss': '0.4661', 'grad_norm': '0.3012', 'learning_rate': '8.467e-06', 'epoch': '5.296'}

 33%|███▎      | 662/2000 [1:41:11<3:06:40,  8.37s/it]
 33%|███▎      | 663/2000 [1:41:20<3:08:44,  8.47s/it]
                                                      
{'loss': '0.8021', 'grad_norm': '0.2053', 'learning_rate': '8.461e-06', 'epoch': '5.304'}

 33%|███▎      | 663/2000 [1:41:20<3:08:44,  8.47s/it]
 33%|███▎      | 664/2000 [1:41:29<3:11:12,  8.59s/it]
                                                      
{'loss': '0.7961', 'grad_norm': '0.3437', 'learning_rate': '8.454e-06', 'epoch': '5.312'}

 33%|███▎      | 664/2000 [1:41:29<3:11:12,  8.59s/it]
 33%|███▎      | 665/2000 [1:41:38<3:12:39,  8.66s/it]
                                                      
{'loss': '0.7374', 'grad_norm': '0.2825', 'learning_rate': '8.448e-06', 'epoch': '5.32'}

 33%|███▎      | 665/2000 [1:41:38<3:12:39,  8.66s/it]
 33%|███▎      | 666/2000 [1:41:46<3:11:45,  8.62s/it]
                                                      
{'loss': '0.5077', 'grad_norm': '0.2628', 'learning_rate': '8.442e-06', 'epoch': '5.328'}

 33%|███▎      | 666/2000 [1:41:46<3:11:45,  8.62s/it]
 33%|███▎      | 667/2000 [1:41:55<3:09:43,  8.54s/it]
                                                      
{'loss': '0.535', 'grad_norm': '0.3942', 'learning_rate': '8.435e-06', 'epoch': '5.336'}

 33%|███▎      | 667/2000 [1:41:55<3:09:43,  8.54s/it]
 33%|███▎      | 668/2000 [1:42:03<3:12:02,  8.65s/it]
                                                      
{'loss': '0.8198', 'grad_norm': '0.4852', 'learning_rate': '8.429e-06', 'epoch': '5.344'}

 33%|███▎      | 668/2000 [1:42:04<3:12:02,  8.65s/it]
 33%|███▎      | 669/2000 [1:42:12<3:08:49,  8.51s/it]
                                                      
{'loss': '0.8826', 'grad_norm': '0.3133', 'learning_rate': '8.423e-06', 'epoch': '5.352'}

 33%|███▎      | 669/2000 [1:42:12<3:08:49,  8.51s/it]
 34%|███▎      | 670/2000 [1:42:19<3:03:13,  8.27s/it]
                                                      
{'loss': '0.7883', 'grad_norm': '0.59', 'learning_rate': '8.416e-06', 'epoch': '5.36'}

 34%|███▎      | 670/2000 [1:42:19<3:03:13,  8.27s/it]
 34%|███▎      | 671/2000 [1:42:28<3:09:07,  8.54s/it]
                                                      
{'loss': '0.5886', 'grad_norm': '0.2179', 'learning_rate': '8.41e-06', 'epoch': '5.368'}

 34%|███▎      | 671/2000 [1:42:29<3:09:07,  8.54s/it]
 34%|███▎      | 672/2000 [1:42:37<3:05:57,  8.40s/it]
                                                      
{'loss': '0.7581', 'grad_norm': '0.3143', 'learning_rate': '8.404e-06', 'epoch': '5.376'}

 34%|███▎      | 672/2000 [1:42:37<3:05:57,  8.40s/it]
 34%|███▎      | 673/2000 [1:42:45<3:04:34,  8.35s/it]
                                                      
{'loss': '0.8774', 'grad_norm': '0.3361', 'learning_rate': '8.397e-06', 'epoch': '5.384'}

 34%|███▎      | 673/2000 [1:42:45<3:04:34,  8.35s/it]
 34%|███▎      | 674/2000 [1:42:54<3:07:47,  8.50s/it]
                                                      
{'loss': '1.004', 'grad_norm': '0.3679', 'learning_rate': '8.391e-06', 'epoch': '5.392'}

 34%|███▎      | 674/2000 [1:42:54<3:07:47,  8.50s/it]
 34%|███▍      | 675/2000 [1:43:02<3:07:20,  8.48s/it]
                                                      
{'loss': '0.6164', 'grad_norm': '0.3602', 'learning_rate': '8.384e-06', 'epoch': '5.4'}

 34%|███▍      | 675/2000 [1:43:02<3:07:20,  8.48s/it]
 34%|███▍      | 676/2000 [1:43:11<3:06:51,  8.47s/it]
                                                      
{'loss': '0.8141', 'grad_norm': '0.452', 'learning_rate': '8.378e-06', 'epoch': '5.408'}

 34%|███▍      | 676/2000 [1:43:11<3:06:51,  8.47s/it]
 34%|███▍      | 677/2000 [1:43:20<3:10:39,  8.65s/it]
                                                      
{'loss': '0.5407', 'grad_norm': '0.4145', 'learning_rate': '8.372e-06', 'epoch': '5.416'}

 34%|███▍      | 677/2000 [1:43:20<3:10:39,  8.65s/it]
 34%|███▍      | 678/2000 [1:43:28<3:08:32,  8.56s/it]
                                                      
{'loss': '0.8162', 'grad_norm': '0.4823', 'learning_rate': '8.365e-06', 'epoch': '5.424'}

 34%|███▍      | 678/2000 [1:43:28<3:08:32,  8.56s/it]
 34%|███▍      | 679/2000 [1:43:37<3:11:06,  8.68s/it]
                                                      
{'loss': '0.8853', 'grad_norm': '0.1909', 'learning_rate': '8.359e-06', 'epoch': '5.432'}

 34%|███▍      | 679/2000 [1:43:37<3:11:06,  8.68s/it]
 34%|███▍      | 680/2000 [1:43:46<3:11:47,  8.72s/it]
                                                      
{'loss': '0.6831', 'grad_norm': '0.3067', 'learning_rate': '8.352e-06', 'epoch': '5.44'}

 34%|███▍      | 680/2000 [1:43:46<3:11:47,  8.72s/it]
 34%|███▍      | 681/2000 [1:43:55<3:14:36,  8.85s/it]
                                                      
{'loss': '0.726', 'grad_norm': '0.3089', 'learning_rate': '8.346e-06', 'epoch': '5.448'}

 34%|███▍      | 681/2000 [1:43:55<3:14:36,  8.85s/it]
 34%|███▍      | 682/2000 [1:44:04<3:17:12,  8.98s/it]
                                                      
{'loss': '0.9026', 'grad_norm': '0.2914', 'learning_rate': '8.339e-06', 'epoch': '5.456'}

 34%|███▍      | 682/2000 [1:44:04<3:17:12,  8.98s/it]
 34%|███▍      | 683/2000 [1:44:12<3:12:55,  8.79s/it]
                                                      
{'loss': '1.039', 'grad_norm': '0.2726', 'learning_rate': '8.333e-06', 'epoch': '5.464'}

 34%|███▍      | 683/2000 [1:44:13<3:12:55,  8.79s/it]
 34%|███▍      | 684/2000 [1:44:21<3:13:38,  8.83s/it]
                                                      
{'loss': '0.8427', 'grad_norm': '0.2885', 'learning_rate': '8.326e-06', 'epoch': '5.472'}

 34%|███▍      | 684/2000 [1:44:21<3:13:38,  8.83s/it]
 34%|███▍      | 685/2000 [1:44:30<3:09:42,  8.66s/it]
                                                      
{'loss': '0.72', 'grad_norm': '0.439', 'learning_rate': '8.32e-06', 'epoch': '5.48'}

 34%|███▍      | 685/2000 [1:44:30<3:09:42,  8.66s/it]
 34%|███▍      | 686/2000 [1:44:38<3:08:30,  8.61s/it]
                                                      
{'loss': '0.7323', 'grad_norm': '0.2793', 'learning_rate': '8.313e-06', 'epoch': '5.488'}

 34%|███▍      | 686/2000 [1:44:38<3:08:30,  8.61s/it]
 34%|███▍      | 687/2000 [1:44:48<3:14:14,  8.88s/it]
                                                      
{'loss': '0.8276', 'grad_norm': '0.5406', 'learning_rate': '8.307e-06', 'epoch': '5.496'}

 34%|███▍      | 687/2000 [1:44:48<3:14:14,  8.88s/it]
 34%|███▍      | 688/2000 [1:44:57<3:15:18,  8.93s/it]
                                                      
{'loss': '0.748', 'grad_norm': '0.9322', 'learning_rate': '8.3e-06', 'epoch': '5.504'}

 34%|███▍      | 688/2000 [1:44:57<3:15:18,  8.93s/it]
 34%|███▍      | 689/2000 [1:45:05<3:09:58,  8.69s/it]
                                                      
{'loss': '0.6377', 'grad_norm': '0.2685', 'learning_rate': '8.293e-06', 'epoch': '5.512'}

 34%|███▍      | 689/2000 [1:45:05<3:09:58,  8.69s/it]
 34%|███▍      | 690/2000 [1:45:14<3:15:10,  8.94s/it]
                                                      
{'loss': '0.7485', 'grad_norm': '0.667', 'learning_rate': '8.287e-06', 'epoch': '5.52'}

 34%|███▍      | 690/2000 [1:45:14<3:15:10,  8.94s/it]
 35%|███▍      | 691/2000 [1:45:23<3:11:30,  8.78s/it]
                                                      
{'loss': '0.8978', 'grad_norm': '0.3779', 'learning_rate': '8.28e-06', 'epoch': '5.528'}

 35%|███▍      | 691/2000 [1:45:23<3:11:30,  8.78s/it]
 35%|███▍      | 692/2000 [1:45:32<3:14:22,  8.92s/it]
                                                      
{'loss': '0.8354', 'grad_norm': '0.2869', 'learning_rate': '8.274e-06', 'epoch': '5.536'}

 35%|███▍      | 692/2000 [1:45:32<3:14:22,  8.92s/it]
 35%|███▍      | 693/2000 [1:45:40<3:11:12,  8.78s/it]
                                                      
{'loss': '0.5947', 'grad_norm': '0.2635', 'learning_rate': '8.267e-06', 'epoch': '5.544'}

 35%|███▍      | 693/2000 [1:45:41<3:11:12,  8.78s/it]
 35%|███▍      | 694/2000 [1:46:02<4:35:20, 12.65s/it]
                                                      
{'loss': '0.6438', 'grad_norm': '0.3732', 'learning_rate': '8.26e-06', 'epoch': '5.552'}

 35%|███▍      | 694/2000 [1:46:02<4:35:20, 12.65s/it]
 35%|███▍      | 695/2000 [1:46:12<4:18:23, 11.88s/it]
                                                      
{'loss': '0.6395', 'grad_norm': '0.5643', 'learning_rate': '8.254e-06', 'epoch': '5.56'}

 35%|███▍      | 695/2000 [1:46:12<4:18:23, 11.88s/it]
 35%|███▍      | 696/2000 [1:46:20<3:52:47, 10.71s/it]
                                                      
{'loss': '0.8322', 'grad_norm': '0.5626', 'learning_rate': '8.247e-06', 'epoch': '5.568'}

 35%|███▍      | 696/2000 [1:46:20<3:52:47, 10.71s/it]
 35%|███▍      | 697/2000 [1:46:29<3:41:34, 10.20s/it]
                                                      
{'loss': '0.7118', 'grad_norm': '0.4322', 'learning_rate': '8.241e-06', 'epoch': '5.576'}

 35%|███▍      | 697/2000 [1:46:29<3:41:34, 10.20s/it]
 35%|███▍      | 698/2000 [1:46:38<3:33:19,  9.83s/it]
                                                      
{'loss': '0.6038', 'grad_norm': '0.4743', 'learning_rate': '8.234e-06', 'epoch': '5.584'}

 35%|███▍      | 698/2000 [1:46:39<3:33:19,  9.83s/it]
 35%|███▍      | 699/2000 [1:46:47<3:28:18,  9.61s/it]
                                                      
{'loss': '0.8435', 'grad_norm': '0.2352', 'learning_rate': '8.227e-06', 'epoch': '5.592'}

 35%|███▍      | 699/2000 [1:46:47<3:28:18,  9.61s/it]
 35%|███▌      | 700/2000 [1:46:55<3:18:01,  9.14s/it]
                                                      
{'loss': '0.9589', 'grad_norm': '0.3949', 'learning_rate': '8.221e-06', 'epoch': '5.6'}

 35%|███▌      | 700/2000 [1:46:55<3:18:01,  9.14s/it]
 35%|███▌      | 701/2000 [1:47:05<3:18:34,  9.17s/it]
                                                      
{'loss': '0.8953', 'grad_norm': '0.3095', 'learning_rate': '8.214e-06', 'epoch': '5.608'}

 35%|███▌      | 701/2000 [1:47:05<3:18:34,  9.17s/it]
 35%|███▌      | 702/2000 [1:47:12<3:08:56,  8.73s/it]
                                                      
{'loss': '0.473', 'grad_norm': '0.2644', 'learning_rate': '8.207e-06', 'epoch': '5.616'}

 35%|███▌      | 702/2000 [1:47:12<3:08:56,  8.73s/it]
 35%|███▌      | 703/2000 [1:47:21<3:06:10,  8.61s/it]
                                                      
{'loss': '0.6611', 'grad_norm': '0.3461', 'learning_rate': '8.201e-06', 'epoch': '5.624'}

 35%|███▌      | 703/2000 [1:47:21<3:06:10,  8.61s/it]
 35%|███▌      | 704/2000 [1:47:29<3:06:53,  8.65s/it]
                                                      
{'loss': '0.5396', 'grad_norm': '0.254', 'learning_rate': '8.194e-06', 'epoch': '5.632'}

 35%|███▌      | 704/2000 [1:47:29<3:06:53,  8.65s/it]
 35%|███▌      | 705/2000 [1:47:38<3:06:30,  8.64s/it]
                                                      
{'loss': '0.553', 'grad_norm': '0.2232', 'learning_rate': '8.187e-06', 'epoch': '5.64'}

 35%|███▌      | 705/2000 [1:47:38<3:06:30,  8.64s/it]
 35%|███▌      | 706/2000 [1:47:47<3:07:03,  8.67s/it]
                                                      
{'loss': '0.7068', 'grad_norm': '0.2205', 'learning_rate': '8.18e-06', 'epoch': '5.648'}

 35%|███▌      | 706/2000 [1:47:47<3:07:03,  8.67s/it]
 35%|███▌      | 707/2000 [1:47:56<3:07:49,  8.72s/it]
                                                      
{'loss': '0.5677', 'grad_norm': '0.4234', 'learning_rate': '8.174e-06', 'epoch': '5.656'}

 35%|███▌      | 707/2000 [1:47:56<3:07:49,  8.72s/it]
 35%|███▌      | 708/2000 [1:48:04<3:06:05,  8.64s/it]
                                                      
{'loss': '1.077', 'grad_norm': '0.4194', 'learning_rate': '8.167e-06', 'epoch': '5.664'}

 35%|███▌      | 708/2000 [1:48:04<3:06:05,  8.64s/it]
 35%|███▌      | 709/2000 [1:48:13<3:06:19,  8.66s/it]
                                                      
{'loss': '0.846', 'grad_norm': '0.1595', 'learning_rate': '8.16e-06', 'epoch': '5.672'}

 35%|███▌      | 709/2000 [1:48:13<3:06:19,  8.66s/it]
 36%|███▌      | 710/2000 [1:48:21<3:04:52,  8.60s/it]
                                                      
{'loss': '0.8204', 'grad_norm': '0.2437', 'learning_rate': '8.153e-06', 'epoch': '5.68'}

 36%|███▌      | 710/2000 [1:48:21<3:04:52,  8.60s/it]
 36%|███▌      | 711/2000 [1:48:30<3:08:28,  8.77s/it]
                                                      
{'loss': '0.7268', 'grad_norm': '0.7712', 'learning_rate': '8.147e-06', 'epoch': '5.688'}

 36%|███▌      | 711/2000 [1:48:30<3:08:28,  8.77s/it]
 36%|███▌      | 712/2000 [1:48:39<3:04:47,  8.61s/it]
                                                      
{'loss': '0.5565', 'grad_norm': '0.4238', 'learning_rate': '8.14e-06', 'epoch': '5.696'}

 36%|███▌      | 712/2000 [1:48:39<3:04:47,  8.61s/it]
 36%|███▌      | 713/2000 [1:48:47<3:06:29,  8.69s/it]
                                                      
{'loss': '1.1', 'grad_norm': '0.2032', 'learning_rate': '8.133e-06', 'epoch': '5.704'}

 36%|███▌      | 713/2000 [1:48:47<3:06:29,  8.69s/it]
 36%|███▌      | 714/2000 [1:48:57<3:09:20,  8.83s/it]
                                                      
{'loss': '1.026', 'grad_norm': '0.3577', 'learning_rate': '8.126e-06', 'epoch': '5.712'}

 36%|███▌      | 714/2000 [1:48:57<3:09:20,  8.83s/it]
 36%|███▌      | 715/2000 [1:49:05<3:07:08,  8.74s/it]
                                                      
{'loss': '0.9653', 'grad_norm': '0.1628', 'learning_rate': '8.119e-06', 'epoch': '5.72'}

 36%|███▌      | 715/2000 [1:49:05<3:07:08,  8.74s/it]
 36%|███▌      | 716/2000 [1:49:14<3:07:56,  8.78s/it]
                                                      
{'loss': '0.8123', 'grad_norm': '0.5252', 'learning_rate': '8.113e-06', 'epoch': '5.728'}

 36%|███▌      | 716/2000 [1:49:14<3:07:56,  8.78s/it]
 36%|███▌      | 717/2000 [1:49:24<3:12:23,  9.00s/it]
                                                      
{'loss': '0.7397', 'grad_norm': '0.4039', 'learning_rate': '8.106e-06', 'epoch': '5.736'}

 36%|███▌      | 717/2000 [1:49:24<3:12:23,  9.00s/it]
 36%|███▌      | 718/2000 [1:49:32<3:10:15,  8.90s/it]
                                                      
{'loss': '0.8311', 'grad_norm': '0.2539', 'learning_rate': '8.099e-06', 'epoch': '5.744'}

 36%|███▌      | 718/2000 [1:49:32<3:10:15,  8.90s/it]
 36%|███▌      | 719/2000 [1:49:42<3:14:46,  9.12s/it]
                                                      
{'loss': '0.5822', 'grad_norm': '0.3988', 'learning_rate': '8.092e-06', 'epoch': '5.752'}

 36%|███▌      | 719/2000 [1:49:42<3:14:46,  9.12s/it]
 36%|███▌      | 720/2000 [1:49:49<3:04:26,  8.65s/it]
                                                      
{'loss': '0.7295', 'grad_norm': '0.479', 'learning_rate': '8.085e-06', 'epoch': '5.76'}

 36%|███▌      | 720/2000 [1:49:49<3:04:26,  8.65s/it]
 36%|███▌      | 721/2000 [1:49:58<3:03:45,  8.62s/it]
                                                      
{'loss': '0.8987', 'grad_norm': '0.282', 'learning_rate': '8.078e-06', 'epoch': '5.768'}

 36%|███▌      | 721/2000 [1:49:58<3:03:45,  8.62s/it]
 36%|███▌      | 722/2000 [1:50:07<3:06:46,  8.77s/it]
                                                      
{'loss': '0.9377', 'grad_norm': '0.2828', 'learning_rate': '8.071e-06', 'epoch': '5.776'}

 36%|███▌      | 722/2000 [1:50:07<3:06:46,  8.77s/it]
 36%|███▌      | 723/2000 [1:50:15<3:01:41,  8.54s/it]
                                                      
{'loss': '0.9146', 'grad_norm': '0.3859', 'learning_rate': '8.065e-06', 'epoch': '5.784'}

 36%|███▌      | 723/2000 [1:50:15<3:01:41,  8.54s/it]
 36%|███▌      | 724/2000 [1:50:24<3:02:22,  8.58s/it]
                                                      
{'loss': '1.103', 'grad_norm': '0.3271', 'learning_rate': '8.058e-06', 'epoch': '5.792'}

 36%|███▌      | 724/2000 [1:50:24<3:02:22,  8.58s/it]
 36%|███▋      | 725/2000 [1:50:33<3:03:53,  8.65s/it]
                                                      
{'loss': '0.7239', 'grad_norm': '0.3565', 'learning_rate': '8.051e-06', 'epoch': '5.8'}

 36%|███▋      | 725/2000 [1:50:33<3:03:53,  8.65s/it]
 36%|███▋      | 726/2000 [1:50:41<3:02:40,  8.60s/it]
                                                      
{'loss': '0.827', 'grad_norm': '0.3331', 'learning_rate': '8.044e-06', 'epoch': '5.808'}

 36%|███▋      | 726/2000 [1:50:41<3:02:40,  8.60s/it]
 36%|███▋      | 727/2000 [1:50:51<3:11:31,  9.03s/it]
                                                      
{'loss': '0.8257', 'grad_norm': '0.3065', 'learning_rate': '8.037e-06', 'epoch': '5.816'}

 36%|███▋      | 727/2000 [1:50:51<3:11:31,  9.03s/it]
 36%|███▋      | 728/2000 [1:50:59<3:06:49,  8.81s/it]
                                                      
{'loss': '0.9346', 'grad_norm': '0.293', 'learning_rate': '8.03e-06', 'epoch': '5.824'}

 36%|███▋      | 728/2000 [1:50:59<3:06:49,  8.81s/it]
 36%|███▋      | 729/2000 [1:51:08<3:06:38,  8.81s/it]
                                                      
{'loss': '0.7304', 'grad_norm': '0.3805', 'learning_rate': '8.023e-06', 'epoch': '5.832'}

 36%|███▋      | 729/2000 [1:51:08<3:06:38,  8.81s/it]
 36%|███▋      | 730/2000 [1:51:16<3:02:54,  8.64s/it]
                                                      
{'loss': '0.7388', 'grad_norm': '0.4107', 'learning_rate': '8.016e-06', 'epoch': '5.84'}

 36%|███▋      | 730/2000 [1:51:16<3:02:54,  8.64s/it]
 37%|███▋      | 731/2000 [1:51:25<3:02:11,  8.61s/it]
                                                      
{'loss': '0.7053', 'grad_norm': '0.3247', 'learning_rate': '8.009e-06', 'epoch': '5.848'}

 37%|███▋      | 731/2000 [1:51:25<3:02:11,  8.61s/it]
 37%|███▋      | 732/2000 [1:51:33<3:01:18,  8.58s/it]
                                                      
{'loss': '1.048', 'grad_norm': '0.3513', 'learning_rate': '8.002e-06', 'epoch': '5.856'}

 37%|███▋      | 732/2000 [1:51:34<3:01:18,  8.58s/it]
 37%|███▋      | 733/2000 [1:51:43<3:04:11,  8.72s/it]
                                                      
{'loss': '0.8359', 'grad_norm': '0.3436', 'learning_rate': '7.995e-06', 'epoch': '5.864'}

 37%|███▋      | 733/2000 [1:51:43<3:04:11,  8.72s/it]
 37%|███▋      | 734/2000 [1:51:51<3:03:21,  8.69s/it]
                                                      
{'loss': '0.8836', 'grad_norm': '0.3412', 'learning_rate': '7.988e-06', 'epoch': '5.872'}

 37%|███▋      | 734/2000 [1:51:51<3:03:21,  8.69s/it]
 37%|███▋      | 735/2000 [1:52:00<3:04:51,  8.77s/it]
                                                      
{'loss': '0.8382', 'grad_norm': '0.3844', 'learning_rate': '7.981e-06', 'epoch': '5.88'}

 37%|███▋      | 735/2000 [1:52:00<3:04:51,  8.77s/it]
 37%|███▋      | 736/2000 [1:52:08<3:02:13,  8.65s/it]
                                                      
{'loss': '0.7148', 'grad_norm': '0.2709', 'learning_rate': '7.974e-06', 'epoch': '5.888'}

 37%|███▋      | 736/2000 [1:52:08<3:02:13,  8.65s/it]
 37%|███▋      | 737/2000 [1:52:17<2:58:52,  8.50s/it]
                                                      
{'loss': '0.7461', 'grad_norm': '0.3639', 'learning_rate': '7.967e-06', 'epoch': '5.896'}

 37%|███▋      | 737/2000 [1:52:17<2:58:52,  8.50s/it]
 37%|███▋      | 738/2000 [1:52:25<2:56:36,  8.40s/it]
                                                      
{'loss': '0.7015', 'grad_norm': '0.4564', 'learning_rate': '7.96e-06', 'epoch': '5.904'}

 37%|███▋      | 738/2000 [1:52:25<2:56:36,  8.40s/it]
 37%|███▋      | 739/2000 [1:52:33<2:56:03,  8.38s/it]
                                                      
{'loss': '0.5497', 'grad_norm': '0.454', 'learning_rate': '7.953e-06', 'epoch': '5.912'}

 37%|███▋      | 739/2000 [1:52:33<2:56:03,  8.38s/it]
 37%|███▋      | 740/2000 [1:52:42<2:57:58,  8.48s/it]
                                                      
{'loss': '0.6421', 'grad_norm': '0.3212', 'learning_rate': '7.946e-06', 'epoch': '5.92'}

 37%|███▋      | 740/2000 [1:52:42<2:57:58,  8.48s/it]
 37%|███▋      | 741/2000 [1:52:51<3:02:07,  8.68s/it]
                                                      
{'loss': '0.731', 'grad_norm': '0.304', 'learning_rate': '7.939e-06', 'epoch': '5.928'}

 37%|███▋      | 741/2000 [1:52:51<3:02:07,  8.68s/it]
 37%|███▋      | 742/2000 [1:52:59<2:59:36,  8.57s/it]
                                                      
{'loss': '0.6582', 'grad_norm': '0.3535', 'learning_rate': '7.932e-06', 'epoch': '5.936'}

 37%|███▋      | 742/2000 [1:52:59<2:59:36,  8.57s/it]
 37%|███▋      | 743/2000 [1:53:08<2:58:03,  8.50s/it]
                                                      
{'loss': '0.8129', 'grad_norm': '0.3932', 'learning_rate': '7.925e-06', 'epoch': '5.944'}

 37%|███▋      | 743/2000 [1:53:08<2:58:03,  8.50s/it]
 37%|███▋      | 744/2000 [1:53:16<2:58:47,  8.54s/it]
                                                      
{'loss': '0.8024', 'grad_norm': '0.2948', 'learning_rate': '7.918e-06', 'epoch': '5.952'}

 37%|███▋      | 744/2000 [1:53:16<2:58:47,  8.54s/it]
 37%|███▋      | 745/2000 [1:53:26<3:03:21,  8.77s/it]
                                                      
{'loss': '0.5717', 'grad_norm': '0.3117', 'learning_rate': '7.911e-06', 'epoch': '5.96'}

 37%|███▋      | 745/2000 [1:53:26<3:03:21,  8.77s/it]
 37%|███▋      | 746/2000 [1:53:36<3:13:37,  9.26s/it]
                                                      
{'loss': '0.7463', 'grad_norm': '0.2927', 'learning_rate': '7.904e-06', 'epoch': '5.968'}

 37%|███▋      | 746/2000 [1:53:36<3:13:37,  9.26s/it]
 37%|███▋      | 747/2000 [1:53:43<3:02:21,  8.73s/it]
                                                      
{'loss': '0.8481', 'grad_norm': '0.4802', 'learning_rate': '7.896e-06', 'epoch': '5.976'}

 37%|███▋      | 747/2000 [1:53:44<3:02:21,  8.73s/it]
 37%|███▋      | 748/2000 [1:53:52<3:00:31,  8.65s/it]
                                                      
{'loss': '0.6704', 'grad_norm': '0.2978', 'learning_rate': '7.889e-06', 'epoch': '5.984'}

 37%|███▋      | 748/2000 [1:53:52<3:00:31,  8.65s/it]
 37%|███▋      | 749/2000 [1:54:00<2:59:11,  8.59s/it]
                                                      
{'loss': '0.6964', 'grad_norm': '0.2535', 'learning_rate': '7.882e-06', 'epoch': '5.992'}

 37%|███▋      | 749/2000 [1:54:00<2:59:11,  8.59s/it]
 38%|███▊      | 750/2000 [1:54:10<3:03:23,  8.80s/it]
                                                      
{'loss': '0.6227', 'grad_norm': '0.2844', 'learning_rate': '7.875e-06', 'epoch': '6'}

 38%|███▊      | 750/2000 [1:54:10<3:03:23,  8.80s/it]
 38%|███▊      | 751/2000 [1:54:19<3:05:56,  8.93s/it]
                                                      
{'loss': '0.7642', 'grad_norm': '0.1926', 'learning_rate': '7.868e-06', 'epoch': '6.008'}

 38%|███▊      | 751/2000 [1:54:19<3:05:56,  8.93s/it]
 38%|███▊      | 752/2000 [1:54:28<3:03:56,  8.84s/it]
                                                      
{'loss': '0.5895', 'grad_norm': '0.3068', 'learning_rate': '7.861e-06', 'epoch': '6.016'}

 38%|███▊      | 752/2000 [1:54:28<3:03:56,  8.84s/it]
 38%|███▊      | 753/2000 [1:54:36<3:02:25,  8.78s/it]
                                                      
{'loss': '0.6851', 'grad_norm': '0.2689', 'learning_rate': '7.854e-06', 'epoch': '6.024'}

 38%|███▊      | 753/2000 [1:54:36<3:02:25,  8.78s/it]
 38%|███▊      | 754/2000 [1:54:45<3:01:09,  8.72s/it]
                                                      
{'loss': '0.724', 'grad_norm': '0.3652', 'learning_rate': '7.846e-06', 'epoch': '6.032'}

 38%|███▊      | 754/2000 [1:54:45<3:01:09,  8.72s/it]
 38%|███▊      | 755/2000 [1:54:54<3:02:57,  8.82s/it]
                                                      
{'loss': '0.9776', 'grad_norm': '0.2932', 'learning_rate': '7.839e-06', 'epoch': '6.04'}

 38%|███▊      | 755/2000 [1:54:54<3:02:57,  8.82s/it]
 38%|███▊      | 756/2000 [1:55:03<3:07:58,  9.07s/it]
                                                      
{'loss': '0.572', 'grad_norm': '0.2292', 'learning_rate': '7.832e-06', 'epoch': '6.048'}

 38%|███▊      | 756/2000 [1:55:03<3:07:58,  9.07s/it]
 38%|███▊      | 757/2000 [1:55:12<3:03:38,  8.86s/it]
                                                      
{'loss': '0.6871', 'grad_norm': '0.2018', 'learning_rate': '7.825e-06', 'epoch': '6.056'}

 38%|███▊      | 757/2000 [1:55:12<3:03:38,  8.86s/it]
 38%|███▊      | 758/2000 [1:55:20<3:01:56,  8.79s/it]
                                                      
{'loss': '0.5469', 'grad_norm': '0.2933', 'learning_rate': '7.818e-06', 'epoch': '6.064'}

 38%|███▊      | 758/2000 [1:55:21<3:01:56,  8.79s/it]
 38%|███▊      | 759/2000 [1:55:29<3:01:24,  8.77s/it]
                                                      
{'loss': '0.7793', 'grad_norm': '0.2955', 'learning_rate': '7.81e-06', 'epoch': '6.072'}

 38%|███▊      | 759/2000 [1:55:29<3:01:24,  8.77s/it]
 38%|███▊      | 760/2000 [1:55:38<3:01:40,  8.79s/it]
                                                      
{'loss': '1.034', 'grad_norm': '0.4826', 'learning_rate': '7.803e-06', 'epoch': '6.08'}

 38%|███▊      | 760/2000 [1:55:38<3:01:40,  8.79s/it]
 38%|███▊      | 761/2000 [1:55:47<3:03:30,  8.89s/it]
                                                      
{'loss': '0.8451', 'grad_norm': '0.2988', 'learning_rate': '7.796e-06', 'epoch': '6.088'}

 38%|███▊      | 761/2000 [1:55:47<3:03:30,  8.89s/it]
 38%|███▊      | 762/2000 [1:55:56<3:04:04,  8.92s/it]
                                                      
{'loss': '0.6829', 'grad_norm': '0.3545', 'learning_rate': '7.789e-06', 'epoch': '6.096'}

 38%|███▊      | 762/2000 [1:55:56<3:04:04,  8.92s/it]
 38%|███▊      | 763/2000 [1:56:04<2:59:09,  8.69s/it]
                                                      
{'loss': '0.5957', 'grad_norm': '0.3686', 'learning_rate': '7.781e-06', 'epoch': '6.104'}

 38%|███▊      | 763/2000 [1:56:04<2:59:09,  8.69s/it]
 38%|███▊      | 764/2000 [1:56:13<2:57:49,  8.63s/it]
                                                      
{'loss': '0.7964', 'grad_norm': '0.3323', 'learning_rate': '7.774e-06', 'epoch': '6.112'}

 38%|███▊      | 764/2000 [1:56:13<2:57:49,  8.63s/it]
 38%|███▊      | 765/2000 [1:56:22<3:00:09,  8.75s/it]
                                                      
{'loss': '0.5966', 'grad_norm': '0.2131', 'learning_rate': '7.767e-06', 'epoch': '6.12'}

 38%|███▊      | 765/2000 [1:56:22<3:00:09,  8.75s/it]
 38%|███▊      | 766/2000 [1:56:30<2:59:01,  8.70s/it]
                                                      
{'loss': '0.7198', 'grad_norm': '0.3862', 'learning_rate': '7.76e-06', 'epoch': '6.128'}

 38%|███▊      | 766/2000 [1:56:30<2:59:01,  8.70s/it]
 38%|███▊      | 767/2000 [1:56:39<2:56:36,  8.59s/it]
                                                      
{'loss': '0.6061', 'grad_norm': '0.3027', 'learning_rate': '7.752e-06', 'epoch': '6.136'}

 38%|███▊      | 767/2000 [1:56:39<2:56:36,  8.59s/it]
 38%|███▊      | 768/2000 [1:56:47<2:51:43,  8.36s/it]
                                                      
{'loss': '0.5674', 'grad_norm': '0.2294', 'learning_rate': '7.745e-06', 'epoch': '6.144'}

 38%|███▊      | 768/2000 [1:56:47<2:51:43,  8.36s/it]
 38%|███▊      | 769/2000 [1:56:55<2:54:52,  8.52s/it]
                                                      
{'loss': '0.5533', 'grad_norm': '0.3619', 'learning_rate': '7.738e-06', 'epoch': '6.152'}

 38%|███▊      | 769/2000 [1:56:56<2:54:52,  8.52s/it]
 38%|███▊      | 770/2000 [1:57:04<2:57:06,  8.64s/it]
                                                      
{'loss': '0.7397', 'grad_norm': '0.4215', 'learning_rate': '7.731e-06', 'epoch': '6.16'}

 38%|███▊      | 770/2000 [1:57:04<2:57:06,  8.64s/it]
 39%|███▊      | 771/2000 [1:57:13<2:54:51,  8.54s/it]
                                                      
{'loss': '0.6766', 'grad_norm': '0.4175', 'learning_rate': '7.723e-06', 'epoch': '6.168'}

 39%|███▊      | 771/2000 [1:57:13<2:54:51,  8.54s/it]
 39%|███▊      | 772/2000 [1:57:21<2:56:04,  8.60s/it]
                                                      
{'loss': '0.8671', 'grad_norm': '0.5473', 'learning_rate': '7.716e-06', 'epoch': '6.176'}

 39%|███▊      | 772/2000 [1:57:21<2:56:04,  8.60s/it]
 39%|███▊      | 773/2000 [1:57:30<2:55:27,  8.58s/it]
                                                      
{'loss': '0.5585', 'grad_norm': '0.4093', 'learning_rate': '7.709e-06', 'epoch': '6.184'}

 39%|███▊      | 773/2000 [1:57:30<2:55:27,  8.58s/it]
 39%|███▊      | 774/2000 [1:57:38<2:52:32,  8.44s/it]
                                                      
{'loss': '0.6782', 'grad_norm': '0.4424', 'learning_rate': '7.701e-06', 'epoch': '6.192'}

 39%|███▊      | 774/2000 [1:57:38<2:52:32,  8.44s/it]
 39%|███▉      | 775/2000 [1:57:47<2:53:45,  8.51s/it]
                                                      
{'loss': '0.4953', 'grad_norm': '0.2101', 'learning_rate': '7.694e-06', 'epoch': '6.2'}

 39%|███▉      | 775/2000 [1:57:47<2:53:45,  8.51s/it]
 39%|███▉      | 776/2000 [1:57:56<2:56:33,  8.65s/it]
                                                      
{'loss': '0.6336', 'grad_norm': '0.4212', 'learning_rate': '7.686e-06', 'epoch': '6.208'}

 39%|███▉      | 776/2000 [1:57:56<2:56:33,  8.65s/it]
 39%|███▉      | 777/2000 [1:58:05<3:01:52,  8.92s/it]
                                                      
{'loss': '0.6118', 'grad_norm': '0.1852', 'learning_rate': '7.679e-06', 'epoch': '6.216'}

 39%|███▉      | 777/2000 [1:58:05<3:01:52,  8.92s/it][WARNING] Please DO NOT tune args ['unit_flag', 'limit_auto_multi_buffer_of_local_buffer', 'set_workspace_multibuffer', 'enable_hivm_auto_cv_balance', 'tile_mix_vector_loop', 'tile_mix_cube_loop', 'num_warps', 'num_ctas', 'num_stages', 'num_buffers_warp_spec', 'num_consumer_groups', 'reg_dec_producer', 'reg_inc_consumer', 'force_simt_template', 'enable_linearize']!

 39%|███▉      | 778/2000 [1:58:25<4:05:11, 12.04s/it]
                                                      
{'loss': '0.8149', 'grad_norm': '0.1933', 'learning_rate': '7.672e-06', 'epoch': '6.224'}

 39%|███▉      | 778/2000 [1:58:25<4:05:11, 12.04s/it]
 39%|███▉      | 779/2000 [1:58:34<3:47:45, 11.19s/it]
                                                      
{'loss': '0.8474', 'grad_norm': '0.3959', 'learning_rate': '7.664e-06', 'epoch': '6.232'}

 39%|███▉      | 779/2000 [1:58:34<3:47:45, 11.19s/it]
 39%|███▉      | 780/2000 [1:58:43<3:33:54, 10.52s/it]
                                                      
{'loss': '0.7759', 'grad_norm': '0.3634', 'learning_rate': '7.657e-06', 'epoch': '6.24'}

 39%|███▉      | 780/2000 [1:58:43<3:33:54, 10.52s/it]
 39%|███▉      | 781/2000 [1:58:52<3:23:30, 10.02s/it]
                                                      
{'loss': '0.7146', 'grad_norm': '0.3241', 'learning_rate': '7.65e-06', 'epoch': '6.248'}

 39%|███▉      | 781/2000 [1:58:52<3:23:30, 10.02s/it]
 39%|███▉      | 782/2000 [1:59:01<3:20:24,  9.87s/it]
                                                      
{'loss': '0.821', 'grad_norm': '0.4119', 'learning_rate': '7.642e-06', 'epoch': '6.256'}

 39%|███▉      | 782/2000 [1:59:01<3:20:24,  9.87s/it]
 39%|███▉      | 783/2000 [1:59:09<3:08:48,  9.31s/it]
                                                      
{'loss': '0.4591', 'grad_norm': '0.364', 'learning_rate': '7.635e-06', 'epoch': '6.264'}

 39%|███▉      | 783/2000 [1:59:09<3:08:48,  9.31s/it]
 39%|███▉      | 784/2000 [1:59:18<3:06:01,  9.18s/it]
                                                      
{'loss': '0.7564', 'grad_norm': '0.2995', 'learning_rate': '7.627e-06', 'epoch': '6.272'}

 39%|███▉      | 784/2000 [1:59:18<3:06:01,  9.18s/it]
 39%|███▉      | 785/2000 [1:59:27<3:01:52,  8.98s/it]
                                                      
{'loss': '0.7825', 'grad_norm': '0.3892', 'learning_rate': '7.62e-06', 'epoch': '6.28'}

 39%|███▉      | 785/2000 [1:59:27<3:01:52,  8.98s/it]
 39%|███▉      | 786/2000 [1:59:35<3:00:43,  8.93s/it]
                                                      
{'loss': '0.6668', 'grad_norm': '0.37', 'learning_rate': '7.612e-06', 'epoch': '6.288'}

 39%|███▉      | 786/2000 [1:59:35<3:00:43,  8.93s/it]
 39%|███▉      | 787/2000 [1:59:44<2:58:31,  8.83s/it]
                                                      
{'loss': '0.8486', 'grad_norm': '0.3318', 'learning_rate': '7.605e-06', 'epoch': '6.296'}

 39%|███▉      | 787/2000 [1:59:44<2:58:31,  8.83s/it]
 39%|███▉      | 788/2000 [1:59:52<2:54:45,  8.65s/it]
                                                      
{'loss': '0.9365', 'grad_norm': '0.4154', 'learning_rate': '7.598e-06', 'epoch': '6.304'}

 39%|███▉      | 788/2000 [1:59:52<2:54:45,  8.65s/it]
 39%|███▉      | 789/2000 [2:00:01<2:55:51,  8.71s/it]
                                                      
{'loss': '0.6871', 'grad_norm': '0.1624', 'learning_rate': '7.59e-06', 'epoch': '6.312'}

 39%|███▉      | 789/2000 [2:00:01<2:55:51,  8.71s/it]
 40%|███▉      | 790/2000 [2:00:10<2:58:44,  8.86s/it]
                                                      
{'loss': '0.7819', 'grad_norm': '0.3469', 'learning_rate': '7.583e-06', 'epoch': '6.32'}

 40%|███▉      | 790/2000 [2:00:10<2:58:44,  8.86s/it]
 40%|███▉      | 791/2000 [2:00:19<2:58:59,  8.88s/it]
                                                      
{'loss': '0.7309', 'grad_norm': '0.3966', 'learning_rate': '7.575e-06', 'epoch': '6.328'}

 40%|███▉      | 791/2000 [2:00:19<2:58:59,  8.88s/it]
 40%|███▉      | 792/2000 [2:00:28<2:57:19,  8.81s/it]
                                                      
{'loss': '0.8131', 'grad_norm': '0.2694', 'learning_rate': '7.568e-06', 'epoch': '6.336'}

 40%|███▉      | 792/2000 [2:00:28<2:57:19,  8.81s/it]
 40%|███▉      | 793/2000 [2:00:36<2:56:03,  8.75s/it]
                                                      
{'loss': '0.5613', 'grad_norm': '0.333', 'learning_rate': '7.56e-06', 'epoch': '6.344'}

 40%|███▉      | 793/2000 [2:00:36<2:56:03,  8.75s/it]
 40%|███▉      | 794/2000 [2:00:45<2:53:16,  8.62s/it]
                                                      
{'loss': '0.6791', 'grad_norm': '0.289', 'learning_rate': '7.553e-06', 'epoch': '6.352'}

 40%|███▉      | 794/2000 [2:00:45<2:53:16,  8.62s/it]
 40%|███▉      | 795/2000 [2:00:53<2:52:19,  8.58s/it]
                                                      
{'loss': '1.011', 'grad_norm': '0.3468', 'learning_rate': '7.545e-06', 'epoch': '6.36'}

 40%|███▉      | 795/2000 [2:00:53<2:52:19,  8.58s/it]
 40%|███▉      | 796/2000 [2:01:02<2:55:11,  8.73s/it]
                                                      
{'loss': '0.6955', 'grad_norm': '0.3991', 'learning_rate': '7.538e-06', 'epoch': '6.368'}

 40%|███▉      | 796/2000 [2:01:02<2:55:11,  8.73s/it]
 40%|███▉      | 797/2000 [2:01:11<2:54:19,  8.69s/it]
                                                      
{'loss': '0.8079', 'grad_norm': '0.2532', 'learning_rate': '7.53e-06', 'epoch': '6.376'}

 40%|███▉      | 797/2000 [2:01:11<2:54:19,  8.69s/it]
 40%|███▉      | 798/2000 [2:01:19<2:50:50,  8.53s/it]
                                                      
{'loss': '0.8494', 'grad_norm': '0.2828', 'learning_rate': '7.523e-06', 'epoch': '6.384'}

 40%|███▉      | 798/2000 [2:01:19<2:50:50,  8.53s/it]
 40%|███▉      | 799/2000 [2:01:28<2:55:33,  8.77s/it]
                                                      
{'loss': '1.072', 'grad_norm': '0.3463', 'learning_rate': '7.515e-06', 'epoch': '6.392'}

 40%|███▉      | 799/2000 [2:01:28<2:55:33,  8.77s/it]
 40%|████      | 800/2000 [2:01:37<2:53:41,  8.68s/it]
                                                      
{'loss': '0.8204', 'grad_norm': '0.1883', 'learning_rate': '7.508e-06', 'epoch': '6.4'}

 40%|████      | 800/2000 [2:01:37<2:53:41,  8.68s/it]
 40%|████      | 801/2000 [2:01:46<2:56:06,  8.81s/it]
                                                      
{'loss': '1.228', 'grad_norm': '0.6177', 'learning_rate': '7.5e-06', 'epoch': '6.408'}

 40%|████      | 801/2000 [2:01:46<2:56:06,  8.81s/it]
 40%|████      | 802/2000 [2:01:54<2:50:39,  8.55s/it]
                                                      
{'loss': '0.6525', 'grad_norm': '0.3558', 'learning_rate': '7.492e-06', 'epoch': '6.416'}

 40%|████      | 802/2000 [2:01:54<2:50:39,  8.55s/it]
 40%|████      | 803/2000 [2:02:02<2:46:39,  8.35s/it]
                                                      
{'loss': '0.6244', 'grad_norm': '0.4763', 'learning_rate': '7.485e-06', 'epoch': '6.424'}

 40%|████      | 803/2000 [2:02:02<2:46:39,  8.35s/it]
 40%|████      | 804/2000 [2:02:11<2:53:01,  8.68s/it]
                                                      
{'loss': '0.7896', 'grad_norm': '0.3296', 'learning_rate': '7.477e-06', 'epoch': '6.432'}

 40%|████      | 804/2000 [2:02:11<2:53:01,  8.68s/it]
 40%|████      | 805/2000 [2:02:20<2:55:17,  8.80s/it]
                                                      
{'loss': '0.6741', 'grad_norm': '0.2781', 'learning_rate': '7.47e-06', 'epoch': '6.44'}

 40%|████      | 805/2000 [2:02:20<2:55:17,  8.80s/it]
 40%|████      | 806/2000 [2:02:29<2:54:23,  8.76s/it]
                                                      
{'loss': '0.7188', 'grad_norm': '0.237', 'learning_rate': '7.462e-06', 'epoch': '6.448'}

 40%|████      | 806/2000 [2:02:29<2:54:23,  8.76s/it]
 40%|████      | 807/2000 [2:02:36<2:45:06,  8.30s/it]
                                                      
{'loss': '0.7374', 'grad_norm': '0.4796', 'learning_rate': '7.455e-06', 'epoch': '6.456'}

 40%|████      | 807/2000 [2:02:36<2:45:06,  8.30s/it]
 40%|████      | 808/2000 [2:02:45<2:49:40,  8.54s/it]
                                                      
{'loss': '0.8809', 'grad_norm': '0.4516', 'learning_rate': '7.447e-06', 'epoch': '6.464'}

 40%|████      | 808/2000 [2:02:45<2:49:40,  8.54s/it]
 40%|████      | 809/2000 [2:02:54<2:47:16,  8.43s/it]
                                                      
{'loss': '0.7408', 'grad_norm': '0.6755', 'learning_rate': '7.439e-06', 'epoch': '6.472'}

 40%|████      | 809/2000 [2:02:54<2:47:16,  8.43s/it]
 40%|████      | 810/2000 [2:03:02<2:46:05,  8.37s/it]
                                                      
{'loss': '0.79', 'grad_norm': '0.3774', 'learning_rate': '7.432e-06', 'epoch': '6.48'}

 40%|████      | 810/2000 [2:03:02<2:46:05,  8.37s/it]
 41%|████      | 811/2000 [2:03:11<2:50:47,  8.62s/it]
                                                      
{'loss': '1.063', 'grad_norm': '0.3361', 'learning_rate': '7.424e-06', 'epoch': '6.488'}

 41%|████      | 811/2000 [2:03:11<2:50:47,  8.62s/it]
 41%|████      | 812/2000 [2:03:19<2:46:59,  8.43s/it]
                                                      
{'loss': '0.7383', 'grad_norm': '0.2286', 'learning_rate': '7.416e-06', 'epoch': '6.496'}

 41%|████      | 812/2000 [2:03:19<2:46:59,  8.43s/it]
 41%|████      | 813/2000 [2:03:27<2:41:40,  8.17s/it]
                                                      
{'loss': '0.8465', 'grad_norm': '0.4728', 'learning_rate': '7.409e-06', 'epoch': '6.504'}

 41%|████      | 813/2000 [2:03:27<2:41:40,  8.17s/it]
 41%|████      | 814/2000 [2:03:35<2:46:21,  8.42s/it]
                                                      
{'loss': '0.6289', 'grad_norm': '0.313', 'learning_rate': '7.401e-06', 'epoch': '6.512'}

 41%|████      | 814/2000 [2:03:35<2:46:21,  8.42s/it]
 41%|████      | 815/2000 [2:03:45<2:49:54,  8.60s/it]
                                                      
{'loss': '0.7949', 'grad_norm': '0.2922', 'learning_rate': '7.393e-06', 'epoch': '6.52'}

 41%|████      | 815/2000 [2:03:45<2:49:54,  8.60s/it]
 41%|████      | 816/2000 [2:03:53<2:50:18,  8.63s/it]
                                                      
{'loss': '0.7911', 'grad_norm': '0.2135', 'learning_rate': '7.386e-06', 'epoch': '6.528'}

 41%|████      | 816/2000 [2:03:53<2:50:18,  8.63s/it]
 41%|████      | 817/2000 [2:04:02<2:50:53,  8.67s/it]
                                                      
{'loss': '0.6298', 'grad_norm': '0.201', 'learning_rate': '7.378e-06', 'epoch': '6.536'}

 41%|████      | 817/2000 [2:04:02<2:50:53,  8.67s/it]
 41%|████      | 818/2000 [2:04:11<2:50:35,  8.66s/it]
                                                      
{'loss': '0.7523', 'grad_norm': '0.6305', 'learning_rate': '7.37e-06', 'epoch': '6.544'}

 41%|████      | 818/2000 [2:04:11<2:50:35,  8.66s/it]
 41%|████      | 819/2000 [2:04:20<2:52:49,  8.78s/it]
                                                      
{'loss': '0.6053', 'grad_norm': '0.5182', 'learning_rate': '7.363e-06', 'epoch': '6.552'}

 41%|████      | 819/2000 [2:04:20<2:52:49,  8.78s/it]
 41%|████      | 820/2000 [2:04:28<2:51:10,  8.70s/it]
                                                      
{'loss': '0.8358', 'grad_norm': '0.3715', 'learning_rate': '7.355e-06', 'epoch': '6.56'}

 41%|████      | 820/2000 [2:04:28<2:51:10,  8.70s/it][WARNING] Please DO NOT tune args ['unit_flag', 'limit_auto_multi_buffer_of_local_buffer', 'set_workspace_multibuffer', 'enable_hivm_auto_cv_balance', 'tile_mix_vector_loop', 'tile_mix_cube_loop', 'num_warps', 'num_ctas', 'num_stages', 'num_buffers_warp_spec', 'num_consumer_groups', 'reg_dec_producer', 'reg_inc_consumer', 'force_simt_template', 'enable_linearize']!

 41%|████      | 821/2000 [2:04:45<3:40:47, 11.24s/it]
                                                      
{'loss': '0.8521', 'grad_norm': '0.4816', 'learning_rate': '7.347e-06', 'epoch': '6.568'}

 41%|████      | 821/2000 [2:04:45<3:40:47, 11.24s/it]
 41%|████      | 822/2000 [2:04:54<3:26:46, 10.53s/it]
                                                      
{'loss': '0.842', 'grad_norm': '0.2111', 'learning_rate': '7.34e-06', 'epoch': '6.576'}

 41%|████      | 822/2000 [2:04:54<3:26:46, 10.53s/it]
 41%|████      | 823/2000 [2:05:02<3:13:01,  9.84s/it]
                                                      
{'loss': '0.7803', 'grad_norm': '0.3418', 'learning_rate': '7.332e-06', 'epoch': '6.584'}

 41%|████      | 823/2000 [2:05:02<3:13:01,  9.84s/it]
 41%|████      | 824/2000 [2:05:11<3:04:14,  9.40s/it]
                                                      
{'loss': '0.6615', 'grad_norm': '0.7439', 'learning_rate': '7.324e-06', 'epoch': '6.592'}

 41%|████      | 824/2000 [2:05:11<3:04:14,  9.40s/it]
 41%|████▏     | 825/2000 [2:05:20<2:59:54,  9.19s/it]
                                                      
{'loss': '0.8289', 'grad_norm': '0.3449', 'learning_rate': '7.316e-06', 'epoch': '6.6'}

 41%|████▏     | 825/2000 [2:05:20<2:59:54,  9.19s/it]
 41%|████▏     | 826/2000 [2:05:28<2:58:21,  9.12s/it]
                                                      
{'loss': '0.8437', 'grad_norm': '0.2947', 'learning_rate': '7.309e-06', 'epoch': '6.608'}

 41%|████▏     | 826/2000 [2:05:28<2:58:21,  9.12s/it]
 41%|████▏     | 827/2000 [2:05:37<2:55:04,  8.96s/it]
                                                      
{'loss': '0.7095', 'grad_norm': '0.2973', 'learning_rate': '7.301e-06', 'epoch': '6.616'}

 41%|████▏     | 827/2000 [2:05:37<2:55:04,  8.96s/it]
 41%|████▏     | 828/2000 [2:05:46<2:52:55,  8.85s/it]
                                                      
{'loss': '0.7295', 'grad_norm': '0.498', 'learning_rate': '7.293e-06', 'epoch': '6.624'}

 41%|████▏     | 828/2000 [2:05:46<2:52:55,  8.85s/it]
 41%|████▏     | 829/2000 [2:05:54<2:49:14,  8.67s/it]
                                                      
{'loss': '0.7091', 'grad_norm': '0.3736', 'learning_rate': '7.285e-06', 'epoch': '6.632'}

 41%|████▏     | 829/2000 [2:05:54<2:49:14,  8.67s/it]
 42%|████▏     | 830/2000 [2:06:03<2:52:03,  8.82s/it]
                                                      
{'loss': '0.7192', 'grad_norm': '0.2184', 'learning_rate': '7.278e-06', 'epoch': '6.64'}

 42%|████▏     | 830/2000 [2:06:03<2:52:03,  8.82s/it]
 42%|████▏     | 831/2000 [2:06:11<2:49:11,  8.68s/it]
                                                      
{'loss': '0.793', 'grad_norm': '0.5082', 'learning_rate': '7.27e-06', 'epoch': '6.648'}

 42%|████▏     | 831/2000 [2:06:11<2:49:11,  8.68s/it]
 42%|████▏     | 832/2000 [2:06:20<2:46:34,  8.56s/it]
                                                      
{'loss': '0.634', 'grad_norm': '0.3103', 'learning_rate': '7.262e-06', 'epoch': '6.656'}

 42%|████▏     | 832/2000 [2:06:20<2:46:34,  8.56s/it]
 42%|████▏     | 833/2000 [2:06:29<2:48:54,  8.68s/it]
                                                      
{'loss': '0.6515', 'grad_norm': '0.284', 'learning_rate': '7.254e-06', 'epoch': '6.664'}

 42%|████▏     | 833/2000 [2:06:29<2:48:54,  8.68s/it]
 42%|████▏     | 834/2000 [2:06:37<2:44:07,  8.45s/it]
                                                      
{'loss': '0.6483', 'grad_norm': '0.3126', 'learning_rate': '7.247e-06', 'epoch': '6.672'}

 42%|████▏     | 834/2000 [2:06:37<2:44:07,  8.45s/it]
 42%|████▏     | 835/2000 [2:06:46<2:49:47,  8.74s/it]
                                                      
{'loss': '0.7385', 'grad_norm': '0.5348', 'learning_rate': '7.239e-06', 'epoch': '6.68'}

 42%|████▏     | 835/2000 [2:06:46<2:49:47,  8.74s/it]
 42%|████▏     | 836/2000 [2:06:55<2:50:27,  8.79s/it]
                                                      
{'loss': '0.6526', 'grad_norm': '0.4591', 'learning_rate': '7.231e-06', 'epoch': '6.688'}

 42%|████▏     | 836/2000 [2:06:55<2:50:27,  8.79s/it]
 42%|████▏     | 837/2000 [2:07:03<2:48:05,  8.67s/it]
                                                      
{'loss': '0.7354', 'grad_norm': '0.2309', 'learning_rate': '7.223e-06', 'epoch': '6.696'}

 42%|████▏     | 837/2000 [2:07:03<2:48:05,  8.67s/it]
 42%|████▏     | 838/2000 [2:07:13<2:51:46,  8.87s/it]
                                                      
{'loss': '0.8152', 'grad_norm': '0.3314', 'learning_rate': '7.215e-06', 'epoch': '6.704'}

 42%|████▏     | 838/2000 [2:07:13<2:51:46,  8.87s/it]
 42%|████▏     | 839/2000 [2:07:21<2:47:37,  8.66s/it]
                                                      
{'loss': '0.4978', 'grad_norm': '0.3558', 'learning_rate': '7.208e-06', 'epoch': '6.712'}

 42%|████▏     | 839/2000 [2:07:21<2:47:37,  8.66s/it]
 42%|████▏     | 840/2000 [2:07:30<2:48:01,  8.69s/it]
                                                      
{'loss': '0.5414', 'grad_norm': '0.2574', 'learning_rate': '7.2e-06', 'epoch': '6.72'}

 42%|████▏     | 840/2000 [2:07:30<2:48:01,  8.69s/it]
 42%|████▏     | 841/2000 [2:07:39<2:49:42,  8.79s/it]
                                                      
{'loss': '0.7637', 'grad_norm': '0.366', 'learning_rate': '7.192e-06', 'epoch': '6.728'}

 42%|████▏     | 841/2000 [2:07:39<2:49:42,  8.79s/it]
 42%|████▏     | 842/2000 [2:07:48<2:53:00,  8.96s/it]
                                                      
{'loss': '0.6895', 'grad_norm': '0.3063', 'learning_rate': '7.184e-06', 'epoch': '6.736'}

 42%|████▏     | 842/2000 [2:07:48<2:53:00,  8.96s/it]
 42%|████▏     | 843/2000 [2:07:56<2:48:08,  8.72s/it]
                                                      
{'loss': '0.7511', 'grad_norm': '0.4292', 'learning_rate': '7.176e-06', 'epoch': '6.744'}

 42%|████▏     | 843/2000 [2:07:56<2:48:08,  8.72s/it]
 42%|████▏     | 844/2000 [2:08:05<2:49:50,  8.82s/it]
                                                      
{'loss': '0.7358', 'grad_norm': '0.4818', 'learning_rate': '7.168e-06', 'epoch': '6.752'}

 42%|████▏     | 844/2000 [2:08:05<2:49:50,  8.82s/it]
 42%|████▏     | 845/2000 [2:08:13<2:46:14,  8.64s/it]
                                                      
{'loss': '0.5847', 'grad_norm': '0.2964', 'learning_rate': '7.16e-06', 'epoch': '6.76'}

 42%|████▏     | 845/2000 [2:08:13<2:46:14,  8.64s/it]
 42%|████▏     | 846/2000 [2:08:22<2:46:08,  8.64s/it]
                                                      
{'loss': '0.8065', 'grad_norm': '0.2189', 'learning_rate': '7.153e-06', 'epoch': '6.768'}

 42%|████▏     | 846/2000 [2:08:22<2:46:08,  8.64s/it]
 42%|████▏     | 847/2000 [2:08:31<2:48:49,  8.78s/it]
                                                      
{'loss': '0.7102', 'grad_norm': '0.269', 'learning_rate': '7.145e-06', 'epoch': '6.776'}

 42%|████▏     | 847/2000 [2:08:31<2:48:49,  8.78s/it]
 42%|████▏     | 848/2000 [2:08:40<2:48:31,  8.78s/it]
                                                      
{'loss': '0.8106', 'grad_norm': '0.2845', 'learning_rate': '7.137e-06', 'epoch': '6.784'}

 42%|████▏     | 848/2000 [2:08:40<2:48:31,  8.78s/it]
 42%|████▏     | 849/2000 [2:08:49<2:52:12,  8.98s/it]
                                                      
{'loss': '0.8069', 'grad_norm': '0.2846', 'learning_rate': '7.129e-06', 'epoch': '6.792'}

 42%|████▏     | 849/2000 [2:08:49<2:52:12,  8.98s/it]
 42%|████▎     | 850/2000 [2:08:57<2:47:04,  8.72s/it]
                                                      
{'loss': '0.8214', 'grad_norm': '0.3955', 'learning_rate': '7.121e-06', 'epoch': '6.8'}

 42%|████▎     | 850/2000 [2:08:57<2:47:04,  8.72s/it]
 43%|████▎     | 851/2000 [2:09:05<2:41:16,  8.42s/it]
                                                      
{'loss': '0.8811', 'grad_norm': '0.3475', 'learning_rate': '7.113e-06', 'epoch': '6.808'}

 43%|████▎     | 851/2000 [2:09:05<2:41:16,  8.42s/it]
 43%|████▎     | 852/2000 [2:09:14<2:42:19,  8.48s/it]
                                                      
{'loss': '0.7374', 'grad_norm': '0.4198', 'learning_rate': '7.105e-06', 'epoch': '6.816'}

 43%|████▎     | 852/2000 [2:09:14<2:42:19,  8.48s/it]
 43%|████▎     | 853/2000 [2:09:23<2:44:54,  8.63s/it]
                                                      
{'loss': '0.7702', 'grad_norm': '0.2669', 'learning_rate': '7.097e-06', 'epoch': '6.824'}

 43%|████▎     | 853/2000 [2:09:23<2:44:54,  8.63s/it]
 43%|████▎     | 854/2000 [2:09:31<2:43:44,  8.57s/it]
                                                      
{'loss': '0.6243', 'grad_norm': '0.4243', 'learning_rate': '7.089e-06', 'epoch': '6.832'}

 43%|████▎     | 854/2000 [2:09:31<2:43:44,  8.57s/it]
 43%|████▎     | 855/2000 [2:09:39<2:39:41,  8.37s/it]
                                                      
{'loss': '0.6592', 'grad_norm': '0.4183', 'learning_rate': '7.081e-06', 'epoch': '6.84'}

 43%|████▎     | 855/2000 [2:09:39<2:39:41,  8.37s/it]
 43%|████▎     | 856/2000 [2:09:48<2:42:06,  8.50s/it]
                                                      
{'loss': '0.7139', 'grad_norm': '0.3081', 'learning_rate': '7.073e-06', 'epoch': '6.848'}

 43%|████▎     | 856/2000 [2:09:48<2:42:06,  8.50s/it]
 43%|████▎     | 857/2000 [2:09:56<2:40:31,  8.43s/it]
                                                      
{'loss': '0.507', 'grad_norm': '0.3041', 'learning_rate': '7.066e-06', 'epoch': '6.856'}

 43%|████▎     | 857/2000 [2:09:56<2:40:31,  8.43s/it]
 43%|████▎     | 858/2000 [2:10:05<2:44:39,  8.65s/it]
                                                      
{'loss': '0.9722', 'grad_norm': '0.164', 'learning_rate': '7.058e-06', 'epoch': '6.864'}

 43%|████▎     | 858/2000 [2:10:05<2:44:39,  8.65s/it]
 43%|████▎     | 859/2000 [2:10:14<2:44:34,  8.65s/it]
                                                      
{'loss': '0.7199', 'grad_norm': '0.2866', 'learning_rate': '7.05e-06', 'epoch': '6.872'}

 43%|████▎     | 859/2000 [2:10:14<2:44:34,  8.65s/it]
 43%|████▎     | 860/2000 [2:10:22<2:43:12,  8.59s/it]
                                                      
{'loss': '0.7079', 'grad_norm': '0.2757', 'learning_rate': '7.042e-06', 'epoch': '6.88'}

 43%|████▎     | 860/2000 [2:10:22<2:43:12,  8.59s/it]
 43%|████▎     | 861/2000 [2:10:31<2:43:02,  8.59s/it]
                                                      
{'loss': '0.9175', 'grad_norm': '0.2415', 'learning_rate': '7.034e-06', 'epoch': '6.888'}

 43%|████▎     | 861/2000 [2:10:31<2:43:02,  8.59s/it]
 43%|████▎     | 862/2000 [2:10:40<2:44:56,  8.70s/it]
                                                      
{'loss': '0.6786', 'grad_norm': '0.1772', 'learning_rate': '7.026e-06', 'epoch': '6.896'}

 43%|████▎     | 862/2000 [2:10:40<2:44:56,  8.70s/it]
 43%|████▎     | 863/2000 [2:10:48<2:41:41,  8.53s/it]
                                                      
{'loss': '0.9272', 'grad_norm': '0.3613', 'learning_rate': '7.018e-06', 'epoch': '6.904'}

 43%|████▎     | 863/2000 [2:10:48<2:41:41,  8.53s/it]
 43%|████▎     | 864/2000 [2:10:57<2:42:53,  8.60s/it]
                                                      
{'loss': '0.74', 'grad_norm': '0.4382', 'learning_rate': '7.01e-06', 'epoch': '6.912'}

 43%|████▎     | 864/2000 [2:10:57<2:42:53,  8.60s/it]
 43%|████▎     | 865/2000 [2:11:06<2:44:15,  8.68s/it]
                                                      
{'loss': '0.9419', 'grad_norm': '0.552', 'learning_rate': '7.002e-06', 'epoch': '6.92'}

 43%|████▎     | 865/2000 [2:11:06<2:44:15,  8.68s/it]
 43%|████▎     | 866/2000 [2:11:14<2:44:15,  8.69s/it]
                                                      
{'loss': '0.6064', 'grad_norm': '0.3301', 'learning_rate': '6.994e-06', 'epoch': '6.928'}

 43%|████▎     | 866/2000 [2:11:15<2:44:15,  8.69s/it]
 43%|████▎     | 867/2000 [2:11:24<2:46:49,  8.83s/it]
                                                      
{'loss': '0.8657', 'grad_norm': '0.255', 'learning_rate': '6.986e-06', 'epoch': '6.936'}

 43%|████▎     | 867/2000 [2:11:24<2:46:49,  8.83s/it]
 43%|████▎     | 868/2000 [2:11:32<2:45:24,  8.77s/it]
                                                      
{'loss': '0.6181', 'grad_norm': '0.3878', 'learning_rate': '6.978e-06', 'epoch': '6.944'}

 43%|████▎     | 868/2000 [2:11:32<2:45:24,  8.77s/it]
 43%|████▎     | 869/2000 [2:11:40<2:41:41,  8.58s/it]
                                                      
{'loss': '0.6801', 'grad_norm': '0.4626', 'learning_rate': '6.97e-06', 'epoch': '6.952'}

 43%|████▎     | 869/2000 [2:11:40<2:41:41,  8.58s/it]
 44%|████▎     | 870/2000 [2:11:49<2:44:06,  8.71s/it]
                                                      
{'loss': '0.7976', 'grad_norm': '0.2818', 'learning_rate': '6.962e-06', 'epoch': '6.96'}

 44%|████▎     | 870/2000 [2:11:49<2:44:06,  8.71s/it]
 44%|████▎     | 871/2000 [2:11:58<2:40:18,  8.52s/it]
                                                      
{'loss': '0.6819', 'grad_norm': '0.4711', 'learning_rate': '6.954e-06', 'epoch': '6.968'}

 44%|████▎     | 871/2000 [2:11:58<2:40:18,  8.52s/it]
 44%|████▎     | 872/2000 [2:12:06<2:40:08,  8.52s/it]
                                                      
{'loss': '0.8629', 'grad_norm': '0.3499', 'learning_rate': '6.946e-06', 'epoch': '6.976'}

 44%|████▎     | 872/2000 [2:12:06<2:40:08,  8.52s/it]
 44%|████▎     | 873/2000 [2:12:15<2:42:58,  8.68s/it]
                                                      
{'loss': '0.714', 'grad_norm': '0.3248', 'learning_rate': '6.938e-06', 'epoch': '6.984'}

 44%|████▎     | 873/2000 [2:12:15<2:42:58,  8.68s/it]
 44%|████▎     | 874/2000 [2:12:23<2:40:08,  8.53s/it]
                                                      
{'loss': '0.908', 'grad_norm': '0.2858', 'learning_rate': '6.93e-06', 'epoch': '6.992'}

 44%|████▎     | 874/2000 [2:12:23<2:40:08,  8.53s/it]
 44%|████▍     | 875/2000 [2:12:32<2:38:43,  8.47s/it]
                                                      
{'loss': '0.6919', 'grad_norm': '0.3899', 'learning_rate': '6.921e-06', 'epoch': '7'}

 44%|████▍     | 875/2000 [2:12:32<2:38:43,  8.47s/it]
 44%|████▍     | 876/2000 [2:12:41<2:46:04,  8.87s/it]
                                                      
{'loss': '0.9429', 'grad_norm': '0.5961', 'learning_rate': '6.913e-06', 'epoch': '7.008'}

 44%|████▍     | 876/2000 [2:12:41<2:46:04,  8.87s/it]
 44%|████▍     | 877/2000 [2:12:50<2:47:13,  8.93s/it]
                                                      
{'loss': '0.7988', 'grad_norm': '0.235', 'learning_rate': '6.905e-06', 'epoch': '7.016'}

 44%|████▍     | 877/2000 [2:12:50<2:47:13,  8.93s/it]
 44%|████▍     | 878/2000 [2:12:59<2:46:22,  8.90s/it]
                                                      
{'loss': '0.8038', 'grad_norm': '0.6103', 'learning_rate': '6.897e-06', 'epoch': '7.024'}

 44%|████▍     | 878/2000 [2:12:59<2:46:22,  8.90s/it]
 44%|████▍     | 879/2000 [2:13:08<2:42:27,  8.70s/it]
                                                      
{'loss': '0.5852', 'grad_norm': '0.5095', 'learning_rate': '6.889e-06', 'epoch': '7.032'}

 44%|████▍     | 879/2000 [2:13:08<2:42:27,  8.70s/it]
 44%|████▍     | 880/2000 [2:13:16<2:41:39,  8.66s/it]
                                                      
{'loss': '0.633', 'grad_norm': '0.4187', 'learning_rate': '6.881e-06', 'epoch': '7.04'}

 44%|████▍     | 880/2000 [2:13:16<2:41:39,  8.66s/it]
 44%|████▍     | 881/2000 [2:13:25<2:43:33,  8.77s/it]
                                                      
{'loss': '0.8', 'grad_norm': '0.2542', 'learning_rate': '6.873e-06', 'epoch': '7.048'}

 44%|████▍     | 881/2000 [2:13:25<2:43:33,  8.77s/it]
 44%|████▍     | 882/2000 [2:13:35<2:47:17,  8.98s/it]
                                                      
{'loss': '0.743', 'grad_norm': '0.4765', 'learning_rate': '6.865e-06', 'epoch': '7.056'}

 44%|████▍     | 882/2000 [2:13:35<2:47:17,  8.98s/it]
 44%|████▍     | 883/2000 [2:13:44<2:48:44,  9.06s/it]
                                                      
{'loss': '0.7039', 'grad_norm': '0.2794', 'learning_rate': '6.857e-06', 'epoch': '7.064'}

 44%|████▍     | 883/2000 [2:13:44<2:48:44,  9.06s/it]
 44%|████▍     | 884/2000 [2:13:52<2:43:10,  8.77s/it]
                                                      
{'loss': '0.8987', 'grad_norm': '0.6803', 'learning_rate': '6.849e-06', 'epoch': '7.072'}

 44%|████▍     | 884/2000 [2:13:52<2:43:10,  8.77s/it]
 44%|████▍     | 885/2000 [2:14:00<2:39:53,  8.60s/it]
                                                      
{'loss': '0.7645', 'grad_norm': '0.2808', 'learning_rate': '6.841e-06', 'epoch': '7.08'}

 44%|████▍     | 885/2000 [2:14:00<2:39:53,  8.60s/it]
 44%|████▍     | 886/2000 [2:14:09<2:38:23,  8.53s/it]
                                                      
{'loss': '0.811', 'grad_norm': '0.3437', 'learning_rate': '6.833e-06', 'epoch': '7.088'}

 44%|████▍     | 886/2000 [2:14:09<2:38:23,  8.53s/it]
 44%|████▍     | 887/2000 [2:14:17<2:36:22,  8.43s/it]
                                                      
{'loss': '0.7019', 'grad_norm': '0.4369', 'learning_rate': '6.824e-06', 'epoch': '7.096'}

 44%|████▍     | 887/2000 [2:14:17<2:36:22,  8.43s/it]
 44%|████▍     | 888/2000 [2:14:25<2:37:22,  8.49s/it]
                                                      
{'loss': '1.007', 'grad_norm': '0.2463', 'learning_rate': '6.816e-06', 'epoch': '7.104'}

 44%|████▍     | 888/2000 [2:14:25<2:37:22,  8.49s/it]
 44%|████▍     | 889/2000 [2:14:34<2:38:22,  8.55s/it]
                                                      
{'loss': '0.5055', 'grad_norm': '0.3786', 'learning_rate': '6.808e-06', 'epoch': '7.112'}

 44%|████▍     | 889/2000 [2:14:34<2:38:22,  8.55s/it]
 44%|████▍     | 890/2000 [2:14:42<2:37:31,  8.51s/it]
                                                      
{'loss': '0.95', 'grad_norm': '0.4253', 'learning_rate': '6.8e-06', 'epoch': '7.12'}

 44%|████▍     | 890/2000 [2:14:42<2:37:31,  8.51s/it]
 45%|████▍     | 891/2000 [2:14:52<2:42:14,  8.78s/it]
                                                      
{'loss': '0.8042', 'grad_norm': '0.3362', 'learning_rate': '6.792e-06', 'epoch': '7.128'}

 45%|████▍     | 891/2000 [2:14:52<2:42:14,  8.78s/it]
 45%|████▍     | 892/2000 [2:15:01<2:42:14,  8.79s/it]
                                                      
{'loss': '0.6706', 'grad_norm': '0.2148', 'learning_rate': '6.784e-06', 'epoch': '7.136'}

 45%|████▍     | 892/2000 [2:15:01<2:42:14,  8.79s/it]
 45%|████▍     | 893/2000 [2:15:09<2:38:53,  8.61s/it]
                                                      
{'loss': '0.751', 'grad_norm': '0.6879', 'learning_rate': '6.776e-06', 'epoch': '7.144'}

 45%|████▍     | 893/2000 [2:15:09<2:38:53,  8.61s/it]
 45%|████▍     | 894/2000 [2:15:18<2:41:01,  8.74s/it]
                                                      
{'loss': '0.4726', 'grad_norm': '0.2553', 'learning_rate': '6.767e-06', 'epoch': '7.152'}

 45%|████▍     | 894/2000 [2:15:18<2:41:01,  8.74s/it]
 45%|████▍     | 895/2000 [2:15:27<2:42:52,  8.84s/it]
                                                      
{'loss': '0.8711', 'grad_norm': '0.2107', 'learning_rate': '6.759e-06', 'epoch': '7.16'}

 45%|████▍     | 895/2000 [2:15:27<2:42:52,  8.84s/it]
 45%|████▍     | 896/2000 [2:15:35<2:40:12,  8.71s/it]
                                                      
{'loss': '0.5514', 'grad_norm': '0.303', 'learning_rate': '6.751e-06', 'epoch': '7.168'}

 45%|████▍     | 896/2000 [2:15:35<2:40:12,  8.71s/it]
 45%|████▍     | 897/2000 [2:15:44<2:39:43,  8.69s/it]
                                                      
{'loss': '0.5311', 'grad_norm': '0.9179', 'learning_rate': '6.743e-06', 'epoch': '7.176'}

 45%|████▍     | 897/2000 [2:15:44<2:39:43,  8.69s/it]
 45%|████▍     | 898/2000 [2:15:52<2:37:42,  8.59s/it]
                                                      
{'loss': '0.5408', 'grad_norm': '0.2456', 'learning_rate': '6.735e-06', 'epoch': '7.184'}

 45%|████▍     | 898/2000 [2:15:52<2:37:42,  8.59s/it]
 45%|████▍     | 899/2000 [2:16:01<2:37:16,  8.57s/it]
                                                      
{'loss': '0.9397', 'grad_norm': '0.3398', 'learning_rate': '6.726e-06', 'epoch': '7.192'}

 45%|████▍     | 899/2000 [2:16:01<2:37:16,  8.57s/it]
 45%|████▌     | 900/2000 [2:16:10<2:38:36,  8.65s/it]
                                                      
{'loss': '0.7683', 'grad_norm': '0.2012', 'learning_rate': '6.718e-06', 'epoch': '7.2'}

 45%|████▌     | 900/2000 [2:16:10<2:38:36,  8.65s/it]
 45%|████▌     | 901/2000 [2:16:18<2:38:55,  8.68s/it]
                                                      
{'loss': '0.8403', 'grad_norm': '0.2274', 'learning_rate': '6.71e-06', 'epoch': '7.208'}

 45%|████▌     | 901/2000 [2:16:18<2:38:55,  8.68s/it]
 45%|████▌     | 902/2000 [2:16:28<2:44:52,  9.01s/it]
                                                      
{'loss': '0.7303', 'grad_norm': '0.2165', 'learning_rate': '6.702e-06', 'epoch': '7.216'}

 45%|████▌     | 902/2000 [2:16:28<2:44:52,  9.01s/it]
 45%|████▌     | 903/2000 [2:16:37<2:42:41,  8.90s/it]
                                                      
{'loss': '0.772', 'grad_norm': '0.2994', 'learning_rate': '6.694e-06', 'epoch': '7.224'}

 45%|████▌     | 903/2000 [2:16:37<2:42:41,  8.90s/it]
 45%|████▌     | 904/2000 [2:16:45<2:38:37,  8.68s/it]
                                                      
{'loss': '0.7902', 'grad_norm': '0.3301', 'learning_rate': '6.685e-06', 'epoch': '7.232'}

 45%|████▌     | 904/2000 [2:16:45<2:38:37,  8.68s/it]
 45%|████▌     | 905/2000 [2:16:54<2:41:19,  8.84s/it]
                                                      
{'loss': '0.7707', 'grad_norm': '0.2519', 'learning_rate': '6.677e-06', 'epoch': '7.24'}

 45%|████▌     | 905/2000 [2:16:54<2:41:19,  8.84s/it]
 45%|████▌     | 906/2000 [2:17:02<2:35:08,  8.51s/it]
                                                      
{'loss': '0.6961', 'grad_norm': '0.3417', 'learning_rate': '6.669e-06', 'epoch': '7.248'}

 45%|████▌     | 906/2000 [2:17:02<2:35:08,  8.51s/it]
 45%|████▌     | 907/2000 [2:17:12<2:40:29,  8.81s/it]
                                                      
{'loss': '0.4772', 'grad_norm': '0.4356', 'learning_rate': '6.661e-06', 'epoch': '7.256'}

 45%|████▌     | 907/2000 [2:17:12<2:40:29,  8.81s/it]
 45%|████▌     | 908/2000 [2:17:20<2:38:24,  8.70s/it]
                                                      
{'loss': '0.6729', 'grad_norm': '0.4252', 'learning_rate': '6.653e-06', 'epoch': '7.264'}

 45%|████▌     | 908/2000 [2:17:20<2:38:24,  8.70s/it]
 45%|████▌     | 909/2000 [2:17:28<2:35:49,  8.57s/it]
                                                      
{'loss': '0.8259', 'grad_norm': '0.3304', 'learning_rate': '6.644e-06', 'epoch': '7.272'}

 45%|████▌     | 909/2000 [2:17:28<2:35:49,  8.57s/it]
 46%|████▌     | 910/2000 [2:17:38<2:41:41,  8.90s/it]
                                                      
{'loss': '0.855', 'grad_norm': '0.4063', 'learning_rate': '6.636e-06', 'epoch': '7.28'}

 46%|████▌     | 910/2000 [2:17:38<2:41:41,  8.90s/it]
 46%|████▌     | 911/2000 [2:17:47<2:42:08,  8.93s/it]
                                                      
{'loss': '0.8464', 'grad_norm': '0.3867', 'learning_rate': '6.628e-06', 'epoch': '7.288'}

 46%|████▌     | 911/2000 [2:17:47<2:42:08,  8.93s/it]
 46%|████▌     | 912/2000 [2:17:55<2:36:06,  8.61s/it]
                                                      
{'loss': '0.6737', 'grad_norm': '0.3053', 'learning_rate': '6.62e-06', 'epoch': '7.296'}

 46%|████▌     | 912/2000 [2:17:55<2:36:06,  8.61s/it]
 46%|████▌     | 913/2000 [2:18:04<2:40:37,  8.87s/it]
                                                      
{'loss': '0.4283', 'grad_norm': '0.3894', 'learning_rate': '6.611e-06', 'epoch': '7.304'}

 46%|████▌     | 913/2000 [2:18:04<2:40:37,  8.87s/it]
 46%|████▌     | 914/2000 [2:18:13<2:37:56,  8.73s/it]
                                                      
{'loss': '0.6818', 'grad_norm': '0.2973', 'learning_rate': '6.603e-06', 'epoch': '7.312'}

 46%|████▌     | 914/2000 [2:18:13<2:37:56,  8.73s/it]
 46%|████▌     | 915/2000 [2:18:22<2:38:49,  8.78s/it]
                                                      
{'loss': '0.7354', 'grad_norm': '0.3445', 'learning_rate': '6.595e-06', 'epoch': '7.32'}

 46%|████▌     | 915/2000 [2:18:22<2:38:49,  8.78s/it]
 46%|████▌     | 916/2000 [2:18:30<2:38:33,  8.78s/it]
                                                      
{'loss': '0.727', 'grad_norm': '0.3077', 'learning_rate': '6.587e-06', 'epoch': '7.328'}

 46%|████▌     | 916/2000 [2:18:30<2:38:33,  8.78s/it]
 46%|████▌     | 917/2000 [2:18:39<2:35:45,  8.63s/it]
                                                      
{'loss': '0.6589', 'grad_norm': '0.3487', 'learning_rate': '6.578e-06', 'epoch': '7.336'}

 46%|████▌     | 917/2000 [2:18:39<2:35:45,  8.63s/it]
 46%|████▌     | 918/2000 [2:18:49<2:43:20,  9.06s/it]
                                                      
{'loss': '0.7146', 'grad_norm': '0.3285', 'learning_rate': '6.57e-06', 'epoch': '7.344'}

 46%|████▌     | 918/2000 [2:18:49<2:43:20,  9.06s/it]
 46%|████▌     | 919/2000 [2:18:56<2:34:37,  8.58s/it]
                                                      
{'loss': '0.7869', 'grad_norm': '0.4747', 'learning_rate': '6.562e-06', 'epoch': '7.352'}

 46%|████▌     | 919/2000 [2:18:56<2:34:37,  8.58s/it]
 46%|████▌     | 920/2000 [2:19:04<2:29:55,  8.33s/it]
                                                      
{'loss': '0.7501', 'grad_norm': '0.3932', 'learning_rate': '6.553e-06', 'epoch': '7.36'}

 46%|████▌     | 920/2000 [2:19:04<2:29:55,  8.33s/it]
 46%|████▌     | 921/2000 [2:19:13<2:36:14,  8.69s/it]
                                                      
{'loss': '1.027', 'grad_norm': '0.3388', 'learning_rate': '6.545e-06', 'epoch': '7.368'}

 46%|████▌     | 921/2000 [2:19:13<2:36:14,  8.69s/it]
 46%|████▌     | 922/2000 [2:19:22<2:34:09,  8.58s/it]
                                                      
{'loss': '0.6804', 'grad_norm': '0.2768', 'learning_rate': '6.537e-06', 'epoch': '7.376'}

 46%|████▌     | 922/2000 [2:19:22<2:34:09,  8.58s/it]
 46%|████▌     | 923/2000 [2:19:30<2:33:26,  8.55s/it]
                                                      
{'loss': '0.6433', 'grad_norm': '0.4358', 'learning_rate': '6.528e-06', 'epoch': '7.384'}

 46%|████▌     | 923/2000 [2:19:30<2:33:26,  8.55s/it]
 46%|████▌     | 924/2000 [2:19:39<2:35:57,  8.70s/it]
                                                      
{'loss': '0.8701', 'grad_norm': '0.4263', 'learning_rate': '6.52e-06', 'epoch': '7.392'}

 46%|████▌     | 924/2000 [2:19:39<2:35:57,  8.70s/it]
 46%|████▋     | 925/2000 [2:19:48<2:36:30,  8.74s/it]
                                                      
{'loss': '0.7155', 'grad_norm': '0.2904', 'learning_rate': '6.512e-06', 'epoch': '7.4'}

 46%|████▋     | 925/2000 [2:19:48<2:36:30,  8.74s/it]
 46%|████▋     | 926/2000 [2:19:58<2:44:45,  9.20s/it]
                                                      
{'loss': '0.9673', 'grad_norm': '0.4051', 'learning_rate': '6.504e-06', 'epoch': '7.408'}

 46%|████▋     | 926/2000 [2:19:58<2:44:45,  9.20s/it]
 46%|████▋     | 927/2000 [2:20:08<2:44:31,  9.20s/it]
                                                      
{'loss': '0.5651', 'grad_norm': '0.2505', 'learning_rate': '6.495e-06', 'epoch': '7.416'}

 46%|████▋     | 927/2000 [2:20:08<2:44:31,  9.20s/it]
 46%|████▋     | 928/2000 [2:20:16<2:37:53,  8.84s/it]
                                                      
{'loss': '0.731', 'grad_norm': '0.3943', 'learning_rate': '6.487e-06', 'epoch': '7.424'}

 46%|████▋     | 928/2000 [2:20:16<2:37:53,  8.84s/it]
 46%|████▋     | 929/2000 [2:20:25<2:38:52,  8.90s/it]
                                                      
{'loss': '0.5534', 'grad_norm': '0.1785', 'learning_rate': '6.479e-06', 'epoch': '7.432'}

 46%|████▋     | 929/2000 [2:20:25<2:38:52,  8.90s/it]
 46%|████▋     | 930/2000 [2:20:33<2:36:27,  8.77s/it]
                                                      
{'loss': '0.6721', 'grad_norm': '0.3927', 'learning_rate': '6.47e-06', 'epoch': '7.44'}

 46%|████▋     | 930/2000 [2:20:33<2:36:27,  8.77s/it]
 47%|████▋     | 931/2000 [2:20:42<2:34:30,  8.67s/it]
                                                      
{'loss': '0.8411', 'grad_norm': '0.3621', 'learning_rate': '6.462e-06', 'epoch': '7.448'}

 47%|████▋     | 931/2000 [2:20:42<2:34:30,  8.67s/it]
 47%|████▋     | 932/2000 [2:20:51<2:36:24,  8.79s/it]
                                                      
{'loss': '0.8058', 'grad_norm': '0.2379', 'learning_rate': '6.454e-06', 'epoch': '7.456'}

 47%|████▋     | 932/2000 [2:20:51<2:36:24,  8.79s/it]
 47%|████▋     | 933/2000 [2:20:59<2:33:02,  8.61s/it]
                                                      
{'loss': '0.722', 'grad_norm': '0.325', 'learning_rate': '6.445e-06', 'epoch': '7.464'}

 47%|████▋     | 933/2000 [2:20:59<2:33:02,  8.61s/it]
 47%|████▋     | 934/2000 [2:21:08<2:36:21,  8.80s/it]
                                                      
{'loss': '0.8223', 'grad_norm': '0.3492', 'learning_rate': '6.437e-06', 'epoch': '7.472'}

 47%|████▋     | 934/2000 [2:21:08<2:36:21,  8.80s/it]
 47%|████▋     | 935/2000 [2:21:17<2:38:44,  8.94s/it]
                                                      
{'loss': '1.002', 'grad_norm': '0.3302', 'learning_rate': '6.428e-06', 'epoch': '7.48'}

 47%|████▋     | 935/2000 [2:21:17<2:38:44,  8.94s/it]
 47%|████▋     | 936/2000 [2:21:26<2:34:57,  8.74s/it]
                                                      
{'loss': '0.6228', 'grad_norm': '0.3652', 'learning_rate': '6.42e-06', 'epoch': '7.488'}

 47%|████▋     | 936/2000 [2:21:26<2:34:57,  8.74s/it]
 47%|████▋     | 937/2000 [2:21:35<2:39:26,  9.00s/it]
                                                      
{'loss': '0.4678', 'grad_norm': '0.4079', 'learning_rate': '6.412e-06', 'epoch': '7.496'}

 47%|████▋     | 937/2000 [2:21:35<2:39:26,  9.00s/it]
 47%|████▋     | 938/2000 [2:21:43<2:34:34,  8.73s/it]
                                                      
{'loss': '0.7066', 'grad_norm': '0.3162', 'learning_rate': '6.403e-06', 'epoch': '7.504'}

 47%|████▋     | 938/2000 [2:21:43<2:34:34,  8.73s/it]
 47%|████▋     | 939/2000 [2:21:52<2:33:00,  8.65s/it]
                                                      
{'loss': '0.8988', 'grad_norm': '0.3736', 'learning_rate': '6.395e-06', 'epoch': '7.512'}

 47%|████▋     | 939/2000 [2:21:52<2:33:00,  8.65s/it]
 47%|████▋     | 940/2000 [2:22:01<2:34:10,  8.73s/it]
                                                      
{'loss': '0.75', 'grad_norm': '0.3052', 'learning_rate': '6.387e-06', 'epoch': '7.52'}

 47%|████▋     | 940/2000 [2:22:01<2:34:10,  8.73s/it]
 47%|████▋     | 941/2000 [2:22:09<2:31:22,  8.58s/it]
                                                      
{'loss': '0.6867', 'grad_norm': '0.2441', 'learning_rate': '6.378e-06', 'epoch': '7.528'}

 47%|████▋     | 941/2000 [2:22:09<2:31:22,  8.58s/it]
 47%|████▋     | 942/2000 [2:22:18<2:34:01,  8.73s/it]
                                                      
{'loss': '1.018', 'grad_norm': '0.4179', 'learning_rate': '6.37e-06', 'epoch': '7.536'}

 47%|████▋     | 942/2000 [2:22:18<2:34:01,  8.73s/it]
 47%|████▋     | 943/2000 [2:22:27<2:35:20,  8.82s/it]
                                                      
{'loss': '0.758', 'grad_norm': '0.3176', 'learning_rate': '6.361e-06', 'epoch': '7.544'}

 47%|████▋     | 943/2000 [2:22:27<2:35:20,  8.82s/it]
 47%|████▋     | 944/2000 [2:22:35<2:29:59,  8.52s/it]
                                                      
{'loss': '0.6604', 'grad_norm': '0.3655', 'learning_rate': '6.353e-06', 'epoch': '7.552'}

 47%|████▋     | 944/2000 [2:22:35<2:29:59,  8.52s/it]
 47%|████▋     | 945/2000 [2:22:45<2:36:31,  8.90s/it]
                                                      
{'loss': '0.6157', 'grad_norm': '0.3229', 'learning_rate': '6.345e-06', 'epoch': '7.56'}

 47%|████▋     | 945/2000 [2:22:45<2:36:31,  8.90s/it]
 47%|████▋     | 946/2000 [2:22:53<2:35:41,  8.86s/it]
                                                      
{'loss': '0.7429', 'grad_norm': '0.3308', 'learning_rate': '6.336e-06', 'epoch': '7.568'}

 47%|████▋     | 946/2000 [2:22:53<2:35:41,  8.86s/it]
 47%|████▋     | 947/2000 [2:23:02<2:35:32,  8.86s/it]
                                                      
{'loss': '0.6583', 'grad_norm': '0.3397', 'learning_rate': '6.328e-06', 'epoch': '7.576'}

 47%|████▋     | 947/2000 [2:23:02<2:35:32,  8.86s/it]
 47%|████▋     | 948/2000 [2:23:11<2:32:33,  8.70s/it]
                                                      
{'loss': '0.5786', 'grad_norm': '0.4094', 'learning_rate': '6.319e-06', 'epoch': '7.584'}

 47%|████▋     | 948/2000 [2:23:11<2:32:33,  8.70s/it]
 47%|████▋     | 949/2000 [2:23:19<2:32:53,  8.73s/it]
                                                      
{'loss': '0.781', 'grad_norm': '0.2591', 'learning_rate': '6.311e-06', 'epoch': '7.592'}

 47%|████▋     | 949/2000 [2:23:19<2:32:53,  8.73s/it]
 48%|████▊     | 950/2000 [2:23:28<2:31:41,  8.67s/it]
                                                      
{'loss': '0.4149', 'grad_norm': '0.3084', 'learning_rate': '6.303e-06', 'epoch': '7.6'}

 48%|████▊     | 950/2000 [2:23:28<2:31:41,  8.67s/it]
 48%|████▊     | 951/2000 [2:23:37<2:33:49,  8.80s/it]
                                                      
{'loss': '0.5495', 'grad_norm': '0.375', 'learning_rate': '6.294e-06', 'epoch': '7.608'}

 48%|████▊     | 951/2000 [2:23:37<2:33:49,  8.80s/it]
 48%|████▊     | 952/2000 [2:23:46<2:33:36,  8.79s/it]
                                                      
{'loss': '0.5565', 'grad_norm': '0.431', 'learning_rate': '6.286e-06', 'epoch': '7.616'}

 48%|████▊     | 952/2000 [2:23:46<2:33:36,  8.79s/it]
 48%|████▊     | 953/2000 [2:23:56<2:39:36,  9.15s/it]
                                                      
{'loss': '0.7839', 'grad_norm': '0.4869', 'learning_rate': '6.277e-06', 'epoch': '7.624'}

 48%|████▊     | 953/2000 [2:23:56<2:39:36,  9.15s/it]
 48%|████▊     | 954/2000 [2:24:05<2:40:16,  9.19s/it]
                                                      
{'loss': '0.9438', 'grad_norm': '0.356', 'learning_rate': '6.269e-06', 'epoch': '7.632'}

 48%|████▊     | 954/2000 [2:24:05<2:40:16,  9.19s/it]
 48%|████▊     | 955/2000 [2:24:14<2:36:30,  8.99s/it]
                                                      
{'loss': '0.9412', 'grad_norm': '0.4307', 'learning_rate': '6.26e-06', 'epoch': '7.64'}

 48%|████▊     | 955/2000 [2:24:14<2:36:30,  8.99s/it]
 48%|████▊     | 956/2000 [2:24:23<2:38:27,  9.11s/it]
                                                      
{'loss': '0.7059', 'grad_norm': '0.1433', 'learning_rate': '6.252e-06', 'epoch': '7.648'}

 48%|████▊     | 956/2000 [2:24:23<2:38:27,  9.11s/it]
 48%|████▊     | 957/2000 [2:24:31<2:35:27,  8.94s/it]
                                                      
{'loss': '0.7999', 'grad_norm': '0.2464', 'learning_rate': '6.243e-06', 'epoch': '7.656'}

 48%|████▊     | 957/2000 [2:24:32<2:35:27,  8.94s/it]
 48%|████▊     | 958/2000 [2:24:41<2:36:06,  8.99s/it]
                                                      
{'loss': '0.7959', 'grad_norm': '0.3935', 'learning_rate': '6.235e-06', 'epoch': '7.664'}

 48%|████▊     | 958/2000 [2:24:41<2:36:06,  8.99s/it]
 48%|████▊     | 959/2000 [2:24:49<2:32:25,  8.79s/it]
                                                      
{'loss': '0.8082', 'grad_norm': '0.6478', 'learning_rate': '6.227e-06', 'epoch': '7.672'}

 48%|████▊     | 959/2000 [2:24:49<2:32:25,  8.79s/it]
 48%|████▊     | 960/2000 [2:24:57<2:27:32,  8.51s/it]
                                                      
{'loss': '0.8315', 'grad_norm': '0.46', 'learning_rate': '6.218e-06', 'epoch': '7.68'}

 48%|████▊     | 960/2000 [2:24:57<2:27:32,  8.51s/it]
 48%|████▊     | 961/2000 [2:25:06<2:31:20,  8.74s/it]
                                                      
{'loss': '0.8079', 'grad_norm': '0.3307', 'learning_rate': '6.21e-06', 'epoch': '7.688'}

 48%|████▊     | 961/2000 [2:25:06<2:31:20,  8.74s/it]
 48%|████▊     | 962/2000 [2:25:14<2:29:24,  8.64s/it]
                                                      
{'loss': '0.742', 'grad_norm': '0.6816', 'learning_rate': '6.201e-06', 'epoch': '7.696'}

 48%|████▊     | 962/2000 [2:25:14<2:29:24,  8.64s/it]
 48%|████▊     | 963/2000 [2:25:23<2:27:55,  8.56s/it]
                                                      
{'loss': '0.6158', 'grad_norm': '0.2531', 'learning_rate': '6.193e-06', 'epoch': '7.704'}

 48%|████▊     | 963/2000 [2:25:23<2:27:55,  8.56s/it]
 48%|████▊     | 964/2000 [2:25:32<2:29:58,  8.69s/it]
                                                      
{'loss': '0.4805', 'grad_norm': '0.352', 'learning_rate': '6.184e-06', 'epoch': '7.712'}

 48%|████▊     | 964/2000 [2:25:32<2:29:58,  8.69s/it]
 48%|████▊     | 965/2000 [2:25:40<2:28:26,  8.61s/it]
                                                      
{'loss': '0.6808', 'grad_norm': '0.2553', 'learning_rate': '6.176e-06', 'epoch': '7.72'}

 48%|████▊     | 965/2000 [2:25:40<2:28:26,  8.61s/it]
 48%|████▊     | 966/2000 [2:25:50<2:31:54,  8.81s/it]
                                                      
{'loss': '0.9321', 'grad_norm': '0.3651', 'learning_rate': '6.167e-06', 'epoch': '7.728'}

 48%|████▊     | 966/2000 [2:25:50<2:31:54,  8.81s/it]
 48%|████▊     | 967/2000 [2:25:58<2:32:24,  8.85s/it]
                                                      
{'loss': '0.7239', 'grad_norm': '0.4174', 'learning_rate': '6.159e-06', 'epoch': '7.736'}

 48%|████▊     | 967/2000 [2:25:59<2:32:24,  8.85s/it]
 48%|████▊     | 968/2000 [2:26:07<2:31:37,  8.82s/it]
                                                      
{'loss': '0.6317', 'grad_norm': '0.4046', 'learning_rate': '6.15e-06', 'epoch': '7.744'}

 48%|████▊     | 968/2000 [2:26:07<2:31:37,  8.82s/it]
 48%|████▊     | 969/2000 [2:26:16<2:30:27,  8.76s/it]
                                                      
{'loss': '0.9937', 'grad_norm': '0.2727', 'learning_rate': '6.142e-06', 'epoch': '7.752'}

 48%|████▊     | 969/2000 [2:26:16<2:30:27,  8.76s/it]
 48%|████▊     | 970/2000 [2:26:25<2:32:51,  8.90s/it]
                                                      
{'loss': '0.6797', 'grad_norm': '0.3341', 'learning_rate': '6.133e-06', 'epoch': '7.76'}

 48%|████▊     | 970/2000 [2:26:25<2:32:51,  8.90s/it]
 49%|████▊     | 971/2000 [2:26:33<2:27:57,  8.63s/it]
                                                      
{'loss': '0.4311', 'grad_norm': '0.323', 'learning_rate': '6.125e-06', 'epoch': '7.768'}

 49%|████▊     | 971/2000 [2:26:33<2:27:57,  8.63s/it]
 49%|████▊     | 972/2000 [2:26:42<2:31:31,  8.84s/it]
                                                      
{'loss': '0.6797', 'grad_norm': '0.3646', 'learning_rate': '6.116e-06', 'epoch': '7.776'}

 49%|████▊     | 972/2000 [2:26:42<2:31:31,  8.84s/it]
 49%|████▊     | 973/2000 [2:26:50<2:27:01,  8.59s/it]
                                                      
{'loss': '0.8915', 'grad_norm': '0.4508', 'learning_rate': '6.108e-06', 'epoch': '7.784'}

 49%|████▊     | 973/2000 [2:26:50<2:27:01,  8.59s/it]
 49%|████▊     | 974/2000 [2:26:59<2:26:44,  8.58s/it]
                                                      
{'loss': '0.5953', 'grad_norm': '0.3513', 'learning_rate': '6.099e-06', 'epoch': '7.792'}

 49%|████▊     | 974/2000 [2:26:59<2:26:44,  8.58s/it]
 49%|████▉     | 975/2000 [2:27:09<2:33:16,  8.97s/it]
                                                      
{'loss': '0.5404', 'grad_norm': '0.3302', 'learning_rate': '6.091e-06', 'epoch': '7.8'}

 49%|████▉     | 975/2000 [2:27:09<2:33:16,  8.97s/it]
 49%|████▉     | 976/2000 [2:27:18<2:33:47,  9.01s/it]
                                                      
{'loss': '0.6676', 'grad_norm': '0.3198', 'learning_rate': '6.082e-06', 'epoch': '7.808'}

 49%|████▉     | 976/2000 [2:27:18<2:33:47,  9.01s/it]
 49%|████▉     | 977/2000 [2:27:26<2:30:55,  8.85s/it]
                                                      
{'loss': '0.7678', 'grad_norm': '0.3143', 'learning_rate': '6.074e-06', 'epoch': '7.816'}

 49%|████▉     | 977/2000 [2:27:26<2:30:55,  8.85s/it]
 49%|████▉     | 978/2000 [2:27:35<2:31:14,  8.88s/it]
                                                      
{'loss': '0.7612', 'grad_norm': '0.2936', 'learning_rate': '6.065e-06', 'epoch': '7.824'}

 49%|████▉     | 978/2000 [2:27:35<2:31:14,  8.88s/it]
 49%|████▉     | 979/2000 [2:27:44<2:27:32,  8.67s/it]
                                                      
{'loss': '0.7668', 'grad_norm': '0.576', 'learning_rate': '6.057e-06', 'epoch': '7.832'}

 49%|████▉     | 979/2000 [2:27:44<2:27:32,  8.67s/it]
 49%|████▉     | 980/2000 [2:27:53<2:29:06,  8.77s/it]
                                                      
{'loss': '1.022', 'grad_norm': '0.4818', 'learning_rate': '6.048e-06', 'epoch': '7.84'}

 49%|████▉     | 980/2000 [2:27:53<2:29:06,  8.77s/it]
 49%|████▉     | 981/2000 [2:28:01<2:29:31,  8.80s/it]
                                                      
{'loss': '0.7432', 'grad_norm': '0.3617', 'learning_rate': '6.04e-06', 'epoch': '7.848'}

 49%|████▉     | 981/2000 [2:28:01<2:29:31,  8.80s/it]
 49%|████▉     | 982/2000 [2:28:10<2:29:34,  8.82s/it]
                                                      
{'loss': '0.7753', 'grad_norm': '0.2493', 'learning_rate': '6.031e-06', 'epoch': '7.856'}

 49%|████▉     | 982/2000 [2:28:10<2:29:34,  8.82s/it]
 49%|████▉     | 983/2000 [2:28:19<2:30:54,  8.90s/it]
                                                      
{'loss': '0.6175', 'grad_norm': '0.4173', 'learning_rate': '6.022e-06', 'epoch': '7.864'}

 49%|████▉     | 983/2000 [2:28:19<2:30:54,  8.90s/it]
 49%|████▉     | 984/2000 [2:28:27<2:26:40,  8.66s/it]
                                                      
{'loss': '0.75', 'grad_norm': '0.4083', 'learning_rate': '6.014e-06', 'epoch': '7.872'}

 49%|████▉     | 984/2000 [2:28:28<2:26:40,  8.66s/it]
 49%|████▉     | 985/2000 [2:28:36<2:25:32,  8.60s/it]
                                                      
{'loss': '0.6602', 'grad_norm': '0.2979', 'learning_rate': '6.005e-06', 'epoch': '7.88'}

 49%|████▉     | 985/2000 [2:28:36<2:25:32,  8.60s/it]
 49%|████▉     | 986/2000 [2:28:44<2:24:28,  8.55s/it]
                                                      
{'loss': '0.5378', 'grad_norm': '0.3945', 'learning_rate': '5.997e-06', 'epoch': '7.888'}

 49%|████▉     | 986/2000 [2:28:44<2:24:28,  8.55s/it]
 49%|████▉     | 987/2000 [2:28:54<2:29:56,  8.88s/it]
                                                      
{'loss': '0.5996', 'grad_norm': '0.374', 'learning_rate': '5.988e-06', 'epoch': '7.896'}

 49%|████▉     | 987/2000 [2:28:54<2:29:56,  8.88s/it]
 49%|████▉     | 988/2000 [2:29:02<2:23:42,  8.52s/it]
                                                      
{'loss': '0.6802', 'grad_norm': '0.4811', 'learning_rate': '5.98e-06', 'epoch': '7.904'}

 49%|████▉     | 988/2000 [2:29:02<2:23:42,  8.52s/it]
 49%|████▉     | 989/2000 [2:29:10<2:23:55,  8.54s/it]
                                                      
{'loss': '0.6638', 'grad_norm': '0.492', 'learning_rate': '5.971e-06', 'epoch': '7.912'}

 49%|████▉     | 989/2000 [2:29:10<2:23:55,  8.54s/it]
 50%|████▉     | 990/2000 [2:29:19<2:25:56,  8.67s/it]
                                                      
{'loss': '0.6052', 'grad_norm': '0.2196', 'learning_rate': '5.963e-06', 'epoch': '7.92'}

 50%|████▉     | 990/2000 [2:29:19<2:25:56,  8.67s/it]
 50%|████▉     | 991/2000 [2:29:27<2:22:32,  8.48s/it]
                                                      
{'loss': '0.6779', 'grad_norm': '0.2474', 'learning_rate': '5.954e-06', 'epoch': '7.928'}

 50%|████▉     | 991/2000 [2:29:27<2:22:32,  8.48s/it]
 50%|████▉     | 992/2000 [2:29:36<2:24:43,  8.61s/it]
                                                      
{'loss': '0.5933', 'grad_norm': '0.427', 'learning_rate': '5.945e-06', 'epoch': '7.936'}

 50%|████▉     | 992/2000 [2:29:36<2:24:43,  8.61s/it]
 50%|████▉     | 993/2000 [2:29:45<2:25:08,  8.65s/it]
                                                      
{'loss': '0.8608', 'grad_norm': '0.3787', 'learning_rate': '5.937e-06', 'epoch': '7.944'}

 50%|████▉     | 993/2000 [2:29:45<2:25:08,  8.65s/it]
 50%|████▉     | 994/2000 [2:29:54<2:26:49,  8.76s/it]
                                                      
{'loss': '0.7502', 'grad_norm': '0.271', 'learning_rate': '5.928e-06', 'epoch': '7.952'}

 50%|████▉     | 994/2000 [2:29:54<2:26:49,  8.76s/it]
 50%|████▉     | 995/2000 [2:30:03<2:27:59,  8.84s/it]
                                                      
{'loss': '0.7118', 'grad_norm': '0.2445', 'learning_rate': '5.92e-06', 'epoch': '7.96'}

 50%|████▉     | 995/2000 [2:30:03<2:27:59,  8.84s/it]
 50%|████▉     | 996/2000 [2:30:11<2:23:41,  8.59s/it]
                                                      
{'loss': '0.7769', 'grad_norm': '0.4067', 'learning_rate': '5.911e-06', 'epoch': '7.968'}

 50%|████▉     | 996/2000 [2:30:11<2:23:41,  8.59s/it]
 50%|████▉     | 997/2000 [2:30:20<2:28:02,  8.86s/it]
                                                      
{'loss': '0.7423', 'grad_norm': '0.3488', 'learning_rate': '5.903e-06', 'epoch': '7.976'}

 50%|████▉     | 997/2000 [2:30:20<2:28:02,  8.86s/it]
 50%|████▉     | 998/2000 [2:30:29<2:27:40,  8.84s/it]
                                                      
{'loss': '1.059', 'grad_norm': '0.3973', 'learning_rate': '5.894e-06', 'epoch': '7.984'}

 50%|████▉     | 998/2000 [2:30:29<2:27:40,  8.84s/it]
 50%|████▉     | 999/2000 [2:30:37<2:21:55,  8.51s/it]
                                                      
{'loss': '0.6913', 'grad_norm': '0.4581', 'learning_rate': '5.885e-06', 'epoch': '7.992'}

 50%|████▉     | 999/2000 [2:30:37<2:21:55,  8.51s/it]
 50%|█████     | 1000/2000 [2:30:46<2:24:37,  8.68s/it]
                                                       
{'loss': '0.605', 'grad_norm': '0.365', 'learning_rate': '5.877e-06', 'epoch': '8'}

 50%|█████     | 1000/2000 [2:30:46<2:24:37,  8.68s/it]
 50%|█████     | 1001/2000 [2:30:55<2:26:05,  8.77s/it]
                                                       
{'loss': '0.5388', 'grad_norm': '0.3509', 'learning_rate': '5.868e-06', 'epoch': '8.008'}

 50%|█████     | 1001/2000 [2:30:55<2:26:05,  8.77s/it]
 50%|█████     | 1002/2000 [2:31:04<2:28:58,  8.96s/it]
                                                       
{'loss': '0.5603', 'grad_norm': '0.3889', 'learning_rate': '5.86e-06', 'epoch': '8.016'}

 50%|█████     | 1002/2000 [2:31:04<2:28:58,  8.96s/it]
 50%|█████     | 1003/2000 [2:31:13<2:28:27,  8.93s/it]
                                                       
{'loss': '0.6823', 'grad_norm': '0.371', 'learning_rate': '5.851e-06', 'epoch': '8.024'}

 50%|█████     | 1003/2000 [2:31:13<2:28:27,  8.93s/it]
 50%|█████     | 1004/2000 [2:31:22<2:28:50,  8.97s/it]
                                                       
{'loss': '0.7059', 'grad_norm': '0.2276', 'learning_rate': '5.842e-06', 'epoch': '8.032'}

 50%|█████     | 1004/2000 [2:31:22<2:28:50,  8.97s/it]
 50%|█████     | 1005/2000 [2:31:30<2:23:09,  8.63s/it]
                                                       
{'loss': '0.7056', 'grad_norm': '0.2755', 'learning_rate': '5.834e-06', 'epoch': '8.04'}

 50%|█████     | 1005/2000 [2:31:30<2:23:09,  8.63s/it]
 50%|█████     | 1006/2000 [2:31:39<2:24:10,  8.70s/it]
                                                       
{'loss': '0.7225', 'grad_norm': '0.4388', 'learning_rate': '5.825e-06', 'epoch': '8.048'}

 50%|█████     | 1006/2000 [2:31:39<2:24:10,  8.70s/it]
 50%|█████     | 1007/2000 [2:31:48<2:25:35,  8.80s/it]
                                                       
{'loss': '0.8577', 'grad_norm': '0.4201', 'learning_rate': '5.817e-06', 'epoch': '8.056'}

 50%|█████     | 1007/2000 [2:31:48<2:25:35,  8.80s/it]
 50%|█████     | 1008/2000 [2:31:57<2:26:55,  8.89s/it]
                                                       
{'loss': '0.4841', 'grad_norm': '0.2691', 'learning_rate': '5.808e-06', 'epoch': '8.064'}

 50%|█████     | 1008/2000 [2:31:57<2:26:55,  8.89s/it]
 50%|█████     | 1009/2000 [2:32:06<2:27:58,  8.96s/it]
                                                       
{'loss': '0.7745', 'grad_norm': '0.2925', 'learning_rate': '5.799e-06', 'epoch': '8.072'}

 50%|█████     | 1009/2000 [2:32:06<2:27:58,  8.96s/it]
 50%|█████     | 1010/2000 [2:32:15<2:26:21,  8.87s/it]
                                                       
{'loss': '0.7729', 'grad_norm': '0.2698', 'learning_rate': '5.791e-06', 'epoch': '8.08'}

 50%|█████     | 1010/2000 [2:32:15<2:26:21,  8.87s/it]
 51%|█████     | 1011/2000 [2:32:24<2:27:09,  8.93s/it]
                                                       
{'loss': '0.9384', 'grad_norm': '0.3616', 'learning_rate': '5.782e-06', 'epoch': '8.088'}

 51%|█████     | 1011/2000 [2:32:24<2:27:09,  8.93s/it]
 51%|█████     | 1012/2000 [2:32:34<2:33:19,  9.31s/it]
                                                       
{'loss': '0.8347', 'grad_norm': '0.3595', 'learning_rate': '5.774e-06', 'epoch': '8.096'}

 51%|█████     | 1012/2000 [2:32:34<2:33:19,  9.31s/it]
 51%|█████     | 1013/2000 [2:32:42<2:26:02,  8.88s/it]
                                                       
{'loss': '0.6941', 'grad_norm': '0.5053', 'learning_rate': '5.765e-06', 'epoch': '8.104'}

 51%|█████     | 1013/2000 [2:32:42<2:26:02,  8.88s/it]
 51%|█████     | 1014/2000 [2:32:51<2:27:04,  8.95s/it]
                                                       
{'loss': '0.5756', 'grad_norm': '0.3871', 'learning_rate': '5.756e-06', 'epoch': '8.112'}

 51%|█████     | 1014/2000 [2:32:51<2:27:04,  8.95s/it]
 51%|█████     | 1015/2000 [2:33:00<2:27:39,  8.99s/it]
                                                       
{'loss': '0.6396', 'grad_norm': '0.3768', 'learning_rate': '5.748e-06', 'epoch': '8.12'}

 51%|█████     | 1015/2000 [2:33:00<2:27:39,  8.99s/it]
 51%|█████     | 1016/2000 [2:33:09<2:25:32,  8.87s/it]
                                                       
{'loss': '0.7309', 'grad_norm': '0.3551', 'learning_rate': '5.739e-06', 'epoch': '8.128'}

 51%|█████     | 1016/2000 [2:33:09<2:25:32,  8.87s/it]
 51%|█████     | 1017/2000 [2:33:18<2:26:37,  8.95s/it]
                                                       
{'loss': '0.6493', 'grad_norm': '0.3363', 'learning_rate': '5.73e-06', 'epoch': '8.136'}

 51%|█████     | 1017/2000 [2:33:18<2:26:37,  8.95s/it]
 51%|█████     | 1018/2000 [2:33:26<2:23:31,  8.77s/it]
                                                       
{'loss': '0.6141', 'grad_norm': '0.1664', 'learning_rate': '5.722e-06', 'epoch': '8.144'}

 51%|█████     | 1018/2000 [2:33:26<2:23:31,  8.77s/it]
 51%|█████     | 1019/2000 [2:33:35<2:23:28,  8.78s/it]
                                                       
{'loss': '0.6117', 'grad_norm': '0.3342', 'learning_rate': '5.713e-06', 'epoch': '8.152'}

 51%|█████     | 1019/2000 [2:33:35<2:23:28,  8.78s/it]
 51%|█████     | 1020/2000 [2:33:45<2:28:33,  9.10s/it]
                                                       
{'loss': '0.8508', 'grad_norm': '0.2544', 'learning_rate': '5.705e-06', 'epoch': '8.16'}

 51%|█████     | 1020/2000 [2:33:45<2:28:33,  9.10s/it]
 51%|█████     | 1021/2000 [2:33:53<2:24:04,  8.83s/it]
                                                       
{'loss': '0.6381', 'grad_norm': '0.4669', 'learning_rate': '5.696e-06', 'epoch': '8.168'}

 51%|█████     | 1021/2000 [2:33:53<2:24:04,  8.83s/it]
 51%|█████     | 1022/2000 [2:34:02<2:24:55,  8.89s/it]
                                                       
{'loss': '0.7472', 'grad_norm': '0.491', 'learning_rate': '5.687e-06', 'epoch': '8.176'}

 51%|█████     | 1022/2000 [2:34:02<2:24:55,  8.89s/it]
 51%|█████     | 1023/2000 [2:34:12<2:26:45,  9.01s/it]
                                                       
{'loss': '0.9023', 'grad_norm': '0.199', 'learning_rate': '5.679e-06', 'epoch': '8.184'}

 51%|█████     | 1023/2000 [2:34:12<2:26:45,  9.01s/it]
 51%|█████     | 1024/2000 [2:34:20<2:25:20,  8.93s/it]
                                                       
{'loss': '0.4924', 'grad_norm': '0.4845', 'learning_rate': '5.67e-06', 'epoch': '8.192'}

 51%|█████     | 1024/2000 [2:34:20<2:25:20,  8.93s/it]
 51%|█████▏    | 1025/2000 [2:34:30<2:29:21,  9.19s/it]
                                                       
{'loss': '0.8428', 'grad_norm': '0.3983', 'learning_rate': '5.661e-06', 'epoch': '8.2'}

 51%|█████▏    | 1025/2000 [2:34:30<2:29:21,  9.19s/it]
 51%|█████▏    | 1026/2000 [2:34:38<2:23:51,  8.86s/it]
                                                       
{'loss': '0.5005', 'grad_norm': '0.4567', 'learning_rate': '5.653e-06', 'epoch': '8.208'}

 51%|█████▏    | 1026/2000 [2:34:38<2:23:51,  8.86s/it]
 51%|█████▏    | 1027/2000 [2:34:47<2:22:28,  8.79s/it]
                                                       
{'loss': '0.5834', 'grad_norm': '0.4958', 'learning_rate': '5.644e-06', 'epoch': '8.216'}

 51%|█████▏    | 1027/2000 [2:34:47<2:22:28,  8.79s/it]
 51%|█████▏    | 1028/2000 [2:34:56<2:23:32,  8.86s/it]
                                                       
{'loss': '0.7473', 'grad_norm': '0.3445', 'learning_rate': '5.635e-06', 'epoch': '8.224'}

 51%|█████▏    | 1028/2000 [2:34:56<2:23:32,  8.86s/it]
 51%|█████▏    | 1029/2000 [2:35:04<2:19:43,  8.63s/it]
                                                       
{'loss': '0.6712', 'grad_norm': '0.3409', 'learning_rate': '5.627e-06', 'epoch': '8.232'}

 51%|█████▏    | 1029/2000 [2:35:04<2:19:43,  8.63s/it]
 52%|█████▏    | 1030/2000 [2:35:12<2:16:40,  8.45s/it]
                                                       
{'loss': '0.8267', 'grad_norm': '0.3233', 'learning_rate': '5.618e-06', 'epoch': '8.24'}

 52%|█████▏    | 1030/2000 [2:35:12<2:16:40,  8.45s/it]
 52%|█████▏    | 1031/2000 [2:35:21<2:16:52,  8.48s/it]
                                                       
{'loss': '0.4753', 'grad_norm': '0.3797', 'learning_rate': '5.609e-06', 'epoch': '8.248'}

 52%|█████▏    | 1031/2000 [2:35:21<2:16:52,  8.48s/it]
 52%|█████▏    | 1032/2000 [2:35:29<2:17:08,  8.50s/it]
                                                       
{'loss': '0.7346', 'grad_norm': '0.4447', 'learning_rate': '5.601e-06', 'epoch': '8.256'}

 52%|█████▏    | 1032/2000 [2:35:29<2:17:08,  8.50s/it]
 52%|█████▏    | 1033/2000 [2:35:39<2:23:16,  8.89s/it]
                                                       
{'loss': '0.8438', 'grad_norm': '0.3447', 'learning_rate': '5.592e-06', 'epoch': '8.264'}

 52%|█████▏    | 1033/2000 [2:35:39<2:23:16,  8.89s/it]
 52%|█████▏    | 1034/2000 [2:35:47<2:20:01,  8.70s/it]
                                                       
{'loss': '0.564', 'grad_norm': '0.3539', 'learning_rate': '5.583e-06', 'epoch': '8.272'}

 52%|█████▏    | 1034/2000 [2:35:47<2:20:01,  8.70s/it]
 52%|█████▏    | 1035/2000 [2:35:56<2:20:14,  8.72s/it]
                                                       
{'loss': '0.6791', 'grad_norm': '0.348', 'learning_rate': '5.575e-06', 'epoch': '8.28'}

 52%|█████▏    | 1035/2000 [2:35:56<2:20:14,  8.72s/it]
 52%|█████▏    | 1036/2000 [2:36:05<2:23:27,  8.93s/it]
                                                       
{'loss': '0.8831', 'grad_norm': '0.2256', 'learning_rate': '5.566e-06', 'epoch': '8.288'}

 52%|█████▏    | 1036/2000 [2:36:05<2:23:27,  8.93s/it]
 52%|█████▏    | 1037/2000 [2:36:13<2:15:33,  8.45s/it]
                                                       
{'loss': '0.3406', 'grad_norm': '0.4293', 'learning_rate': '5.557e-06', 'epoch': '8.296'}

 52%|█████▏    | 1037/2000 [2:36:13<2:15:33,  8.45s/it]
 52%|█████▏    | 1038/2000 [2:36:22<2:18:29,  8.64s/it]
                                                       
{'loss': '0.8489', 'grad_norm': '0.3195', 'learning_rate': '5.549e-06', 'epoch': '8.304'}

 52%|█████▏    | 1038/2000 [2:36:22<2:18:29,  8.64s/it]
 52%|█████▏    | 1039/2000 [2:36:31<2:20:33,  8.78s/it]
                                                       
{'loss': '0.7122', 'grad_norm': '0.2647', 'learning_rate': '5.54e-06', 'epoch': '8.312'}

 52%|█████▏    | 1039/2000 [2:36:31<2:20:33,  8.78s/it]
 52%|█████▏    | 1040/2000 [2:36:40<2:22:31,  8.91s/it]
                                                       
{'loss': '0.8447', 'grad_norm': '0.327', 'learning_rate': '5.531e-06', 'epoch': '8.32'}

 52%|█████▏    | 1040/2000 [2:36:40<2:22:31,  8.91s/it]
 52%|█████▏    | 1041/2000 [2:36:49<2:20:47,  8.81s/it]
                                                       
{'loss': '0.5725', 'grad_norm': '0.4726', 'learning_rate': '5.523e-06', 'epoch': '8.328'}

 52%|█████▏    | 1041/2000 [2:36:49<2:20:47,  8.81s/it]
 52%|█████▏    | 1042/2000 [2:36:58<2:20:59,  8.83s/it]
                                                       
{'loss': '0.9814', 'grad_norm': '0.3201', 'learning_rate': '5.514e-06', 'epoch': '8.336'}

 52%|█████▏    | 1042/2000 [2:36:58<2:20:59,  8.83s/it]
 52%|█████▏    | 1043/2000 [2:37:06<2:21:04,  8.84s/it]
                                                       
{'loss': '0.5914', 'grad_norm': '0.3396', 'learning_rate': '5.505e-06', 'epoch': '8.344'}

 52%|█████▏    | 1043/2000 [2:37:06<2:21:04,  8.84s/it]
 52%|█████▏    | 1044/2000 [2:37:15<2:20:22,  8.81s/it]
                                                       
{'loss': '0.8904', 'grad_norm': '0.4301', 'learning_rate': '5.497e-06', 'epoch': '8.352'}

 52%|█████▏    | 1044/2000 [2:37:15<2:20:22,  8.81s/it]
 52%|█████▏    | 1045/2000 [2:37:24<2:18:16,  8.69s/it]
                                                       
{'loss': '0.6741', 'grad_norm': '0.3182', 'learning_rate': '5.488e-06', 'epoch': '8.36'}

 52%|█████▏    | 1045/2000 [2:37:24<2:18:16,  8.69s/it]
 52%|█████▏    | 1046/2000 [2:37:32<2:19:04,  8.75s/it]
                                                       
{'loss': '0.5904', 'grad_norm': '0.4279', 'learning_rate': '5.479e-06', 'epoch': '8.368'}

 52%|█████▏    | 1046/2000 [2:37:32<2:19:04,  8.75s/it]
 52%|█████▏    | 1047/2000 [2:37:41<2:16:02,  8.56s/it]
                                                       
{'loss': '0.7428', 'grad_norm': '0.5626', 'learning_rate': '5.471e-06', 'epoch': '8.376'}

 52%|█████▏    | 1047/2000 [2:37:41<2:16:02,  8.56s/it]
 52%|█████▏    | 1048/2000 [2:37:49<2:15:57,  8.57s/it]
                                                       
{'loss': '0.6902', 'grad_norm': '0.2909', 'learning_rate': '5.462e-06', 'epoch': '8.384'}

 52%|█████▏    | 1048/2000 [2:37:49<2:15:57,  8.57s/it]
 52%|█████▏    | 1049/2000 [2:37:58<2:16:35,  8.62s/it]
                                                       
{'loss': '0.8026', 'grad_norm': '0.3249', 'learning_rate': '5.453e-06', 'epoch': '8.392'}

 52%|█████▏    | 1049/2000 [2:37:58<2:16:35,  8.62s/it]
 52%|█████▎    | 1050/2000 [2:38:07<2:18:13,  8.73s/it]
                                                       
{'loss': '0.6228', 'grad_norm': '0.2365', 'learning_rate': '5.444e-06', 'epoch': '8.4'}

 52%|█████▎    | 1050/2000 [2:38:07<2:18:13,  8.73s/it]
 53%|█████▎    | 1051/2000 [2:38:16<2:21:09,  8.92s/it]
                                                       
{'loss': '0.7483', 'grad_norm': '0.2071', 'learning_rate': '5.436e-06', 'epoch': '8.408'}

 53%|█████▎    | 1051/2000 [2:38:16<2:21:09,  8.92s/it]
 53%|█████▎    | 1052/2000 [2:38:25<2:19:09,  8.81s/it]
                                                       
{'loss': '0.6414', 'grad_norm': '0.4562', 'learning_rate': '5.427e-06', 'epoch': '8.416'}

 53%|█████▎    | 1052/2000 [2:38:25<2:19:09,  8.81s/it]
 53%|█████▎    | 1053/2000 [2:38:33<2:16:17,  8.64s/it]
                                                       
{'loss': '0.8145', 'grad_norm': '0.594', 'learning_rate': '5.418e-06', 'epoch': '8.424'}

 53%|█████▎    | 1053/2000 [2:38:33<2:16:17,  8.64s/it]
 53%|█████▎    | 1054/2000 [2:38:42<2:18:35,  8.79s/it]
                                                       
{'loss': '0.6606', 'grad_norm': '0.4756', 'learning_rate': '5.41e-06', 'epoch': '8.432'}

 53%|█████▎    | 1054/2000 [2:38:42<2:18:35,  8.79s/it]
 53%|█████▎    | 1055/2000 [2:38:52<2:23:35,  9.12s/it]
                                                       
{'loss': '0.8655', 'grad_norm': '0.2798', 'learning_rate': '5.401e-06', 'epoch': '8.44'}

 53%|█████▎    | 1055/2000 [2:38:52<2:23:35,  9.12s/it]
 53%|█████▎    | 1056/2000 [2:39:00<2:16:27,  8.67s/it]
                                                       
{'loss': '0.631', 'grad_norm': '0.3267', 'learning_rate': '5.392e-06', 'epoch': '8.448'}

 53%|█████▎    | 1056/2000 [2:39:00<2:16:27,  8.67s/it]
 53%|█████▎    | 1057/2000 [2:39:08<2:16:53,  8.71s/it]
                                                       
{'loss': '0.6836', 'grad_norm': '0.3676', 'learning_rate': '5.384e-06', 'epoch': '8.456'}

 53%|█████▎    | 1057/2000 [2:39:08<2:16:53,  8.71s/it]
 53%|█████▎    | 1058/2000 [2:39:17<2:18:13,  8.80s/it]
                                                       
{'loss': '0.6906', 'grad_norm': '0.3888', 'learning_rate': '5.375e-06', 'epoch': '8.464'}

 53%|█████▎    | 1058/2000 [2:39:17<2:18:13,  8.80s/it]
 53%|█████▎    | 1059/2000 [2:39:26<2:15:32,  8.64s/it]
                                                       
{'loss': '0.9441', 'grad_norm': '0.5476', 'learning_rate': '5.366e-06', 'epoch': '8.472'}

 53%|█████▎    | 1059/2000 [2:39:26<2:15:32,  8.64s/it]
 53%|█████▎    | 1060/2000 [2:39:36<2:22:41,  9.11s/it]
                                                       
{'loss': '0.7102', 'grad_norm': '0.4952', 'learning_rate': '5.357e-06', 'epoch': '8.48'}

 53%|█████▎    | 1060/2000 [2:39:36<2:22:41,  9.11s/it]
 53%|█████▎    | 1061/2000 [2:39:44<2:18:07,  8.83s/it]
                                                       
{'loss': '0.7646', 'grad_norm': '0.315', 'learning_rate': '5.349e-06', 'epoch': '8.488'}

 53%|█████▎    | 1061/2000 [2:39:44<2:18:07,  8.83s/it]
 53%|█████▎    | 1062/2000 [2:39:52<2:13:45,  8.56s/it]
                                                       
{'loss': '0.5072', 'grad_norm': '0.3094', 'learning_rate': '5.34e-06', 'epoch': '8.496'}

 53%|█████▎    | 1062/2000 [2:39:52<2:13:45,  8.56s/it]
 53%|█████▎    | 1063/2000 [2:40:01<2:15:54,  8.70s/it]
                                                       
{'loss': '0.6035', 'grad_norm': '0.2604', 'learning_rate': '5.331e-06', 'epoch': '8.504'}

 53%|█████▎    | 1063/2000 [2:40:01<2:15:54,  8.70s/it]
 53%|█████▎    | 1064/2000 [2:40:09<2:10:20,  8.36s/it]
                                                       
{'loss': '0.5044', 'grad_norm': '0.2658', 'learning_rate': '5.323e-06', 'epoch': '8.512'}

 53%|█████▎    | 1064/2000 [2:40:09<2:10:20,  8.36s/it]
 53%|█████▎    | 1065/2000 [2:40:17<2:09:15,  8.30s/it]
                                                       
{'loss': '0.4654', 'grad_norm': '0.4189', 'learning_rate': '5.314e-06', 'epoch': '8.52'}

 53%|█████▎    | 1065/2000 [2:40:17<2:09:15,  8.30s/it]
 53%|█████▎    | 1066/2000 [2:40:27<2:16:11,  8.75s/it]
                                                       
{'loss': '0.6644', 'grad_norm': '0.4846', 'learning_rate': '5.305e-06', 'epoch': '8.528'}

 53%|█████▎    | 1066/2000 [2:40:27<2:16:11,  8.75s/it]
 53%|█████▎    | 1067/2000 [2:40:34<2:11:03,  8.43s/it]
                                                       
{'loss': '0.5111', 'grad_norm': '0.4631', 'learning_rate': '5.297e-06', 'epoch': '8.536'}

 53%|█████▎    | 1067/2000 [2:40:34<2:11:03,  8.43s/it]
 53%|█████▎    | 1068/2000 [2:40:44<2:17:01,  8.82s/it]
                                                       
{'loss': '0.7222', 'grad_norm': '0.3458', 'learning_rate': '5.288e-06', 'epoch': '8.544'}

 53%|█████▎    | 1068/2000 [2:40:44<2:17:01,  8.82s/it]
 53%|█████▎    | 1069/2000 [2:40:53<2:15:27,  8.73s/it]
                                                       
{'loss': '0.8147', 'grad_norm': '0.468', 'learning_rate': '5.279e-06', 'epoch': '8.552'}

 53%|█████▎    | 1069/2000 [2:40:53<2:15:27,  8.73s/it]
 54%|█████▎    | 1070/2000 [2:41:01<2:12:48,  8.57s/it]
                                                       
{'loss': '0.4442', 'grad_norm': '0.3162', 'learning_rate': '5.27e-06', 'epoch': '8.56'}

 54%|█████▎    | 1070/2000 [2:41:01<2:12:48,  8.57s/it]
 54%|█████▎    | 1071/2000 [2:41:10<2:14:00,  8.66s/it]
                                                       
{'loss': '1.063', 'grad_norm': '0.3772', 'learning_rate': '5.262e-06', 'epoch': '8.568'}

 54%|█████▎    | 1071/2000 [2:41:10<2:14:00,  8.66s/it]
 54%|█████▎    | 1072/2000 [2:41:18<2:14:36,  8.70s/it]
                                                       
{'loss': '0.702', 'grad_norm': '0.3138', 'learning_rate': '5.253e-06', 'epoch': '8.576'}

 54%|█████▎    | 1072/2000 [2:41:18<2:14:36,  8.70s/it]
 54%|█████▎    | 1073/2000 [2:41:26<2:10:06,  8.42s/it]
                                                       
{'loss': '0.7283', 'grad_norm': '0.3791', 'learning_rate': '5.244e-06', 'epoch': '8.584'}

 54%|█████▎    | 1073/2000 [2:41:26<2:10:06,  8.42s/it]
 54%|█████▎    | 1074/2000 [2:41:36<2:14:56,  8.74s/it]
                                                       
{'loss': '0.5473', 'grad_norm': '0.3566', 'learning_rate': '5.236e-06', 'epoch': '8.592'}

 54%|█████▎    | 1074/2000 [2:41:36<2:14:56,  8.74s/it]
 54%|█████▍    | 1075/2000 [2:41:43<2:07:49,  8.29s/it]
                                                       
{'loss': '0.4714', 'grad_norm': '0.4185', 'learning_rate': '5.227e-06', 'epoch': '8.6'}

 54%|█████▍    | 1075/2000 [2:41:43<2:07:49,  8.29s/it]
 54%|█████▍    | 1076/2000 [2:41:52<2:11:37,  8.55s/it]
                                                       
{'loss': '0.8745', 'grad_norm': '0.2962', 'learning_rate': '5.218e-06', 'epoch': '8.608'}

 54%|█████▍    | 1076/2000 [2:41:52<2:11:37,  8.55s/it]
 54%|█████▍    | 1077/2000 [2:42:01<2:14:02,  8.71s/it]
                                                       
{'loss': '0.7999', 'grad_norm': '0.2657', 'learning_rate': '5.209e-06', 'epoch': '8.616'}

 54%|█████▍    | 1077/2000 [2:42:01<2:14:02,  8.71s/it]
 54%|█████▍    | 1078/2000 [2:42:09<2:11:34,  8.56s/it]
                                                       
{'loss': '0.623', 'grad_norm': '0.3422', 'learning_rate': '5.201e-06', 'epoch': '8.624'}

 54%|█████▍    | 1078/2000 [2:42:09<2:11:34,  8.56s/it]
 54%|█████▍    | 1079/2000 [2:42:18<2:12:00,  8.60s/it]
                                                       
{'loss': '0.6701', 'grad_norm': '0.4864', 'learning_rate': '5.192e-06', 'epoch': '8.632'}

 54%|█████▍    | 1079/2000 [2:42:18<2:12:00,  8.60s/it]
 54%|█████▍    | 1080/2000 [2:42:27<2:15:46,  8.85s/it]
                                                       
{'loss': '0.5923', 'grad_norm': '0.3173', 'learning_rate': '5.183e-06', 'epoch': '8.64'}

 54%|█████▍    | 1080/2000 [2:42:27<2:15:46,  8.85s/it]
 54%|█████▍    | 1081/2000 [2:42:36<2:14:48,  8.80s/it]
                                                       
{'loss': '0.6838', 'grad_norm': '0.2976', 'learning_rate': '5.174e-06', 'epoch': '8.648'}

 54%|█████▍    | 1081/2000 [2:42:36<2:14:48,  8.80s/it]
 54%|█████▍    | 1082/2000 [2:42:46<2:17:18,  8.97s/it]
                                                       
{'loss': '0.8134', 'grad_norm': '0.1988', 'learning_rate': '5.166e-06', 'epoch': '8.656'}

 54%|█████▍    | 1082/2000 [2:42:46<2:17:18,  8.97s/it]
 54%|█████▍    | 1083/2000 [2:42:53<2:12:04,  8.64s/it]
                                                       
{'loss': '0.7512', 'grad_norm': '0.3963', 'learning_rate': '5.157e-06', 'epoch': '8.664'}

 54%|█████▍    | 1083/2000 [2:42:54<2:12:04,  8.64s/it]
 54%|█████▍    | 1084/2000 [2:43:02<2:11:23,  8.61s/it]
                                                       
{'loss': '0.7892', 'grad_norm': '0.4531', 'learning_rate': '5.148e-06', 'epoch': '8.672'}

 54%|█████▍    | 1084/2000 [2:43:02<2:11:23,  8.61s/it]
 54%|█████▍    | 1085/2000 [2:43:11<2:15:06,  8.86s/it]
                                                       
{'loss': '0.9359', 'grad_norm': '0.2711', 'learning_rate': '5.14e-06', 'epoch': '8.68'}

 54%|█████▍    | 1085/2000 [2:43:11<2:15:06,  8.86s/it]
 54%|█████▍    | 1086/2000 [2:43:20<2:12:12,  8.68s/it]
                                                       
{'loss': '0.8029', 'grad_norm': '0.4835', 'learning_rate': '5.131e-06', 'epoch': '8.688'}

 54%|█████▍    | 1086/2000 [2:43:20<2:12:12,  8.68s/it]
 54%|█████▍    | 1087/2000 [2:43:28<2:11:32,  8.64s/it]
                                                       
{'loss': '0.7058', 'grad_norm': '0.4283', 'learning_rate': '5.122e-06', 'epoch': '8.696'}

 54%|█████▍    | 1087/2000 [2:43:28<2:11:32,  8.64s/it]
 54%|█████▍    | 1088/2000 [2:43:37<2:11:40,  8.66s/it]
                                                       
{'loss': '0.8533', 'grad_norm': '0.2876', 'learning_rate': '5.113e-06', 'epoch': '8.704'}

 54%|█████▍    | 1088/2000 [2:43:37<2:11:40,  8.66s/it]
 54%|█████▍    | 1089/2000 [2:43:45<2:09:15,  8.51s/it]
                                                       
{'loss': '0.9565', 'grad_norm': '0.504', 'learning_rate': '5.105e-06', 'epoch': '8.712'}

 54%|█████▍    | 1089/2000 [2:43:45<2:09:15,  8.51s/it]
 55%|█████▍    | 1090/2000 [2:43:54<2:11:28,  8.67s/it]
                                                       
{'loss': '0.7461', 'grad_norm': '0.2511', 'learning_rate': '5.096e-06', 'epoch': '8.72'}

 55%|█████▍    | 1090/2000 [2:43:54<2:11:28,  8.67s/it]
 55%|█████▍    | 1091/2000 [2:44:03<2:12:22,  8.74s/it]
                                                       
{'loss': '0.7166', 'grad_norm': '0.2532', 'learning_rate': '5.087e-06', 'epoch': '8.728'}

 55%|█████▍    | 1091/2000 [2:44:03<2:12:22,  8.74s/it]
 55%|█████▍    | 1092/2000 [2:44:12<2:14:28,  8.89s/it]
                                                       
{'loss': '0.7649', 'grad_norm': '0.2977', 'learning_rate': '5.079e-06', 'epoch': '8.736'}

 55%|█████▍    | 1092/2000 [2:44:12<2:14:28,  8.89s/it]
 55%|█████▍    | 1093/2000 [2:44:21<2:14:39,  8.91s/it]
                                                       
{'loss': '0.7712', 'grad_norm': '0.6256', 'learning_rate': '5.07e-06', 'epoch': '8.744'}

 55%|█████▍    | 1093/2000 [2:44:21<2:14:39,  8.91s/it]
 55%|█████▍    | 1094/2000 [2:44:30<2:11:59,  8.74s/it]
                                                       
{'loss': '0.9167', 'grad_norm': '0.2433', 'learning_rate': '5.061e-06', 'epoch': '8.752'}

 55%|█████▍    | 1094/2000 [2:44:30<2:11:59,  8.74s/it]
 55%|█████▍    | 1095/2000 [2:44:38<2:11:50,  8.74s/it]
                                                       
{'loss': '0.6605', 'grad_norm': '0.3792', 'learning_rate': '5.052e-06', 'epoch': '8.76'}

 55%|█████▍    | 1095/2000 [2:44:38<2:11:50,  8.74s/it]
 55%|█████▍    | 1096/2000 [2:44:46<2:09:01,  8.56s/it]
                                                       
{'loss': '0.7081', 'grad_norm': '0.7654', 'learning_rate': '5.044e-06', 'epoch': '8.768'}

 55%|█████▍    | 1096/2000 [2:44:47<2:09:01,  8.56s/it]
 55%|█████▍    | 1097/2000 [2:44:55<2:09:13,  8.59s/it]
                                                       
{'loss': '0.9478', 'grad_norm': '0.2407', 'learning_rate': '5.035e-06', 'epoch': '8.776'}

 55%|█████▍    | 1097/2000 [2:44:55<2:09:13,  8.59s/it]
 55%|█████▍    | 1098/2000 [2:45:04<2:09:46,  8.63s/it]
                                                       
{'loss': '0.6599', 'grad_norm': '0.3134', 'learning_rate': '5.026e-06', 'epoch': '8.784'}

 55%|█████▍    | 1098/2000 [2:45:04<2:09:46,  8.63s/it]
 55%|█████▍    | 1099/2000 [2:45:12<2:09:08,  8.60s/it]
                                                       
{'loss': '1.13', 'grad_norm': '0.407', 'learning_rate': '5.017e-06', 'epoch': '8.792'}

 55%|█████▍    | 1099/2000 [2:45:12<2:09:08,  8.60s/it]
 55%|█████▌    | 1100/2000 [2:45:21<2:09:14,  8.62s/it]
                                                       
{'loss': '0.7248', 'grad_norm': '0.2216', 'learning_rate': '5.009e-06', 'epoch': '8.8'}

 55%|█████▌    | 1100/2000 [2:45:21<2:09:14,  8.62s/it]
 55%|█████▌    | 1101/2000 [2:45:29<2:07:39,  8.52s/it]
                                                       
{'loss': '0.6384', 'grad_norm': '0.4241', 'learning_rate': '5e-06', 'epoch': '8.808'}

 55%|█████▌    | 1101/2000 [2:45:29<2:07:39,  8.52s/it]
 55%|█████▌    | 1102/2000 [2:45:38<2:08:40,  8.60s/it]
                                                       
{'loss': '0.9885', 'grad_norm': '0.2319', 'learning_rate': '4.991e-06', 'epoch': '8.816'}

 55%|█████▌    | 1102/2000 [2:45:38<2:08:40,  8.60s/it]
 55%|█████▌    | 1103/2000 [2:45:47<2:10:52,  8.75s/it]
                                                       
{'loss': '0.764', 'grad_norm': '0.3773', 'learning_rate': '4.983e-06', 'epoch': '8.824'}

 55%|█████▌    | 1103/2000 [2:45:47<2:10:52,  8.75s/it]
 55%|█████▌    | 1104/2000 [2:45:56<2:09:23,  8.66s/it]
                                                       
{'loss': '0.6525', 'grad_norm': '0.3745', 'learning_rate': '4.974e-06', 'epoch': '8.832'}

 55%|█████▌    | 1104/2000 [2:45:56<2:09:23,  8.66s/it]
 55%|█████▌    | 1105/2000 [2:46:04<2:06:48,  8.50s/it]
                                                       
{'loss': '0.5774', 'grad_norm': '0.4283', 'learning_rate': '4.965e-06', 'epoch': '8.84'}

 55%|█████▌    | 1105/2000 [2:46:04<2:06:48,  8.50s/it]
 55%|█████▌    | 1106/2000 [2:46:13<2:09:01,  8.66s/it]
                                                       
{'loss': '0.6627', 'grad_norm': '0.362', 'learning_rate': '4.956e-06', 'epoch': '8.848'}

 55%|█████▌    | 1106/2000 [2:46:13<2:09:01,  8.66s/it]
 55%|█████▌    | 1107/2000 [2:46:21<2:08:22,  8.63s/it]
                                                       
{'loss': '0.9927', 'grad_norm': '0.4973', 'learning_rate': '4.948e-06', 'epoch': '8.856'}

 55%|█████▌    | 1107/2000 [2:46:21<2:08:22,  8.63s/it]
 55%|█████▌    | 1108/2000 [2:46:31<2:12:46,  8.93s/it]
                                                       
{'loss': '0.8851', 'grad_norm': '0.3086', 'learning_rate': '4.939e-06', 'epoch': '8.864'}

 55%|█████▌    | 1108/2000 [2:46:31<2:12:46,  8.93s/it]
 55%|█████▌    | 1109/2000 [2:46:40<2:11:14,  8.84s/it]
                                                       
{'loss': '0.6023', 'grad_norm': '0.3901', 'learning_rate': '4.93e-06', 'epoch': '8.872'}

 55%|█████▌    | 1109/2000 [2:46:40<2:11:14,  8.84s/it]
 56%|█████▌    | 1110/2000 [2:46:48<2:08:52,  8.69s/it]
                                                       
{'loss': '0.9311', 'grad_norm': '0.4242', 'learning_rate': '4.921e-06', 'epoch': '8.88'}

 56%|█████▌    | 1110/2000 [2:46:48<2:08:52,  8.69s/it]
 56%|█████▌    | 1111/2000 [2:46:57<2:09:04,  8.71s/it]
                                                       
{'loss': '0.5615', 'grad_norm': '0.4532', 'learning_rate': '4.913e-06', 'epoch': '8.888'}

 56%|█████▌    | 1111/2000 [2:46:57<2:09:04,  8.71s/it]
 56%|█████▌    | 1112/2000 [2:47:05<2:07:00,  8.58s/it]
                                                       
{'loss': '0.3604', 'grad_norm': '0.2657', 'learning_rate': '4.904e-06', 'epoch': '8.896'}

 56%|█████▌    | 1112/2000 [2:47:05<2:07:00,  8.58s/it]
 56%|█████▌    | 1113/2000 [2:47:13<2:05:22,  8.48s/it]
                                                       
{'loss': '0.9336', 'grad_norm': '0.4443', 'learning_rate': '4.895e-06', 'epoch': '8.904'}

 56%|█████▌    | 1113/2000 [2:47:13<2:05:22,  8.48s/it]
 56%|█████▌    | 1114/2000 [2:47:22<2:07:47,  8.65s/it]
                                                       
{'loss': '0.7661', 'grad_norm': '0.3188', 'learning_rate': '4.887e-06', 'epoch': '8.912'}

 56%|█████▌    | 1114/2000 [2:47:22<2:07:47,  8.65s/it]
 56%|█████▌    | 1115/2000 [2:47:31<2:08:41,  8.73s/it]
                                                       
{'loss': '0.6245', 'grad_norm': '0.2194', 'learning_rate': '4.878e-06', 'epoch': '8.92'}

 56%|█████▌    | 1115/2000 [2:47:31<2:08:41,  8.73s/it]
 56%|█████▌    | 1116/2000 [2:47:40<2:08:47,  8.74s/it]
                                                       
{'loss': '0.9382', 'grad_norm': '0.3616', 'learning_rate': '4.869e-06', 'epoch': '8.928'}

 56%|█████▌    | 1116/2000 [2:47:40<2:08:47,  8.74s/it]
 56%|█████▌    | 1117/2000 [2:47:49<2:10:40,  8.88s/it]
                                                       
{'loss': '0.5355', 'grad_norm': '0.3005', 'learning_rate': '4.86e-06', 'epoch': '8.936'}

 56%|█████▌    | 1117/2000 [2:47:49<2:10:40,  8.88s/it]
 56%|█████▌    | 1118/2000 [2:47:58<2:09:02,  8.78s/it]
                                                       
{'loss': '0.6641', 'grad_norm': '0.2577', 'learning_rate': '4.852e-06', 'epoch': '8.944'}

 56%|█████▌    | 1118/2000 [2:47:58<2:09:02,  8.78s/it]
 56%|█████▌    | 1119/2000 [2:48:06<2:08:34,  8.76s/it]
                                                       
{'loss': '0.9319', 'grad_norm': '0.5687', 'learning_rate': '4.843e-06', 'epoch': '8.952'}

 56%|█████▌    | 1119/2000 [2:48:06<2:08:34,  8.76s/it]
 56%|█████▌    | 1120/2000 [2:48:15<2:07:10,  8.67s/it]
                                                       
{'loss': '0.7961', 'grad_norm': '0.3366', 'learning_rate': '4.834e-06', 'epoch': '8.96'}

 56%|█████▌    | 1120/2000 [2:48:15<2:07:10,  8.67s/it]
 56%|█████▌    | 1121/2000 [2:48:23<2:05:02,  8.54s/it]
                                                       
{'loss': '0.7516', 'grad_norm': '0.437', 'learning_rate': '4.826e-06', 'epoch': '8.968'}

 56%|█████▌    | 1121/2000 [2:48:23<2:05:02,  8.54s/it]
 56%|█████▌    | 1122/2000 [2:48:32<2:07:26,  8.71s/it]
                                                       
{'loss': '0.5964', 'grad_norm': '0.2552', 'learning_rate': '4.817e-06', 'epoch': '8.976'}

 56%|█████▌    | 1122/2000 [2:48:32<2:07:26,  8.71s/it]
 56%|█████▌    | 1123/2000 [2:48:41<2:07:01,  8.69s/it]
                                                       
{'loss': '0.5125', 'grad_norm': '0.3497', 'learning_rate': '4.808e-06', 'epoch': '8.984'}

 56%|█████▌    | 1123/2000 [2:48:41<2:07:01,  8.69s/it]
 56%|█████▌    | 1124/2000 [2:48:50<2:07:02,  8.70s/it]
                                                       
{'loss': '0.8596', 'grad_norm': '0.6002', 'learning_rate': '4.799e-06', 'epoch': '8.992'}

 56%|█████▌    | 1124/2000 [2:48:50<2:07:02,  8.70s/it]
 56%|█████▋    | 1125/2000 [2:48:59<2:09:39,  8.89s/it]
                                                       
{'loss': '0.6553', 'grad_norm': '0.5543', 'learning_rate': '4.791e-06', 'epoch': '9'}

 56%|█████▋    | 1125/2000 [2:48:59<2:09:39,  8.89s/it]
 56%|█████▋    | 1126/2000 [2:49:07<2:06:37,  8.69s/it]
                                                       
{'loss': '0.8296', 'grad_norm': '0.3559', 'learning_rate': '4.782e-06', 'epoch': '9.008'}

 56%|█████▋    | 1126/2000 [2:49:07<2:06:37,  8.69s/it]
 56%|█████▋    | 1127/2000 [2:49:15<2:03:37,  8.50s/it]
                                                       
{'loss': '0.7993', 'grad_norm': '0.5884', 'learning_rate': '4.773e-06', 'epoch': '9.016'}

 56%|█████▋    | 1127/2000 [2:49:15<2:03:37,  8.50s/it]
 56%|█████▋    | 1128/2000 [2:49:25<2:07:38,  8.78s/it]
                                                       
{'loss': '0.8712', 'grad_norm': '0.3751', 'learning_rate': '4.764e-06', 'epoch': '9.024'}

 56%|█████▋    | 1128/2000 [2:49:25<2:07:38,  8.78s/it]
 56%|█████▋    | 1129/2000 [2:49:32<2:00:55,  8.33s/it]
                                                       
{'loss': '0.3424', 'grad_norm': '0.3113', 'learning_rate': '4.756e-06', 'epoch': '9.032'}

 56%|█████▋    | 1129/2000 [2:49:32<2:00:55,  8.33s/it]
 56%|█████▋    | 1130/2000 [2:49:41<2:04:35,  8.59s/it]
                                                       
{'loss': '0.7761', 'grad_norm': '0.4284', 'learning_rate': '4.747e-06', 'epoch': '9.04'}

 56%|█████▋    | 1130/2000 [2:49:41<2:04:35,  8.59s/it][WARNING] Please DO NOT tune args ['unit_flag', 'limit_auto_multi_buffer_of_local_buffer', 'set_workspace_multibuffer', 'enable_hivm_auto_cv_balance', 'tile_mix_vector_loop', 'tile_mix_cube_loop', 'num_warps', 'num_ctas', 'num_stages', 'num_buffers_warp_spec', 'num_consumer_groups', 'reg_dec_producer', 'reg_inc_consumer', 'force_simt_template', 'enable_linearize']!

 57%|█████▋    | 1131/2000 [2:49:51<2:08:03,  8.84s/it]
                                                       
{'loss': '0.791', 'grad_norm': '0.3542', 'learning_rate': '4.738e-06', 'epoch': '9.048'}

 57%|█████▋    | 1131/2000 [2:49:51<2:08:03,  8.84s/it]
 57%|█████▋    | 1132/2000 [2:49:58<2:02:46,  8.49s/it]
                                                       
{'loss': '0.6965', 'grad_norm': '0.3652', 'learning_rate': '4.73e-06', 'epoch': '9.056'}

 57%|█████▋    | 1132/2000 [2:49:58<2:02:46,  8.49s/it]
 57%|█████▋    | 1133/2000 [2:50:08<2:06:46,  8.77s/it]
                                                       
{'loss': '0.6732', 'grad_norm': '0.3325', 'learning_rate': '4.721e-06', 'epoch': '9.064'}

 57%|█████▋    | 1133/2000 [2:50:08<2:06:46,  8.77s/it]
 57%|█████▋    | 1134/2000 [2:50:16<2:05:33,  8.70s/it]
                                                       
{'loss': '0.7185', 'grad_norm': '0.4775', 'learning_rate': '4.712e-06', 'epoch': '9.072'}

 57%|█████▋    | 1134/2000 [2:50:16<2:05:33,  8.70s/it]
 57%|█████▋    | 1135/2000 [2:50:25<2:04:56,  8.67s/it]
                                                       
{'loss': '0.6422', 'grad_norm': '0.306', 'learning_rate': '4.703e-06', 'epoch': '9.08'}

 57%|█████▋    | 1135/2000 [2:50:25<2:04:56,  8.67s/it]
 57%|█████▋    | 1136/2000 [2:50:34<2:05:55,  8.75s/it]
                                                       
{'loss': '1.007', 'grad_norm': '0.3601', 'learning_rate': '4.695e-06', 'epoch': '9.088'}

 57%|█████▋    | 1136/2000 [2:50:34<2:05:55,  8.75s/it]
 57%|█████▋    | 1137/2000 [2:50:42<2:05:41,  8.74s/it]
                                                       
{'loss': '0.6824', 'grad_norm': '0.2199', 'learning_rate': '4.686e-06', 'epoch': '9.096'}

 57%|█████▋    | 1137/2000 [2:50:42<2:05:41,  8.74s/it]
 57%|█████▋    | 1138/2000 [2:50:52<2:08:00,  8.91s/it]
                                                       
{'loss': '0.8462', 'grad_norm': '0.2471', 'learning_rate': '4.677e-06', 'epoch': '9.104'}

 57%|█████▋    | 1138/2000 [2:50:52<2:08:00,  8.91s/it]
 57%|█████▋    | 1139/2000 [2:51:00<2:07:19,  8.87s/it]
                                                       
{'loss': '0.6547', 'grad_norm': '0.3664', 'learning_rate': '4.669e-06', 'epoch': '9.112'}

 57%|█████▋    | 1139/2000 [2:51:00<2:07:19,  8.87s/it]
 57%|█████▋    | 1140/2000 [2:51:09<2:04:57,  8.72s/it]
                                                       
{'loss': '0.732', 'grad_norm': '0.5094', 'learning_rate': '4.66e-06', 'epoch': '9.12'}

 57%|█████▋    | 1140/2000 [2:51:09<2:04:57,  8.72s/it]
 57%|█████▋    | 1141/2000 [2:51:18<2:05:45,  8.78s/it]
                                                       
{'loss': '0.7258', 'grad_norm': '0.4071', 'learning_rate': '4.651e-06', 'epoch': '9.128'}

 57%|█████▋    | 1141/2000 [2:51:18<2:05:45,  8.78s/it]
 57%|█████▋    | 1142/2000 [2:51:26<2:03:27,  8.63s/it]
                                                       
{'loss': '0.7533', 'grad_norm': '0.2022', 'learning_rate': '4.643e-06', 'epoch': '9.136'}

 57%|█████▋    | 1142/2000 [2:51:26<2:03:27,  8.63s/it]
 57%|█████▋    | 1143/2000 [2:51:35<2:03:51,  8.67s/it]
                                                       
{'loss': '0.7544', 'grad_norm': '0.3281', 'learning_rate': '4.634e-06', 'epoch': '9.144'}

 57%|█████▋    | 1143/2000 [2:51:35<2:03:51,  8.67s/it]
 57%|█████▋    | 1144/2000 [2:51:44<2:06:51,  8.89s/it]
                                                       
{'loss': '0.7472', 'grad_norm': '0.2632', 'learning_rate': '4.625e-06', 'epoch': '9.152'}

 57%|█████▋    | 1144/2000 [2:51:44<2:06:51,  8.89s/it]
 57%|█████▋    | 1145/2000 [2:51:53<2:05:10,  8.78s/it]
                                                       
{'loss': '0.6676', 'grad_norm': '0.3571', 'learning_rate': '4.616e-06', 'epoch': '9.16'}

 57%|█████▋    | 1145/2000 [2:51:53<2:05:10,  8.78s/it]
 57%|█████▋    | 1146/2000 [2:52:02<2:06:41,  8.90s/it]
                                                       
{'loss': '0.7158', 'grad_norm': '0.3584', 'learning_rate': '4.608e-06', 'epoch': '9.168'}

 57%|█████▋    | 1146/2000 [2:52:02<2:06:41,  8.90s/it]
 57%|█████▋    | 1147/2000 [2:52:11<2:06:22,  8.89s/it]
                                                       
{'loss': '0.981', 'grad_norm': '0.4674', 'learning_rate': '4.599e-06', 'epoch': '9.176'}

 57%|█████▋    | 1147/2000 [2:52:11<2:06:22,  8.89s/it]
 57%|█████▋    | 1148/2000 [2:52:20<2:05:36,  8.85s/it]
                                                       
{'loss': '0.6665', 'grad_norm': '0.6249', 'learning_rate': '4.59e-06', 'epoch': '9.184'}

 57%|█████▋    | 1148/2000 [2:52:20<2:05:36,  8.85s/it]
 57%|█████▋    | 1149/2000 [2:52:28<2:04:54,  8.81s/it]
                                                       
{'loss': '0.7801', 'grad_norm': '0.39', 'learning_rate': '4.582e-06', 'epoch': '9.192'}

 57%|█████▋    | 1149/2000 [2:52:29<2:04:54,  8.81s/it]
 57%|█████▊    | 1150/2000 [2:52:37<2:05:23,  8.85s/it]
                                                       
{'loss': '0.7659', 'grad_norm': '0.162', 'learning_rate': '4.573e-06', 'epoch': '9.2'}

 57%|█████▊    | 1150/2000 [2:52:37<2:05:23,  8.85s/it]
 58%|█████▊    | 1151/2000 [2:52:46<2:06:00,  8.90s/it]
                                                       
{'loss': '0.5767', 'grad_norm': '0.4117', 'learning_rate': '4.564e-06', 'epoch': '9.208'}

 58%|█████▊    | 1151/2000 [2:52:46<2:06:00,  8.90s/it]
 58%|█████▊    | 1152/2000 [2:52:55<2:03:59,  8.77s/it]
                                                       
{'loss': '0.6663', 'grad_norm': '0.2368', 'learning_rate': '4.556e-06', 'epoch': '9.216'}

 58%|█████▊    | 1152/2000 [2:52:55<2:03:59,  8.77s/it]
 58%|█████▊    | 1153/2000 [2:53:03<2:00:14,  8.52s/it]
                                                       
{'loss': '0.6429', 'grad_norm': '0.449', 'learning_rate': '4.547e-06', 'epoch': '9.224'}

 58%|█████▊    | 1153/2000 [2:53:03<2:00:14,  8.52s/it]
 58%|█████▊    | 1154/2000 [2:53:11<2:01:33,  8.62s/it]
                                                       
{'loss': '0.5242', 'grad_norm': '0.4217', 'learning_rate': '4.538e-06', 'epoch': '9.232'}

 58%|█████▊    | 1154/2000 [2:53:11<2:01:33,  8.62s/it]
 58%|█████▊    | 1155/2000 [2:53:20<2:01:40,  8.64s/it]
                                                       
{'loss': '0.7695', 'grad_norm': '0.3711', 'learning_rate': '4.529e-06', 'epoch': '9.24'}

 58%|█████▊    | 1155/2000 [2:53:20<2:01:40,  8.64s/it]
 58%|█████▊    | 1156/2000 [2:53:29<2:00:12,  8.55s/it]
                                                       
{'loss': '0.7056', 'grad_norm': '0.4458', 'learning_rate': '4.521e-06', 'epoch': '9.248'}

 58%|█████▊    | 1156/2000 [2:53:29<2:00:12,  8.55s/it]
 58%|█████▊    | 1157/2000 [2:53:37<1:58:03,  8.40s/it]
                                                       
{'loss': '0.6493', 'grad_norm': '0.5062', 'learning_rate': '4.512e-06', 'epoch': '9.256'}

 58%|█████▊    | 1157/2000 [2:53:37<1:58:03,  8.40s/it]
 58%|█████▊    | 1158/2000 [2:53:46<2:00:18,  8.57s/it]
                                                       
{'loss': '0.685', 'grad_norm': '0.2396', 'learning_rate': '4.503e-06', 'epoch': '9.264'}

 58%|█████▊    | 1158/2000 [2:53:46<2:00:18,  8.57s/it]
 58%|█████▊    | 1159/2000 [2:53:54<2:01:38,  8.68s/it]
                                                       
{'loss': '1.192', 'grad_norm': '0.2899', 'learning_rate': '4.495e-06', 'epoch': '9.272'}

 58%|█████▊    | 1159/2000 [2:53:55<2:01:38,  8.68s/it]
 58%|█████▊    | 1160/2000 [2:54:04<2:05:08,  8.94s/it]
                                                       
{'loss': '0.7361', 'grad_norm': '0.279', 'learning_rate': '4.486e-06', 'epoch': '9.28'}

 58%|█████▊    | 1160/2000 [2:54:04<2:05:08,  8.94s/it]
 58%|█████▊    | 1161/2000 [2:54:12<2:01:58,  8.72s/it]
                                                       
{'loss': '0.4883', 'grad_norm': '0.4386', 'learning_rate': '4.477e-06', 'epoch': '9.288'}

 58%|█████▊    | 1161/2000 [2:54:12<2:01:58,  8.72s/it]
 58%|█████▊    | 1162/2000 [2:54:21<2:01:59,  8.73s/it]
                                                       
{'loss': '0.6403', 'grad_norm': '0.566', 'learning_rate': '4.469e-06', 'epoch': '9.296'}

 58%|█████▊    | 1162/2000 [2:54:21<2:01:59,  8.73s/it]
 58%|█████▊    | 1163/2000 [2:54:29<1:58:37,  8.50s/it]
                                                       
{'loss': '0.6934', 'grad_norm': '0.3712', 'learning_rate': '4.46e-06', 'epoch': '9.304'}

 58%|█████▊    | 1163/2000 [2:54:29<1:58:37,  8.50s/it]
 58%|█████▊    | 1164/2000 [2:54:36<1:53:36,  8.15s/it]
                                                       
{'loss': '0.4525', 'grad_norm': '0.3623', 'learning_rate': '4.451e-06', 'epoch': '9.312'}

 58%|█████▊    | 1164/2000 [2:54:36<1:53:36,  8.15s/it]
 58%|█████▊    | 1165/2000 [2:54:46<1:59:15,  8.57s/it]
                                                       
{'loss': '0.9181', 'grad_norm': '0.2419', 'learning_rate': '4.443e-06', 'epoch': '9.32'}

 58%|█████▊    | 1165/2000 [2:54:46<1:59:15,  8.57s/it]
 58%|█████▊    | 1166/2000 [2:54:54<1:57:35,  8.46s/it]
                                                       
{'loss': '0.7869', 'grad_norm': '0.3174', 'learning_rate': '4.434e-06', 'epoch': '9.328'}

 58%|█████▊    | 1166/2000 [2:54:54<1:57:35,  8.46s/it]
 58%|█████▊    | 1167/2000 [2:55:03<1:59:31,  8.61s/it]
                                                       
{'loss': '0.6609', 'grad_norm': '0.2983', 'learning_rate': '4.425e-06', 'epoch': '9.336'}

 58%|█████▊    | 1167/2000 [2:55:03<1:59:31,  8.61s/it]
 58%|█████▊    | 1168/2000 [2:55:12<2:00:02,  8.66s/it]
                                                       
{'loss': '0.5439', 'grad_norm': '0.2558', 'learning_rate': '4.417e-06', 'epoch': '9.344'}

 58%|█████▊    | 1168/2000 [2:55:12<2:00:02,  8.66s/it]
 58%|█████▊    | 1169/2000 [2:55:20<2:00:02,  8.67s/it]
                                                       
{'loss': '0.6243', 'grad_norm': '0.385', 'learning_rate': '4.408e-06', 'epoch': '9.352'}

 58%|█████▊    | 1169/2000 [2:55:20<2:00:02,  8.67s/it]
 58%|█████▊    | 1170/2000 [2:55:29<2:00:55,  8.74s/it]
                                                       
{'loss': '0.7902', 'grad_norm': '0.271', 'learning_rate': '4.399e-06', 'epoch': '9.36'}

 58%|█████▊    | 1170/2000 [2:55:29<2:00:55,  8.74s/it]
 59%|█████▊    | 1171/2000 [2:55:38<2:01:10,  8.77s/it]
                                                       
{'loss': '1.002', 'grad_norm': '0.4232', 'learning_rate': '4.391e-06', 'epoch': '9.368'}

 59%|█████▊    | 1171/2000 [2:55:38<2:01:10,  8.77s/it]
 59%|█████▊    | 1172/2000 [2:55:47<2:00:59,  8.77s/it]
                                                       
{'loss': '0.7036', 'grad_norm': '0.3826', 'learning_rate': '4.382e-06', 'epoch': '9.376'}

 59%|█████▊    | 1172/2000 [2:55:47<2:00:59,  8.77s/it]
 59%|█████▊    | 1173/2000 [2:55:56<1:59:54,  8.70s/it]
                                                       
{'loss': '0.6808', 'grad_norm': '0.437', 'learning_rate': '4.373e-06', 'epoch': '9.384'}

 59%|█████▊    | 1173/2000 [2:55:56<1:59:54,  8.70s/it]
 59%|█████▊    | 1174/2000 [2:56:04<1:58:58,  8.64s/it]
                                                       
{'loss': '0.5966', 'grad_norm': '0.3157', 'learning_rate': '4.365e-06', 'epoch': '9.392'}

 59%|█████▊    | 1174/2000 [2:56:04<1:58:58,  8.64s/it]
 59%|█████▉    | 1175/2000 [2:56:12<1:57:46,  8.57s/it]
                                                       
{'loss': '0.4838', 'grad_norm': '0.3153', 'learning_rate': '4.356e-06', 'epoch': '9.4'}

 59%|█████▉    | 1175/2000 [2:56:12<1:57:46,  8.57s/it]
 59%|█████▉    | 1176/2000 [2:56:22<1:59:53,  8.73s/it]
                                                       
{'loss': '0.8848', 'grad_norm': '0.2891', 'learning_rate': '4.347e-06', 'epoch': '9.408'}

 59%|█████▉    | 1176/2000 [2:56:22<1:59:53,  8.73s/it]
 59%|█████▉    | 1177/2000 [2:56:30<2:00:41,  8.80s/it]
                                                       
{'loss': '1.041', 'grad_norm': '0.2784', 'learning_rate': '4.339e-06', 'epoch': '9.416'}

 59%|█████▉    | 1177/2000 [2:56:30<2:00:41,  8.80s/it]
 59%|█████▉    | 1178/2000 [2:56:40<2:01:53,  8.90s/it]
                                                       
{'loss': '0.7534', 'grad_norm': '0.2278', 'learning_rate': '4.33e-06', 'epoch': '9.424'}

 59%|█████▉    | 1178/2000 [2:56:40<2:01:53,  8.90s/it]
 59%|█████▉    | 1179/2000 [2:56:48<2:00:43,  8.82s/it]
                                                       
{'loss': '0.5762', 'grad_norm': '0.2701', 'learning_rate': '4.321e-06', 'epoch': '9.432'}

 59%|█████▉    | 1179/2000 [2:56:48<2:00:43,  8.82s/it]
 59%|█████▉    | 1180/2000 [2:56:57<2:01:34,  8.90s/it]
                                                       
{'loss': '0.7972', 'grad_norm': '0.2907', 'learning_rate': '4.313e-06', 'epoch': '9.44'}

 59%|█████▉    | 1180/2000 [2:56:57<2:01:34,  8.90s/it]
 59%|█████▉    | 1181/2000 [2:57:07<2:02:56,  9.01s/it]
                                                       
{'loss': '0.4972', 'grad_norm': '0.3069', 'learning_rate': '4.304e-06', 'epoch': '9.448'}

 59%|█████▉    | 1181/2000 [2:57:07<2:02:56,  9.01s/it]
 59%|█████▉    | 1182/2000 [2:57:16<2:03:15,  9.04s/it]
                                                       
{'loss': '0.9185', 'grad_norm': '0.48', 'learning_rate': '4.295e-06', 'epoch': '9.456'}

 59%|█████▉    | 1182/2000 [2:57:16<2:03:15,  9.04s/it]
 59%|█████▉    | 1183/2000 [2:57:24<1:59:42,  8.79s/it]
                                                       
{'loss': '0.8401', 'grad_norm': '0.2815', 'learning_rate': '4.287e-06', 'epoch': '9.464'}

 59%|█████▉    | 1183/2000 [2:57:24<1:59:42,  8.79s/it]
 59%|█████▉    | 1184/2000 [2:57:33<2:01:42,  8.95s/it]
                                                       
{'loss': '0.7625', 'grad_norm': '0.4549', 'learning_rate': '4.278e-06', 'epoch': '9.472'}

 59%|█████▉    | 1184/2000 [2:57:33<2:01:42,  8.95s/it]
 59%|█████▉    | 1185/2000 [2:57:42<1:58:56,  8.76s/it]
                                                       
{'loss': '0.8442', 'grad_norm': '0.3492', 'learning_rate': '4.27e-06', 'epoch': '9.48'}

 59%|█████▉    | 1185/2000 [2:57:42<1:58:56,  8.76s/it]
 59%|█████▉    | 1186/2000 [2:57:50<1:58:59,  8.77s/it]
                                                       
{'loss': '0.6117', 'grad_norm': '0.2641', 'learning_rate': '4.261e-06', 'epoch': '9.488'}

 59%|█████▉    | 1186/2000 [2:57:50<1:58:59,  8.77s/it]
 59%|█████▉    | 1187/2000 [2:57:59<1:59:30,  8.82s/it]
                                                       
{'loss': '0.6162', 'grad_norm': '0.3199', 'learning_rate': '4.252e-06', 'epoch': '9.496'}

 59%|█████▉    | 1187/2000 [2:57:59<1:59:30,  8.82s/it]
 59%|█████▉    | 1188/2000 [2:58:07<1:54:11,  8.44s/it]
                                                       
{'loss': '0.8604', 'grad_norm': '0.4591', 'learning_rate': '4.244e-06', 'epoch': '9.504'}

 59%|█████▉    | 1188/2000 [2:58:07<1:54:11,  8.44s/it]
 59%|█████▉    | 1189/2000 [2:58:16<1:56:49,  8.64s/it]
                                                       
{'loss': '0.5138', 'grad_norm': '0.2711', 'learning_rate': '4.235e-06', 'epoch': '9.512'}

 59%|█████▉    | 1189/2000 [2:58:16<1:56:49,  8.64s/it]
 60%|█████▉    | 1190/2000 [2:58:25<1:58:05,  8.75s/it]
                                                       
{'loss': '0.8438', 'grad_norm': '0.4241', 'learning_rate': '4.226e-06', 'epoch': '9.52'}

 60%|█████▉    | 1190/2000 [2:58:25<1:58:05,  8.75s/it]
 60%|█████▉    | 1191/2000 [2:58:33<1:56:43,  8.66s/it]
                                                       
{'loss': '0.6022', 'grad_norm': '0.4972', 'learning_rate': '4.218e-06', 'epoch': '9.528'}

 60%|█████▉    | 1191/2000 [2:58:33<1:56:43,  8.66s/it]
 60%|█████▉    | 1192/2000 [2:58:42<1:56:15,  8.63s/it]
                                                       
{'loss': '0.5732', 'grad_norm': '0.3918', 'learning_rate': '4.209e-06', 'epoch': '9.536'}

 60%|█████▉    | 1192/2000 [2:58:42<1:56:15,  8.63s/it]
 60%|█████▉    | 1193/2000 [2:58:50<1:54:42,  8.53s/it]
                                                       
{'loss': '0.5818', 'grad_norm': '0.6412', 'learning_rate': '4.201e-06', 'epoch': '9.544'}

 60%|█████▉    | 1193/2000 [2:58:50<1:54:42,  8.53s/it]
 60%|█████▉    | 1194/2000 [2:58:59<1:55:57,  8.63s/it]
                                                       
{'loss': '0.6209', 'grad_norm': '0.2635', 'learning_rate': '4.192e-06', 'epoch': '9.552'}

 60%|█████▉    | 1194/2000 [2:58:59<1:55:57,  8.63s/it]
 60%|█████▉    | 1195/2000 [2:59:09<2:00:56,  9.01s/it]
                                                       
{'loss': '0.648', 'grad_norm': '0.3324', 'learning_rate': '4.183e-06', 'epoch': '9.56'}

 60%|█████▉    | 1195/2000 [2:59:09<2:00:56,  9.01s/it]
 60%|█████▉    | 1196/2000 [2:59:18<2:01:03,  9.03s/it]
                                                       
{'loss': '0.7252', 'grad_norm': '0.5461', 'learning_rate': '4.175e-06', 'epoch': '9.568'}

 60%|█████▉    | 1196/2000 [2:59:18<2:01:03,  9.03s/it]
 60%|█████▉    | 1197/2000 [2:59:26<1:57:19,  8.77s/it]
                                                       
{'loss': '0.704', 'grad_norm': '0.563', 'learning_rate': '4.166e-06', 'epoch': '9.576'}

 60%|█████▉    | 1197/2000 [2:59:27<1:57:19,  8.77s/it]
 60%|█████▉    | 1198/2000 [2:59:35<1:57:03,  8.76s/it]
                                                       
{'loss': '0.5965', 'grad_norm': '0.5454', 'learning_rate': '4.158e-06', 'epoch': '9.584'}

 60%|█████▉    | 1198/2000 [2:59:35<1:57:03,  8.76s/it]
 60%|█████▉    | 1199/2000 [2:59:44<1:57:11,  8.78s/it]
                                                       
{'loss': '0.6679', 'grad_norm': '0.3573', 'learning_rate': '4.149e-06', 'epoch': '9.592'}

 60%|█████▉    | 1199/2000 [2:59:44<1:57:11,  8.78s/it]
 60%|██████    | 1200/2000 [2:59:52<1:56:39,  8.75s/it]
                                                       
{'loss': '0.6345', 'grad_norm': '0.2879', 'learning_rate': '4.14e-06', 'epoch': '9.6'}

 60%|██████    | 1200/2000 [2:59:53<1:56:39,  8.75s/it]
 60%|██████    | 1201/2000 [3:00:01<1:56:36,  8.76s/it]
                                                       
{'loss': '0.759', 'grad_norm': '0.489', 'learning_rate': '4.132e-06', 'epoch': '9.608'}

 60%|██████    | 1201/2000 [3:00:01<1:56:36,  8.76s/it]
 60%|██████    | 1202/2000 [3:00:10<1:56:42,  8.78s/it]
                                                       
{'loss': '0.865', 'grad_norm': '0.3211', 'learning_rate': '4.123e-06', 'epoch': '9.616'}

 60%|██████    | 1202/2000 [3:00:10<1:56:42,  8.78s/it]
 60%|██████    | 1203/2000 [3:00:20<1:59:22,  8.99s/it]
                                                       
{'loss': '0.8133', 'grad_norm': '0.4259', 'learning_rate': '4.115e-06', 'epoch': '9.624'}

 60%|██████    | 1203/2000 [3:00:20<1:59:22,  8.99s/it]
 60%|██████    | 1204/2000 [3:00:28<1:56:08,  8.75s/it]
                                                       
{'loss': '0.6917', 'grad_norm': '0.3586', 'learning_rate': '4.106e-06', 'epoch': '9.632'}

 60%|██████    | 1204/2000 [3:00:28<1:56:08,  8.75s/it]
 60%|██████    | 1205/2000 [3:00:37<1:58:31,  8.95s/it]
                                                       
{'loss': '0.6142', 'grad_norm': '0.5015', 'learning_rate': '4.097e-06', 'epoch': '9.64'}

 60%|██████    | 1205/2000 [3:00:37<1:58:31,  8.95s/it]
 60%|██████    | 1206/2000 [3:00:46<1:56:01,  8.77s/it]
                                                       
{'loss': '0.6421', 'grad_norm': '0.4455', 'learning_rate': '4.089e-06', 'epoch': '9.648'}

 60%|██████    | 1206/2000 [3:00:46<1:56:01,  8.77s/it]
 60%|██████    | 1207/2000 [3:00:54<1:54:33,  8.67s/it]
                                                       
{'loss': '0.7845', 'grad_norm': '0.4244', 'learning_rate': '4.08e-06', 'epoch': '9.656'}

 60%|██████    | 1207/2000 [3:00:54<1:54:33,  8.67s/it]
 60%|██████    | 1208/2000 [3:01:03<1:54:29,  8.67s/it]
                                                       
{'loss': '0.6523', 'grad_norm': '0.3154', 'learning_rate': '4.072e-06', 'epoch': '9.664'}

 60%|██████    | 1208/2000 [3:01:03<1:54:29,  8.67s/it]
 60%|██████    | 1209/2000 [3:01:12<1:57:02,  8.88s/it]
                                                       
{'loss': '0.7686', 'grad_norm': '0.3514', 'learning_rate': '4.063e-06', 'epoch': '9.672'}

 60%|██████    | 1209/2000 [3:01:12<1:57:02,  8.88s/it]
 60%|██████    | 1210/2000 [3:01:20<1:53:10,  8.60s/it]
                                                       
{'loss': '0.498', 'grad_norm': '0.3827', 'learning_rate': '4.055e-06', 'epoch': '9.68'}

 60%|██████    | 1210/2000 [3:01:20<1:53:10,  8.60s/it]
 61%|██████    | 1211/2000 [3:01:29<1:54:49,  8.73s/it]
                                                       
{'loss': '0.999', 'grad_norm': '0.1878', 'learning_rate': '4.046e-06', 'epoch': '9.688'}

 61%|██████    | 1211/2000 [3:01:29<1:54:49,  8.73s/it]
 61%|██████    | 1212/2000 [3:01:37<1:53:46,  8.66s/it]
                                                       
{'loss': '0.5692', 'grad_norm': '0.5328', 'learning_rate': '4.037e-06', 'epoch': '9.696'}

 61%|██████    | 1212/2000 [3:01:38<1:53:46,  8.66s/it]
 61%|██████    | 1213/2000 [3:01:47<1:55:18,  8.79s/it]
                                                       
{'loss': '0.6373', 'grad_norm': '0.3884', 'learning_rate': '4.029e-06', 'epoch': '9.704'}

 61%|██████    | 1213/2000 [3:01:47<1:55:18,  8.79s/it]
 61%|██████    | 1214/2000 [3:01:54<1:51:32,  8.51s/it]
                                                       
{'loss': '0.7153', 'grad_norm': '0.2918', 'learning_rate': '4.02e-06', 'epoch': '9.712'}

 61%|██████    | 1214/2000 [3:01:55<1:51:32,  8.51s/it]
 61%|██████    | 1215/2000 [3:02:03<1:49:54,  8.40s/it]
                                                       
{'loss': '0.4502', 'grad_norm': '0.5155', 'learning_rate': '4.012e-06', 'epoch': '9.72'}

 61%|██████    | 1215/2000 [3:02:03<1:49:54,  8.40s/it]
 61%|██████    | 1216/2000 [3:02:11<1:50:48,  8.48s/it]
                                                       
{'loss': '0.5233', 'grad_norm': '0.178', 'learning_rate': '4.003e-06', 'epoch': '9.728'}

 61%|██████    | 1216/2000 [3:02:11<1:50:48,  8.48s/it]
 61%|██████    | 1217/2000 [3:02:19<1:49:34,  8.40s/it]
                                                       
{'loss': '0.6851', 'grad_norm': '0.3105', 'learning_rate': '3.995e-06', 'epoch': '9.736'}

 61%|██████    | 1217/2000 [3:02:20<1:49:34,  8.40s/it]
 61%|██████    | 1218/2000 [3:02:29<1:52:15,  8.61s/it]
                                                       
{'loss': '0.8549', 'grad_norm': '0.4444', 'learning_rate': '3.986e-06', 'epoch': '9.744'}

 61%|██████    | 1218/2000 [3:02:29<1:52:15,  8.61s/it]
 61%|██████    | 1219/2000 [3:02:38<1:54:06,  8.77s/it]
                                                       
{'loss': '0.5786', 'grad_norm': '0.3149', 'learning_rate': '3.978e-06', 'epoch': '9.752'}

 61%|██████    | 1219/2000 [3:02:38<1:54:06,  8.77s/it]
 61%|██████    | 1220/2000 [3:02:46<1:52:30,  8.65s/it]
                                                       
{'loss': '0.6786', 'grad_norm': '0.3738', 'learning_rate': '3.969e-06', 'epoch': '9.76'}

 61%|██████    | 1220/2000 [3:02:46<1:52:30,  8.65s/it]
 61%|██████    | 1221/2000 [3:02:55<1:53:51,  8.77s/it]
                                                       
{'loss': '0.5598', 'grad_norm': '0.2187', 'learning_rate': '3.96e-06', 'epoch': '9.768'}

 61%|██████    | 1221/2000 [3:02:55<1:53:51,  8.77s/it]
 61%|██████    | 1222/2000 [3:03:04<1:52:25,  8.67s/it]
                                                       
{'loss': '0.7755', 'grad_norm': '0.4291', 'learning_rate': '3.952e-06', 'epoch': '9.776'}

 61%|██████    | 1222/2000 [3:03:04<1:52:25,  8.67s/it]
 61%|██████    | 1223/2000 [3:03:12<1:52:10,  8.66s/it]
                                                       
{'loss': '0.7166', 'grad_norm': '0.4031', 'learning_rate': '3.943e-06', 'epoch': '9.784'}

 61%|██████    | 1223/2000 [3:03:12<1:52:10,  8.66s/it]
 61%|██████    | 1224/2000 [3:03:21<1:53:07,  8.75s/it]
                                                       
{'loss': '0.5515', 'grad_norm': '0.4385', 'learning_rate': '3.935e-06', 'epoch': '9.792'}

 61%|██████    | 1224/2000 [3:03:21<1:53:07,  8.75s/it]
 61%|██████▏   | 1225/2000 [3:03:30<1:52:12,  8.69s/it]
                                                       
{'loss': '0.528', 'grad_norm': '0.1506', 'learning_rate': '3.926e-06', 'epoch': '9.8'}

 61%|██████▏   | 1225/2000 [3:03:30<1:52:12,  8.69s/it]
 61%|██████▏   | 1226/2000 [3:03:39<1:53:31,  8.80s/it]
                                                       
{'loss': '0.7043', 'grad_norm': '0.3998', 'learning_rate': '3.918e-06', 'epoch': '9.808'}

 61%|██████▏   | 1226/2000 [3:03:39<1:53:31,  8.80s/it]
 61%|██████▏   | 1227/2000 [3:03:47<1:51:25,  8.65s/it]
                                                       
{'loss': '0.7368', 'grad_norm': '0.3586', 'learning_rate': '3.909e-06', 'epoch': '9.816'}

 61%|██████▏   | 1227/2000 [3:03:47<1:51:25,  8.65s/it]
 61%|██████▏   | 1228/2000 [3:03:56<1:51:27,  8.66s/it]
                                                       
{'loss': '0.693', 'grad_norm': '0.3337', 'learning_rate': '3.901e-06', 'epoch': '9.824'}

 61%|██████▏   | 1228/2000 [3:03:56<1:51:27,  8.66s/it]
 61%|██████▏   | 1229/2000 [3:04:04<1:51:13,  8.66s/it]
                                                       
{'loss': '0.6569', 'grad_norm': '0.4016', 'learning_rate': '3.892e-06', 'epoch': '9.832'}

 61%|██████▏   | 1229/2000 [3:04:04<1:51:13,  8.66s/it]
 62%|██████▏   | 1230/2000 [3:04:13<1:49:52,  8.56s/it]
                                                       
{'loss': '0.8117', 'grad_norm': '0.4842', 'learning_rate': '3.884e-06', 'epoch': '9.84'}

 62%|██████▏   | 1230/2000 [3:04:13<1:49:52,  8.56s/it]
 62%|██████▏   | 1231/2000 [3:04:21<1:49:55,  8.58s/it]
                                                       
{'loss': '0.6462', 'grad_norm': '0.4013', 'learning_rate': '3.875e-06', 'epoch': '9.848'}

 62%|██████▏   | 1231/2000 [3:04:21<1:49:55,  8.58s/it]
 62%|██████▏   | 1232/2000 [3:04:30<1:50:28,  8.63s/it]
                                                       
{'loss': '0.5755', 'grad_norm': '0.3726', 'learning_rate': '3.867e-06', 'epoch': '9.856'}

 62%|██████▏   | 1232/2000 [3:04:30<1:50:28,  8.63s/it]
 62%|██████▏   | 1233/2000 [3:04:40<1:54:53,  8.99s/it]
                                                       
{'loss': '0.5781', 'grad_norm': '0.2778', 'learning_rate': '3.858e-06', 'epoch': '9.864'}

 62%|██████▏   | 1233/2000 [3:04:40<1:54:53,  8.99s/it]
 62%|██████▏   | 1234/2000 [3:04:48<1:50:50,  8.68s/it]
                                                       
{'loss': '0.7715', 'grad_norm': '0.4233', 'learning_rate': '3.85e-06', 'epoch': '9.872'}

 62%|██████▏   | 1234/2000 [3:04:48<1:50:50,  8.68s/it]
 62%|██████▏   | 1235/2000 [3:04:57<1:51:57,  8.78s/it]
                                                       
{'loss': '0.6312', 'grad_norm': '0.3292', 'learning_rate': '3.841e-06', 'epoch': '9.88'}

 62%|██████▏   | 1235/2000 [3:04:57<1:51:57,  8.78s/it]
 62%|██████▏   | 1236/2000 [3:05:06<1:54:03,  8.96s/it]
                                                       
{'loss': '0.8181', 'grad_norm': '0.4467', 'learning_rate': '3.833e-06', 'epoch': '9.888'}

 62%|██████▏   | 1236/2000 [3:05:06<1:54:03,  8.96s/it]
 62%|██████▏   | 1237/2000 [3:05:14<1:49:00,  8.57s/it]
                                                       
{'loss': '0.6582', 'grad_norm': '0.3698', 'learning_rate': '3.824e-06', 'epoch': '9.896'}

 62%|██████▏   | 1237/2000 [3:05:14<1:49:00,  8.57s/it]
 62%|██████▏   | 1238/2000 [3:05:23<1:50:58,  8.74s/it]
                                                       
{'loss': '0.7078', 'grad_norm': '0.4055', 'learning_rate': '3.816e-06', 'epoch': '9.904'}

 62%|██████▏   | 1238/2000 [3:05:23<1:50:58,  8.74s/it]
 62%|██████▏   | 1239/2000 [3:05:32<1:52:04,  8.84s/it]
                                                       
{'loss': '0.6079', 'grad_norm': '0.5488', 'learning_rate': '3.807e-06', 'epoch': '9.912'}

 62%|██████▏   | 1239/2000 [3:05:32<1:52:04,  8.84s/it]
 62%|██████▏   | 1240/2000 [3:05:41<1:50:17,  8.71s/it]
                                                       
{'loss': '0.6687', 'grad_norm': '0.654', 'learning_rate': '3.799e-06', 'epoch': '9.92'}

 62%|██████▏   | 1240/2000 [3:05:41<1:50:17,  8.71s/it]
 62%|██████▏   | 1241/2000 [3:05:50<1:52:04,  8.86s/it]
                                                       
{'loss': '0.7078', 'grad_norm': '0.3425', 'learning_rate': '3.79e-06', 'epoch': '9.928'}

 62%|██████▏   | 1241/2000 [3:05:50<1:52:04,  8.86s/it]
 62%|██████▏   | 1242/2000 [3:05:59<1:51:38,  8.84s/it]
                                                       
{'loss': '0.8516', 'grad_norm': '0.4281', 'learning_rate': '3.782e-06', 'epoch': '9.936'}

 62%|██████▏   | 1242/2000 [3:05:59<1:51:38,  8.84s/it]
 62%|██████▏   | 1243/2000 [3:06:08<1:52:26,  8.91s/it]
                                                       
{'loss': '0.9656', 'grad_norm': '0.4822', 'learning_rate': '3.773e-06', 'epoch': '9.944'}

 62%|██████▏   | 1243/2000 [3:06:08<1:52:26,  8.91s/it]
 62%|██████▏   | 1244/2000 [3:06:17<1:54:34,  9.09s/it]
                                                       
{'loss': '0.7854', 'grad_norm': '0.2847', 'learning_rate': '3.765e-06', 'epoch': '9.952'}

 62%|██████▏   | 1244/2000 [3:06:17<1:54:34,  9.09s/it]
 62%|██████▏   | 1245/2000 [3:06:26<1:52:10,  8.92s/it]
                                                       
{'loss': '0.5599', 'grad_norm': '0.364', 'learning_rate': '3.757e-06', 'epoch': '9.96'}

 62%|██████▏   | 1245/2000 [3:06:26<1:52:10,  8.92s/it]
 62%|██████▏   | 1246/2000 [3:06:34<1:49:59,  8.75s/it]
                                                       
{'loss': '0.7419', 'grad_norm': '0.3695', 'learning_rate': '3.748e-06', 'epoch': '9.968'}

 62%|██████▏   | 1246/2000 [3:06:34<1:49:59,  8.75s/it]
 62%|██████▏   | 1247/2000 [3:06:43<1:49:39,  8.74s/it]
                                                       
{'loss': '0.7241', 'grad_norm': '0.5371', 'learning_rate': '3.74e-06', 'epoch': '9.976'}

 62%|██████▏   | 1247/2000 [3:06:43<1:49:39,  8.74s/it]
 62%|██████▏   | 1248/2000 [3:06:52<1:51:39,  8.91s/it]
                                                       
{'loss': '1.07', 'grad_norm': '0.3404', 'learning_rate': '3.731e-06', 'epoch': '9.984'}

 62%|██████▏   | 1248/2000 [3:06:52<1:51:39,  8.91s/it]
 62%|██████▏   | 1249/2000 [3:07:01<1:50:16,  8.81s/it]
                                                       
{'loss': '0.5706', 'grad_norm': '0.4293', 'learning_rate': '3.723e-06', 'epoch': '9.992'}

 62%|██████▏   | 1249/2000 [3:07:01<1:50:16,  8.81s/it]
 62%|██████▎   | 1250/2000 [3:07:09<1:49:52,  8.79s/it]
                                                       
{'loss': '0.6677', 'grad_norm': '0.3667', 'learning_rate': '3.714e-06', 'epoch': '10'}

 62%|██████▎   | 1250/2000 [3:07:09<1:49:52,  8.79s/it]
 63%|██████▎   | 1251/2000 [3:07:18<1:51:01,  8.89s/it]
                                                       
{'loss': '0.5877', 'grad_norm': '0.3928', 'learning_rate': '3.706e-06', 'epoch': '10.01'}

 63%|██████▎   | 1251/2000 [3:07:18<1:51:01,  8.89s/it]
 63%|██████▎   | 1252/2000 [3:07:27<1:51:17,  8.93s/it]
                                                       
{'loss': '0.8145', 'grad_norm': '0.4456', 'learning_rate': '3.697e-06', 'epoch': '10.02'}

 63%|██████▎   | 1252/2000 [3:07:27<1:51:17,  8.93s/it]
 63%|██████▎   | 1253/2000 [3:07:36<1:51:02,  8.92s/it]
                                                       
{'loss': '0.9799', 'grad_norm': '0.4132', 'learning_rate': '3.689e-06', 'epoch': '10.02'}

 63%|██████▎   | 1253/2000 [3:07:36<1:51:02,  8.92s/it]
 63%|██████▎   | 1254/2000 [3:07:45<1:50:32,  8.89s/it]
                                                       
{'loss': '0.8831', 'grad_norm': '0.3352', 'learning_rate': '3.681e-06', 'epoch': '10.03'}

 63%|██████▎   | 1254/2000 [3:07:45<1:50:32,  8.89s/it]
 63%|██████▎   | 1255/2000 [3:07:53<1:47:05,  8.62s/it]
                                                       
{'loss': '0.5215', 'grad_norm': '0.436', 'learning_rate': '3.672e-06', 'epoch': '10.04'}

 63%|██████▎   | 1255/2000 [3:07:53<1:47:05,  8.62s/it]
 63%|██████▎   | 1256/2000 [3:08:02<1:45:54,  8.54s/it]
                                                       
{'loss': '0.6032', 'grad_norm': '0.5036', 'learning_rate': '3.664e-06', 'epoch': '10.05'}

 63%|██████▎   | 1256/2000 [3:08:02<1:45:54,  8.54s/it]
 63%|██████▎   | 1257/2000 [3:08:10<1:46:44,  8.62s/it]
                                                       
{'loss': '0.7881', 'grad_norm': '0.3089', 'learning_rate': '3.655e-06', 'epoch': '10.06'}

 63%|██████▎   | 1257/2000 [3:08:10<1:46:44,  8.62s/it]
 63%|██████▎   | 1258/2000 [3:08:19<1:44:56,  8.49s/it]
                                                       
{'loss': '0.7712', 'grad_norm': '0.4105', 'learning_rate': '3.647e-06', 'epoch': '10.06'}

 63%|██████▎   | 1258/2000 [3:08:19<1:44:56,  8.49s/it]
 63%|██████▎   | 1259/2000 [3:08:28<1:47:42,  8.72s/it]
                                                       
{'loss': '0.4898', 'grad_norm': '0.4544', 'learning_rate': '3.639e-06', 'epoch': '10.07'}

 63%|██████▎   | 1259/2000 [3:08:28<1:47:42,  8.72s/it]
 63%|██████▎   | 1260/2000 [3:08:35<1:43:33,  8.40s/it]
                                                       
{'loss': '0.5527', 'grad_norm': '0.4503', 'learning_rate': '3.63e-06', 'epoch': '10.08'}

 63%|██████▎   | 1260/2000 [3:08:35<1:43:33,  8.40s/it]
 63%|██████▎   | 1261/2000 [3:08:44<1:45:43,  8.58s/it]
                                                       
{'loss': '1.019', 'grad_norm': '0.3089', 'learning_rate': '3.622e-06', 'epoch': '10.09'}

 63%|██████▎   | 1261/2000 [3:08:45<1:45:43,  8.58s/it]
 63%|██████▎   | 1262/2000 [3:08:53<1:45:48,  8.60s/it]
                                                       
{'loss': '0.5589', 'grad_norm': '0.3901', 'learning_rate': '3.613e-06', 'epoch': '10.1'}

 63%|██████▎   | 1262/2000 [3:08:53<1:45:48,  8.60s/it]
 63%|██████▎   | 1263/2000 [3:09:02<1:46:36,  8.68s/it]
                                                       
{'loss': '0.6767', 'grad_norm': '0.3698', 'learning_rate': '3.605e-06', 'epoch': '10.1'}

 63%|██████▎   | 1263/2000 [3:09:02<1:46:36,  8.68s/it]
 63%|██████▎   | 1264/2000 [3:09:11<1:48:06,  8.81s/it]
                                                       
{'loss': '0.6228', 'grad_norm': '0.3385', 'learning_rate': '3.597e-06', 'epoch': '10.11'}

 63%|██████▎   | 1264/2000 [3:09:11<1:48:06,  8.81s/it]
 63%|██████▎   | 1265/2000 [3:09:20<1:49:17,  8.92s/it]
                                                       
{'loss': '0.6667', 'grad_norm': '0.3868', 'learning_rate': '3.588e-06', 'epoch': '10.12'}

 63%|██████▎   | 1265/2000 [3:09:20<1:49:17,  8.92s/it]
 63%|██████▎   | 1266/2000 [3:09:30<1:50:28,  9.03s/it]
                                                       
{'loss': '0.4768', 'grad_norm': '0.2403', 'learning_rate': '3.58e-06', 'epoch': '10.13'}

 63%|██████▎   | 1266/2000 [3:09:30<1:50:28,  9.03s/it]
 63%|██████▎   | 1267/2000 [3:09:39<1:51:16,  9.11s/it]
                                                       
{'loss': '0.8154', 'grad_norm': '0.2473', 'learning_rate': '3.572e-06', 'epoch': '10.14'}

 63%|██████▎   | 1267/2000 [3:09:39<1:51:16,  9.11s/it]
 63%|██████▎   | 1268/2000 [3:09:47<1:48:27,  8.89s/it]
                                                       
{'loss': '0.6357', 'grad_norm': '0.3581', 'learning_rate': '3.563e-06', 'epoch': '10.14'}

 63%|██████▎   | 1268/2000 [3:09:47<1:48:27,  8.89s/it]
 63%|██████▎   | 1269/2000 [3:09:56<1:47:41,  8.84s/it]
                                                       
{'loss': '0.9456', 'grad_norm': '0.339', 'learning_rate': '3.555e-06', 'epoch': '10.15'}

 63%|██████▎   | 1269/2000 [3:09:56<1:47:41,  8.84s/it]
 64%|██████▎   | 1270/2000 [3:10:05<1:48:30,  8.92s/it]
                                                       
{'loss': '0.8262', 'grad_norm': '0.1828', 'learning_rate': '3.546e-06', 'epoch': '10.16'}

 64%|██████▎   | 1270/2000 [3:10:05<1:48:30,  8.92s/it]
 64%|██████▎   | 1271/2000 [3:10:13<1:46:34,  8.77s/it]
                                                       
{'loss': '0.6014', 'grad_norm': '0.4262', 'learning_rate': '3.538e-06', 'epoch': '10.17'}

 64%|██████▎   | 1271/2000 [3:10:13<1:46:34,  8.77s/it]
 64%|██████▎   | 1272/2000 [3:10:23<1:48:59,  8.98s/it]
                                                       
{'loss': '0.471', 'grad_norm': '0.4287', 'learning_rate': '3.53e-06', 'epoch': '10.18'}

 64%|██████▎   | 1272/2000 [3:10:23<1:48:59,  8.98s/it]
 64%|██████▎   | 1273/2000 [3:10:31<1:45:50,  8.73s/it]
                                                       
{'loss': '0.6246', 'grad_norm': '0.3833', 'learning_rate': '3.521e-06', 'epoch': '10.18'}

 64%|██████▎   | 1273/2000 [3:10:31<1:45:50,  8.73s/it]
 64%|██████▎   | 1274/2000 [3:10:40<1:46:20,  8.79s/it]
                                                       
{'loss': '0.5893', 'grad_norm': '0.2854', 'learning_rate': '3.513e-06', 'epoch': '10.19'}

 64%|██████▎   | 1274/2000 [3:10:40<1:46:20,  8.79s/it]
 64%|██████▍   | 1275/2000 [3:10:49<1:47:23,  8.89s/it]
                                                       
{'loss': '0.7759', 'grad_norm': '0.5558', 'learning_rate': '3.505e-06', 'epoch': '10.2'}

 64%|██████▍   | 1275/2000 [3:10:49<1:47:23,  8.89s/it]
 64%|██████▍   | 1276/2000 [3:10:58<1:45:59,  8.78s/it]
                                                       
{'loss': '0.8364', 'grad_norm': '0.4164', 'learning_rate': '3.496e-06', 'epoch': '10.21'}

 64%|██████▍   | 1276/2000 [3:10:58<1:45:59,  8.78s/it]
 64%|██████▍   | 1277/2000 [3:11:06<1:45:29,  8.75s/it]
                                                       
{'loss': '0.5153', 'grad_norm': '0.385', 'learning_rate': '3.488e-06', 'epoch': '10.22'}

 64%|██████▍   | 1277/2000 [3:11:06<1:45:29,  8.75s/it]
 64%|██████▍   | 1278/2000 [3:11:15<1:43:11,  8.58s/it]
                                                       
{'loss': '0.8748', 'grad_norm': '0.3256', 'learning_rate': '3.48e-06', 'epoch': '10.22'}

 64%|██████▍   | 1278/2000 [3:11:15<1:43:11,  8.58s/it]
 64%|██████▍   | 1279/2000 [3:11:23<1:42:48,  8.55s/it]
                                                       
{'loss': '0.5844', 'grad_norm': '0.3249', 'learning_rate': '3.472e-06', 'epoch': '10.23'}

 64%|██████▍   | 1279/2000 [3:11:23<1:42:48,  8.55s/it]
 64%|██████▍   | 1280/2000 [3:11:33<1:47:05,  8.92s/it]
                                                       
{'loss': '0.802', 'grad_norm': '0.2742', 'learning_rate': '3.463e-06', 'epoch': '10.24'}

 64%|██████▍   | 1280/2000 [3:11:33<1:47:05,  8.92s/it]
 64%|██████▍   | 1281/2000 [3:11:41<1:44:47,  8.74s/it]
                                                       
{'loss': '0.5963', 'grad_norm': '0.284', 'learning_rate': '3.455e-06', 'epoch': '10.25'}

 64%|██████▍   | 1281/2000 [3:11:41<1:44:47,  8.74s/it]
 64%|██████▍   | 1282/2000 [3:11:50<1:44:07,  8.70s/it]
                                                       
{'loss': '0.8774', 'grad_norm': '0.4499', 'learning_rate': '3.447e-06', 'epoch': '10.26'}

 64%|██████▍   | 1282/2000 [3:11:50<1:44:07,  8.70s/it]
 64%|██████▍   | 1283/2000 [3:11:59<1:46:03,  8.88s/it]
                                                       
{'loss': '0.6859', 'grad_norm': '0.3488', 'learning_rate': '3.438e-06', 'epoch': '10.26'}

 64%|██████▍   | 1283/2000 [3:11:59<1:46:03,  8.88s/it]
 64%|██████▍   | 1284/2000 [3:12:08<1:45:03,  8.80s/it]
                                                       
{'loss': '0.7212', 'grad_norm': '0.2636', 'learning_rate': '3.43e-06', 'epoch': '10.27'}

 64%|██████▍   | 1284/2000 [3:12:08<1:45:03,  8.80s/it]
 64%|██████▍   | 1285/2000 [3:12:17<1:45:09,  8.83s/it]
                                                       
{'loss': '0.5232', 'grad_norm': '0.4642', 'learning_rate': '3.422e-06', 'epoch': '10.28'}

 64%|██████▍   | 1285/2000 [3:12:17<1:45:09,  8.83s/it]
 64%|██████▍   | 1286/2000 [3:12:25<1:42:48,  8.64s/it]
                                                       
{'loss': '0.5283', 'grad_norm': '0.2583', 'learning_rate': '3.413e-06', 'epoch': '10.29'}

 64%|██████▍   | 1286/2000 [3:12:25<1:42:48,  8.64s/it]
 64%|██████▍   | 1287/2000 [3:12:34<1:43:06,  8.68s/it]
                                                       
{'loss': '0.6194', 'grad_norm': '0.4036', 'learning_rate': '3.405e-06', 'epoch': '10.3'}

 64%|██████▍   | 1287/2000 [3:12:34<1:43:06,  8.68s/it]
 64%|██████▍   | 1288/2000 [3:12:43<1:47:04,  9.02s/it]
                                                       
{'loss': '0.7426', 'grad_norm': '0.5939', 'learning_rate': '3.397e-06', 'epoch': '10.3'}

 64%|██████▍   | 1288/2000 [3:12:43<1:47:04,  9.02s/it]
 64%|██████▍   | 1289/2000 [3:12:51<1:43:48,  8.76s/it]
                                                       
{'loss': '0.5828', 'grad_norm': '0.3695', 'learning_rate': '3.389e-06', 'epoch': '10.31'}

 64%|██████▍   | 1289/2000 [3:12:52<1:43:48,  8.76s/it]
 64%|██████▍   | 1290/2000 [3:12:59<1:39:43,  8.43s/it]
                                                       
{'loss': '0.8618', 'grad_norm': '0.5641', 'learning_rate': '3.38e-06', 'epoch': '10.32'}

 64%|██████▍   | 1290/2000 [3:12:59<1:39:43,  8.43s/it]
 65%|██████▍   | 1291/2000 [3:13:09<1:43:12,  8.73s/it]
                                                       
{'loss': '0.8357', 'grad_norm': '0.3036', 'learning_rate': '3.372e-06', 'epoch': '10.33'}

 65%|██████▍   | 1291/2000 [3:13:09<1:43:12,  8.73s/it]
 65%|██████▍   | 1292/2000 [3:13:17<1:42:46,  8.71s/it]
                                                       
{'loss': '1.185', 'grad_norm': '0.4964', 'learning_rate': '3.364e-06', 'epoch': '10.34'}

 65%|██████▍   | 1292/2000 [3:13:17<1:42:46,  8.71s/it]
 65%|██████▍   | 1293/2000 [3:13:26<1:43:25,  8.78s/it]
                                                       
{'loss': '0.541', 'grad_norm': '0.3478', 'learning_rate': '3.356e-06', 'epoch': '10.34'}

 65%|██████▍   | 1293/2000 [3:13:26<1:43:25,  8.78s/it]
 65%|██████▍   | 1294/2000 [3:13:34<1:40:20,  8.53s/it]
                                                       
{'loss': '0.6152', 'grad_norm': '0.3515', 'learning_rate': '3.347e-06', 'epoch': '10.35'}

 65%|██████▍   | 1294/2000 [3:13:34<1:40:20,  8.53s/it]
 65%|██████▍   | 1295/2000 [3:13:43<1:41:45,  8.66s/it]
                                                       
{'loss': '0.973', 'grad_norm': '0.3678', 'learning_rate': '3.339e-06', 'epoch': '10.36'}

 65%|██████▍   | 1295/2000 [3:13:43<1:41:45,  8.66s/it]
 65%|██████▍   | 1296/2000 [3:13:52<1:44:09,  8.88s/it]
                                                       
{'loss': '0.4968', 'grad_norm': '0.3537', 'learning_rate': '3.331e-06', 'epoch': '10.37'}

 65%|██████▍   | 1296/2000 [3:13:53<1:44:09,  8.88s/it]
 65%|██████▍   | 1297/2000 [3:14:01<1:43:12,  8.81s/it]
                                                       
{'loss': '0.7878', 'grad_norm': '0.4261', 'learning_rate': '3.323e-06', 'epoch': '10.38'}

 65%|██████▍   | 1297/2000 [3:14:01<1:43:12,  8.81s/it]
 65%|██████▍   | 1298/2000 [3:14:10<1:43:41,  8.86s/it]
                                                       
{'loss': '0.4544', 'grad_norm': '0.4118', 'learning_rate': '3.315e-06', 'epoch': '10.38'}

 65%|██████▍   | 1298/2000 [3:14:10<1:43:41,  8.86s/it]
 65%|██████▍   | 1299/2000 [3:14:19<1:43:56,  8.90s/it]
                                                       
{'loss': '0.6926', 'grad_norm': '0.2873', 'learning_rate': '3.306e-06', 'epoch': '10.39'}

 65%|██████▍   | 1299/2000 [3:14:19<1:43:56,  8.90s/it]
 65%|██████▌   | 1300/2000 [3:14:28<1:42:40,  8.80s/it]
                                                       
{'loss': '0.6462', 'grad_norm': '0.2956', 'learning_rate': '3.298e-06', 'epoch': '10.4'}

 65%|██████▌   | 1300/2000 [3:14:28<1:42:40,  8.80s/it]
 65%|██████▌   | 1301/2000 [3:14:37<1:42:50,  8.83s/it]
                                                       
{'loss': '0.6201', 'grad_norm': '0.4447', 'learning_rate': '3.29e-06', 'epoch': '10.41'}

 65%|██████▌   | 1301/2000 [3:14:37<1:42:50,  8.83s/it]
 65%|██████▌   | 1302/2000 [3:14:45<1:41:27,  8.72s/it]
                                                       
{'loss': '0.5263', 'grad_norm': '0.3342', 'learning_rate': '3.282e-06', 'epoch': '10.42'}

 65%|██████▌   | 1302/2000 [3:14:45<1:41:27,  8.72s/it][WARNING] Please DO NOT tune args ['unit_flag', 'limit_auto_multi_buffer_of_local_buffer', 'set_workspace_multibuffer', 'enable_hivm_auto_cv_balance', 'tile_mix_vector_loop', 'tile_mix_cube_loop', 'num_warps', 'num_ctas', 'num_stages', 'num_buffers_warp_spec', 'num_consumer_groups', 'reg_dec_producer', 'reg_inc_consumer', 'force_simt_template', 'enable_linearize']!

 65%|██████▌   | 1303/2000 [3:14:56<1:49:16,  9.41s/it]
                                                       
{'loss': '0.3181', 'grad_norm': '0.3583', 'learning_rate': '3.274e-06', 'epoch': '10.42'}

 65%|██████▌   | 1303/2000 [3:14:56<1:49:16,  9.41s/it]
 65%|██████▌   | 1304/2000 [3:15:06<1:51:07,  9.58s/it]
                                                       
{'loss': '0.611', 'grad_norm': '0.2839', 'learning_rate': '3.265e-06', 'epoch': '10.43'}

 65%|██████▌   | 1304/2000 [3:15:06<1:51:07,  9.58s/it]
 65%|██████▌   | 1305/2000 [3:15:14<1:45:59,  9.15s/it]
                                                       
{'loss': '0.772', 'grad_norm': '0.3788', 'learning_rate': '3.257e-06', 'epoch': '10.44'}

 65%|██████▌   | 1305/2000 [3:15:14<1:45:59,  9.15s/it]
 65%|██████▌   | 1306/2000 [3:15:23<1:45:16,  9.10s/it]
                                                       
{'loss': '0.7161', 'grad_norm': '0.2966', 'learning_rate': '3.249e-06', 'epoch': '10.45'}

 65%|██████▌   | 1306/2000 [3:15:23<1:45:16,  9.10s/it]
 65%|██████▌   | 1307/2000 [3:15:32<1:45:26,  9.13s/it]
                                                       
{'loss': '0.7308', 'grad_norm': '0.3649', 'learning_rate': '3.241e-06', 'epoch': '10.46'}

 65%|██████▌   | 1307/2000 [3:15:32<1:45:26,  9.13s/it]
 65%|██████▌   | 1308/2000 [3:15:41<1:43:27,  8.97s/it]
                                                       
{'loss': '0.8578', 'grad_norm': '0.6834', 'learning_rate': '3.233e-06', 'epoch': '10.46'}

 65%|██████▌   | 1308/2000 [3:15:41<1:43:27,  8.97s/it]
 65%|██████▌   | 1309/2000 [3:15:50<1:42:17,  8.88s/it]
                                                       
{'loss': '0.4793', 'grad_norm': '0.477', 'learning_rate': '3.224e-06', 'epoch': '10.47'}

 65%|██████▌   | 1309/2000 [3:15:50<1:42:17,  8.88s/it]
 66%|██████▌   | 1310/2000 [3:15:58<1:40:51,  8.77s/it]
                                                       
{'loss': '0.7066', 'grad_norm': '0.4611', 'learning_rate': '3.216e-06', 'epoch': '10.48'}

 66%|██████▌   | 1310/2000 [3:15:58<1:40:51,  8.77s/it]
 66%|██████▌   | 1311/2000 [3:16:06<1:38:47,  8.60s/it]
                                                       
{'loss': '0.7017', 'grad_norm': '0.5491', 'learning_rate': '3.208e-06', 'epoch': '10.49'}

 66%|██████▌   | 1311/2000 [3:16:06<1:38:47,  8.60s/it]
 66%|██████▌   | 1312/2000 [3:16:15<1:39:41,  8.69s/it]
                                                       
{'loss': '0.7479', 'grad_norm': '0.6356', 'learning_rate': '3.2e-06', 'epoch': '10.5'}

 66%|██████▌   | 1312/2000 [3:16:15<1:39:41,  8.69s/it]
 66%|██████▌   | 1313/2000 [3:16:24<1:38:47,  8.63s/it]
                                                       
{'loss': '0.6575', 'grad_norm': '0.2445', 'learning_rate': '3.192e-06', 'epoch': '10.5'}

 66%|██████▌   | 1313/2000 [3:16:24<1:38:47,  8.63s/it]
 66%|██████▌   | 1314/2000 [3:16:32<1:37:31,  8.53s/it]
                                                       
{'loss': '0.7244', 'grad_norm': '0.5184', 'learning_rate': '3.184e-06', 'epoch': '10.51'}

 66%|██████▌   | 1314/2000 [3:16:32<1:37:31,  8.53s/it]
 66%|██████▌   | 1315/2000 [3:16:42<1:40:43,  8.82s/it]
                                                       
{'loss': '0.9567', 'grad_norm': '0.3482', 'learning_rate': '3.176e-06', 'epoch': '10.52'}

 66%|██████▌   | 1315/2000 [3:16:42<1:40:43,  8.82s/it]
 66%|██████▌   | 1316/2000 [3:16:50<1:38:40,  8.66s/it]
                                                       
{'loss': '0.7714', 'grad_norm': '0.3741', 'learning_rate': '3.167e-06', 'epoch': '10.53'}

 66%|██████▌   | 1316/2000 [3:16:50<1:38:40,  8.66s/it]
 66%|██████▌   | 1317/2000 [3:16:58<1:37:16,  8.55s/it]
                                                       
{'loss': '0.5786', 'grad_norm': '0.4312', 'learning_rate': '3.159e-06', 'epoch': '10.54'}

 66%|██████▌   | 1317/2000 [3:16:58<1:37:16,  8.55s/it]
 66%|██████▌   | 1318/2000 [3:17:07<1:37:56,  8.62s/it]
                                                       
{'loss': '0.8654', 'grad_norm': '0.4061', 'learning_rate': '3.151e-06', 'epoch': '10.54'}

 66%|██████▌   | 1318/2000 [3:17:07<1:37:56,  8.62s/it]
 66%|██████▌   | 1319/2000 [3:17:15<1:36:18,  8.49s/it]
                                                       
{'loss': '0.4756', 'grad_norm': '0.4205', 'learning_rate': '3.143e-06', 'epoch': '10.55'}

 66%|██████▌   | 1319/2000 [3:17:15<1:36:18,  8.49s/it]
 66%|██████▌   | 1320/2000 [3:17:24<1:36:13,  8.49s/it]
                                                       
{'loss': '0.8647', 'grad_norm': '0.3408', 'learning_rate': '3.135e-06', 'epoch': '10.56'}

 66%|██████▌   | 1320/2000 [3:17:24<1:36:13,  8.49s/it]
 66%|██████▌   | 1321/2000 [3:17:32<1:35:51,  8.47s/it]
                                                       
{'loss': '0.7212', 'grad_norm': '0.4119', 'learning_rate': '3.127e-06', 'epoch': '10.57'}

 66%|██████▌   | 1321/2000 [3:17:32<1:35:51,  8.47s/it]
 66%|██████▌   | 1322/2000 [3:17:41<1:37:16,  8.61s/it]
                                                       
{'loss': '0.6699', 'grad_norm': '0.2436', 'learning_rate': '3.119e-06', 'epoch': '10.58'}

 66%|██████▌   | 1322/2000 [3:17:41<1:37:16,  8.61s/it]
 66%|██████▌   | 1323/2000 [3:17:49<1:34:23,  8.37s/it]
                                                       
{'loss': '0.5298', 'grad_norm': '0.5413', 'learning_rate': '3.111e-06', 'epoch': '10.58'}

 66%|██████▌   | 1323/2000 [3:17:49<1:34:23,  8.37s/it]
 66%|██████▌   | 1324/2000 [3:17:58<1:37:07,  8.62s/it]
                                                       
{'loss': '0.8456', 'grad_norm': '0.4695', 'learning_rate': '3.103e-06', 'epoch': '10.59'}

 66%|██████▌   | 1324/2000 [3:17:58<1:37:07,  8.62s/it]
 66%|██████▋   | 1325/2000 [3:18:07<1:36:54,  8.61s/it]
                                                       
{'loss': '0.8374', 'grad_norm': '0.4577', 'learning_rate': '3.095e-06', 'epoch': '10.6'}

 66%|██████▋   | 1325/2000 [3:18:07<1:36:54,  8.61s/it]
 66%|██████▋   | 1326/2000 [3:18:15<1:36:22,  8.58s/it]
                                                       
{'loss': '0.4832', 'grad_norm': '0.3107', 'learning_rate': '3.087e-06', 'epoch': '10.61'}

 66%|██████▋   | 1326/2000 [3:18:15<1:36:22,  8.58s/it]
 66%|██████▋   | 1327/2000 [3:18:24<1:36:44,  8.62s/it]
                                                       
{'loss': '0.6164', 'grad_norm': '0.3575', 'learning_rate': '3.079e-06', 'epoch': '10.62'}

 66%|██████▋   | 1327/2000 [3:18:24<1:36:44,  8.62s/it]
 66%|██████▋   | 1328/2000 [3:18:32<1:35:27,  8.52s/it]
                                                       
{'loss': '0.6621', 'grad_norm': '0.2675', 'learning_rate': '3.07e-06', 'epoch': '10.62'}

 66%|██████▋   | 1328/2000 [3:18:32<1:35:27,  8.52s/it]
 66%|██████▋   | 1329/2000 [3:18:41<1:38:20,  8.79s/it]
                                                       
{'loss': '0.5576', 'grad_norm': '0.2293', 'learning_rate': '3.062e-06', 'epoch': '10.63'}

 66%|██████▋   | 1329/2000 [3:18:41<1:38:20,  8.79s/it]
 66%|██████▋   | 1330/2000 [3:18:50<1:36:21,  8.63s/it]
                                                       
{'loss': '0.3639', 'grad_norm': '0.3553', 'learning_rate': '3.054e-06', 'epoch': '10.64'}

 66%|██████▋   | 1330/2000 [3:18:50<1:36:21,  8.63s/it]
 67%|██████▋   | 1331/2000 [3:18:59<1:37:12,  8.72s/it]
                                                       
{'loss': '0.625', 'grad_norm': '0.3929', 'learning_rate': '3.046e-06', 'epoch': '10.65'}

 67%|██████▋   | 1331/2000 [3:18:59<1:37:12,  8.72s/it]
 67%|██████▋   | 1332/2000 [3:19:09<1:40:56,  9.07s/it]
                                                       
{'loss': '0.6877', 'grad_norm': '0.4213', 'learning_rate': '3.038e-06', 'epoch': '10.66'}

 67%|██████▋   | 1332/2000 [3:19:09<1:40:56,  9.07s/it]
 67%|██████▋   | 1333/2000 [3:19:16<1:35:05,  8.55s/it]
                                                       
{'loss': '0.5568', 'grad_norm': '0.6052', 'learning_rate': '3.03e-06', 'epoch': '10.66'}

 67%|██████▋   | 1333/2000 [3:19:16<1:35:05,  8.55s/it]
 67%|██████▋   | 1334/2000 [3:19:25<1:36:55,  8.73s/it]
                                                       
{'loss': '0.9258', 'grad_norm': '0.506', 'learning_rate': '3.022e-06', 'epoch': '10.67'}

 67%|██████▋   | 1334/2000 [3:19:25<1:36:55,  8.73s/it]
 67%|██████▋   | 1335/2000 [3:19:34<1:38:15,  8.86s/it]
                                                       
{'loss': '0.9102', 'grad_norm': '0.3921', 'learning_rate': '3.014e-06', 'epoch': '10.68'}

 67%|██████▋   | 1335/2000 [3:19:34<1:38:15,  8.86s/it]
 67%|██████▋   | 1336/2000 [3:19:43<1:36:38,  8.73s/it]
                                                       
{'loss': '0.9106', 'grad_norm': '0.2772', 'learning_rate': '3.006e-06', 'epoch': '10.69'}

 67%|██████▋   | 1336/2000 [3:19:43<1:36:38,  8.73s/it]
 67%|██████▋   | 1337/2000 [3:19:52<1:37:42,  8.84s/it]
                                                       
{'loss': '0.6392', 'grad_norm': '0.2627', 'learning_rate': '2.998e-06', 'epoch': '10.7'}

 67%|██████▋   | 1337/2000 [3:19:52<1:37:42,  8.84s/it]
 67%|██████▋   | 1338/2000 [3:20:00<1:36:09,  8.71s/it]
                                                       
{'loss': '1.03', 'grad_norm': '0.4067', 'learning_rate': '2.99e-06', 'epoch': '10.7'}

 67%|██████▋   | 1338/2000 [3:20:00<1:36:09,  8.71s/it]
 67%|██████▋   | 1339/2000 [3:20:09<1:35:39,  8.68s/it]
                                                       
{'loss': '0.8909', 'grad_norm': '0.3222', 'learning_rate': '2.982e-06', 'epoch': '10.71'}

 67%|██████▋   | 1339/2000 [3:20:09<1:35:39,  8.68s/it]
 67%|██████▋   | 1340/2000 [3:20:18<1:36:21,  8.76s/it]
                                                       
{'loss': '0.7501', 'grad_norm': '0.3612', 'learning_rate': '2.974e-06', 'epoch': '10.72'}

 67%|██████▋   | 1340/2000 [3:20:18<1:36:21,  8.76s/it]
 67%|██████▋   | 1341/2000 [3:20:26<1:34:18,  8.59s/it]
                                                       
{'loss': '0.5359', 'grad_norm': '0.3066', 'learning_rate': '2.966e-06', 'epoch': '10.73'}

 67%|██████▋   | 1341/2000 [3:20:26<1:34:18,  8.59s/it]
 67%|██████▋   | 1342/2000 [3:20:34<1:32:38,  8.45s/it]
                                                       
{'loss': '0.7819', 'grad_norm': '0.399', 'learning_rate': '2.958e-06', 'epoch': '10.74'}

 67%|██████▋   | 1342/2000 [3:20:34<1:32:38,  8.45s/it]
 67%|██████▋   | 1343/2000 [3:20:43<1:35:23,  8.71s/it]
                                                       
{'loss': '0.6557', 'grad_norm': '0.2562', 'learning_rate': '2.95e-06', 'epoch': '10.74'}

 67%|██████▋   | 1343/2000 [3:20:43<1:35:23,  8.71s/it]
 67%|██████▋   | 1344/2000 [3:20:52<1:36:14,  8.80s/it]
                                                       
{'loss': '0.8382', 'grad_norm': '0.3258', 'learning_rate': '2.942e-06', 'epoch': '10.75'}

 67%|██████▋   | 1344/2000 [3:20:52<1:36:14,  8.80s/it]
 67%|██████▋   | 1345/2000 [3:21:01<1:35:30,  8.75s/it]
                                                       
{'loss': '0.7005', 'grad_norm': '0.3141', 'learning_rate': '2.934e-06', 'epoch': '10.76'}

 67%|██████▋   | 1345/2000 [3:21:01<1:35:30,  8.75s/it]
 67%|██████▋   | 1346/2000 [3:21:09<1:33:10,  8.55s/it]
                                                       
{'loss': '0.5967', 'grad_norm': '0.5221', 'learning_rate': '2.927e-06', 'epoch': '10.77'}

 67%|██████▋   | 1346/2000 [3:21:09<1:33:10,  8.55s/it]
 67%|██████▋   | 1347/2000 [3:21:17<1:32:14,  8.48s/it]
                                                       
{'loss': '0.5043', 'grad_norm': '0.4306', 'learning_rate': '2.919e-06', 'epoch': '10.78'}

 67%|██████▋   | 1347/2000 [3:21:17<1:32:14,  8.48s/it]
 67%|██████▋   | 1348/2000 [3:21:27<1:34:25,  8.69s/it]
                                                       
{'loss': '0.6163', 'grad_norm': '0.2308', 'learning_rate': '2.911e-06', 'epoch': '10.78'}

 67%|██████▋   | 1348/2000 [3:21:27<1:34:25,  8.69s/it]
 67%|██████▋   | 1349/2000 [3:21:35<1:33:09,  8.59s/it]
                                                       
{'loss': '0.9043', 'grad_norm': '0.3169', 'learning_rate': '2.903e-06', 'epoch': '10.79'}

 67%|██████▋   | 1349/2000 [3:21:35<1:33:09,  8.59s/it]
 68%|██████▊   | 1350/2000 [3:21:44<1:34:39,  8.74s/it]
                                                       
{'loss': '0.6712', 'grad_norm': '0.348', 'learning_rate': '2.895e-06', 'epoch': '10.8'}

 68%|██████▊   | 1350/2000 [3:21:44<1:34:39,  8.74s/it]
 68%|██████▊   | 1351/2000 [3:21:53<1:34:18,  8.72s/it]
                                                       
{'loss': '0.7937', 'grad_norm': '0.4129', 'learning_rate': '2.887e-06', 'epoch': '10.81'}

 68%|██████▊   | 1351/2000 [3:21:53<1:34:18,  8.72s/it]
 68%|██████▊   | 1352/2000 [3:22:02<1:34:58,  8.79s/it]
                                                       
{'loss': '0.5828', 'grad_norm': '0.2885', 'learning_rate': '2.879e-06', 'epoch': '10.82'}

 68%|██████▊   | 1352/2000 [3:22:02<1:34:58,  8.79s/it]
 68%|██████▊   | 1353/2000 [3:22:11<1:36:10,  8.92s/it]
                                                       
{'loss': '0.7197', 'grad_norm': '0.2785', 'learning_rate': '2.871e-06', 'epoch': '10.82'}

 68%|██████▊   | 1353/2000 [3:22:11<1:36:10,  8.92s/it]
 68%|██████▊   | 1354/2000 [3:22:19<1:34:56,  8.82s/it]
                                                       
{'loss': '0.9839', 'grad_norm': '0.5724', 'learning_rate': '2.863e-06', 'epoch': '10.83'}

 68%|██████▊   | 1354/2000 [3:22:19<1:34:56,  8.82s/it]
 68%|██████▊   | 1355/2000 [3:22:28<1:33:11,  8.67s/it]
                                                       
{'loss': '0.8661', 'grad_norm': '0.468', 'learning_rate': '2.855e-06', 'epoch': '10.84'}

 68%|██████▊   | 1355/2000 [3:22:28<1:33:11,  8.67s/it]
 68%|██████▊   | 1356/2000 [3:22:36<1:32:28,  8.62s/it]
                                                       
{'loss': '0.5592', 'grad_norm': '0.334', 'learning_rate': '2.847e-06', 'epoch': '10.85'}

 68%|██████▊   | 1356/2000 [3:22:36<1:32:28,  8.62s/it]
 68%|██████▊   | 1357/2000 [3:22:45<1:33:50,  8.76s/it]
                                                       
{'loss': '0.7466', 'grad_norm': '0.4143', 'learning_rate': '2.84e-06', 'epoch': '10.86'}

 68%|██████▊   | 1357/2000 [3:22:45<1:33:50,  8.76s/it]
 68%|██████▊   | 1358/2000 [3:22:54<1:32:28,  8.64s/it]
                                                       
{'loss': '0.6106', 'grad_norm': '0.3488', 'learning_rate': '2.832e-06', 'epoch': '10.86'}

 68%|██████▊   | 1358/2000 [3:22:54<1:32:28,  8.64s/it]
 68%|██████▊   | 1359/2000 [3:23:02<1:30:30,  8.47s/it]
                                                       
{'loss': '0.5296', 'grad_norm': '0.4803', 'learning_rate': '2.824e-06', 'epoch': '10.87'}

 68%|██████▊   | 1359/2000 [3:23:02<1:30:30,  8.47s/it]
 68%|██████▊   | 1360/2000 [3:23:10<1:30:43,  8.51s/it]
                                                       
{'loss': '0.6964', 'grad_norm': '0.5368', 'learning_rate': '2.816e-06', 'epoch': '10.88'}

 68%|██████▊   | 1360/2000 [3:23:10<1:30:43,  8.51s/it]
 68%|██████▊   | 1361/2000 [3:23:19<1:30:30,  8.50s/it]
                                                       
{'loss': '0.6526', 'grad_norm': '0.4502', 'learning_rate': '2.808e-06', 'epoch': '10.89'}

 68%|██████▊   | 1361/2000 [3:23:19<1:30:30,  8.50s/it]
 68%|██████▊   | 1362/2000 [3:23:27<1:29:49,  8.45s/it]
                                                       
{'loss': '0.4731', 'grad_norm': '0.4755', 'learning_rate': '2.8e-06', 'epoch': '10.9'}

 68%|██████▊   | 1362/2000 [3:23:27<1:29:49,  8.45s/it]
 68%|██████▊   | 1363/2000 [3:23:36<1:30:55,  8.56s/it]
                                                       
{'loss': '0.6047', 'grad_norm': '0.4556', 'learning_rate': '2.792e-06', 'epoch': '10.9'}

 68%|██████▊   | 1363/2000 [3:23:36<1:30:55,  8.56s/it]
 68%|██████▊   | 1364/2000 [3:23:45<1:32:01,  8.68s/it]
                                                       
{'loss': '0.5926', 'grad_norm': '0.2271', 'learning_rate': '2.785e-06', 'epoch': '10.91'}

 68%|██████▊   | 1364/2000 [3:23:45<1:32:01,  8.68s/it]
 68%|██████▊   | 1365/2000 [3:23:54<1:31:40,  8.66s/it]
                                                       
{'loss': '0.7712', 'grad_norm': '0.605', 'learning_rate': '2.777e-06', 'epoch': '10.92'}

 68%|██████▊   | 1365/2000 [3:23:54<1:31:40,  8.66s/it]
 68%|██████▊   | 1366/2000 [3:24:02<1:32:14,  8.73s/it]
                                                       
{'loss': '0.8809', 'grad_norm': '0.5347', 'learning_rate': '2.769e-06', 'epoch': '10.93'}

 68%|██████▊   | 1366/2000 [3:24:03<1:32:14,  8.73s/it]
 68%|██████▊   | 1367/2000 [3:24:11<1:30:41,  8.60s/it]
                                                       
{'loss': '0.8796', 'grad_norm': '0.2308', 'learning_rate': '2.761e-06', 'epoch': '10.94'}

 68%|██████▊   | 1367/2000 [3:24:11<1:30:41,  8.60s/it]
 68%|██████▊   | 1368/2000 [3:24:19<1:31:01,  8.64s/it]
                                                       
{'loss': '0.7656', 'grad_norm': '0.2938', 'learning_rate': '2.753e-06', 'epoch': '10.94'}

 68%|██████▊   | 1368/2000 [3:24:19<1:31:01,  8.64s/it]
 68%|██████▊   | 1369/2000 [3:24:28<1:31:48,  8.73s/it]
                                                       
{'loss': '0.6923', 'grad_norm': '0.3644', 'learning_rate': '2.746e-06', 'epoch': '10.95'}

 68%|██████▊   | 1369/2000 [3:24:28<1:31:48,  8.73s/it]
 68%|██████▊   | 1370/2000 [3:24:37<1:31:29,  8.71s/it]
                                                       
{'loss': '0.5659', 'grad_norm': '0.316', 'learning_rate': '2.738e-06', 'epoch': '10.96'}

 68%|██████▊   | 1370/2000 [3:24:37<1:31:29,  8.71s/it]
 69%|██████▊   | 1371/2000 [3:24:45<1:29:40,  8.55s/it]
                                                       
{'loss': '0.6189', 'grad_norm': '0.3115', 'learning_rate': '2.73e-06', 'epoch': '10.97'}

 69%|██████▊   | 1371/2000 [3:24:45<1:29:40,  8.55s/it]
 69%|██████▊   | 1372/2000 [3:24:55<1:33:17,  8.91s/it]
                                                       
{'loss': '0.7744', 'grad_norm': '0.432', 'learning_rate': '2.722e-06', 'epoch': '10.98'}

 69%|██████▊   | 1372/2000 [3:24:55<1:33:17,  8.91s/it]
 69%|██████▊   | 1373/2000 [3:25:03<1:31:35,  8.76s/it]
                                                       
{'loss': '0.9374', 'grad_norm': '0.4429', 'learning_rate': '2.715e-06', 'epoch': '10.98'}

 69%|██████▊   | 1373/2000 [3:25:03<1:31:35,  8.76s/it]
 69%|██████▊   | 1374/2000 [3:25:12<1:31:21,  8.76s/it]
                                                       
{'loss': '0.833', 'grad_norm': '0.4066', 'learning_rate': '2.707e-06', 'epoch': '10.99'}

 69%|██████▊   | 1374/2000 [3:25:12<1:31:21,  8.76s/it]
 69%|██████▉   | 1375/2000 [3:25:21<1:31:29,  8.78s/it]
                                                       
{'loss': '0.5959', 'grad_norm': '0.2446', 'learning_rate': '2.699e-06', 'epoch': '11'}

 69%|██████▉   | 1375/2000 [3:25:21<1:31:29,  8.78s/it]
 69%|██████▉   | 1376/2000 [3:25:31<1:34:13,  9.06s/it]
                                                       
{'loss': '0.6945', 'grad_norm': '0.3326', 'learning_rate': '2.691e-06', 'epoch': '11.01'}

 69%|██████▉   | 1376/2000 [3:25:31<1:34:13,  9.06s/it]
 69%|██████▉   | 1377/2000 [3:25:40<1:34:31,  9.10s/it]
                                                       
{'loss': '0.8149', 'grad_norm': '0.6168', 'learning_rate': '2.684e-06', 'epoch': '11.02'}

 69%|██████▉   | 1377/2000 [3:25:40<1:34:31,  9.10s/it]
 69%|██████▉   | 1378/2000 [3:25:48<1:31:24,  8.82s/it]
                                                       
{'loss': '0.624', 'grad_norm': '0.3191', 'learning_rate': '2.676e-06', 'epoch': '11.02'}

 69%|██████▉   | 1378/2000 [3:25:48<1:31:24,  8.82s/it]
 69%|██████▉   | 1379/2000 [3:25:57<1:30:47,  8.77s/it]
                                                       
{'loss': '0.6611', 'grad_norm': '0.2072', 'learning_rate': '2.668e-06', 'epoch': '11.03'}

 69%|██████▉   | 1379/2000 [3:25:57<1:30:47,  8.77s/it]
 69%|██████▉   | 1380/2000 [3:26:06<1:32:56,  8.99s/it]
                                                       
{'loss': '0.8743', 'grad_norm': '0.3243', 'learning_rate': '2.66e-06', 'epoch': '11.04'}

 69%|██████▉   | 1380/2000 [3:26:06<1:32:56,  8.99s/it]
 69%|██████▉   | 1381/2000 [3:26:15<1:32:22,  8.95s/it]
                                                       
{'loss': '0.751', 'grad_norm': '0.3562', 'learning_rate': '2.653e-06', 'epoch': '11.05'}

 69%|██████▉   | 1381/2000 [3:26:15<1:32:22,  8.95s/it]
 69%|██████▉   | 1382/2000 [3:26:24<1:30:55,  8.83s/it]
                                                       
{'loss': '0.7949', 'grad_norm': '0.3665', 'learning_rate': '2.645e-06', 'epoch': '11.06'}

 69%|██████▉   | 1382/2000 [3:26:24<1:30:55,  8.83s/it]
 69%|██████▉   | 1383/2000 [3:26:32<1:29:09,  8.67s/it]
                                                       
{'loss': '0.6284', 'grad_norm': '0.3847', 'learning_rate': '2.637e-06', 'epoch': '11.06'}

 69%|██████▉   | 1383/2000 [3:26:32<1:29:09,  8.67s/it]
 69%|██████▉   | 1384/2000 [3:26:42<1:32:36,  9.02s/it]
                                                       
{'loss': '0.4734', 'grad_norm': '0.5022', 'learning_rate': '2.63e-06', 'epoch': '11.07'}

 69%|██████▉   | 1384/2000 [3:26:42<1:32:36,  9.02s/it]
 69%|██████▉   | 1385/2000 [3:26:51<1:31:39,  8.94s/it]
                                                       
{'loss': '0.5741', 'grad_norm': '0.4348', 'learning_rate': '2.622e-06', 'epoch': '11.08'}

 69%|██████▉   | 1385/2000 [3:26:51<1:31:39,  8.94s/it]
 69%|██████▉   | 1386/2000 [3:27:00<1:32:49,  9.07s/it]
                                                       
{'loss': '0.7476', 'grad_norm': '0.4101', 'learning_rate': '2.614e-06', 'epoch': '11.09'}

 69%|██████▉   | 1386/2000 [3:27:00<1:32:49,  9.07s/it]
 69%|██████▉   | 1387/2000 [3:27:08<1:28:34,  8.67s/it]
                                                       
{'loss': '0.7476', 'grad_norm': '0.6183', 'learning_rate': '2.607e-06', 'epoch': '11.1'}

 69%|██████▉   | 1387/2000 [3:27:08<1:28:34,  8.67s/it]
 69%|██████▉   | 1388/2000 [3:27:16<1:28:37,  8.69s/it]
                                                       
{'loss': '0.6534', 'grad_norm': '0.4246', 'learning_rate': '2.599e-06', 'epoch': '11.1'}

 69%|██████▉   | 1388/2000 [3:27:16<1:28:37,  8.69s/it]
 69%|██████▉   | 1389/2000 [3:27:25<1:27:08,  8.56s/it]
                                                       
{'loss': '0.6975', 'grad_norm': '0.4141', 'learning_rate': '2.591e-06', 'epoch': '11.11'}

 69%|██████▉   | 1389/2000 [3:27:25<1:27:08,  8.56s/it]
 70%|██████▉   | 1390/2000 [3:27:33<1:26:16,  8.49s/it]
                                                       
{'loss': '0.4544', 'grad_norm': '0.2937', 'learning_rate': '2.584e-06', 'epoch': '11.12'}

 70%|██████▉   | 1390/2000 [3:27:33<1:26:16,  8.49s/it]
 70%|██████▉   | 1391/2000 [3:27:42<1:27:13,  8.59s/it]
                                                       
{'loss': '0.685', 'grad_norm': '0.4325', 'learning_rate': '2.576e-06', 'epoch': '11.13'}

 70%|██████▉   | 1391/2000 [3:27:42<1:27:13,  8.59s/it]
 70%|██████▉   | 1392/2000 [3:27:50<1:25:51,  8.47s/it]
                                                       
{'loss': '0.6547', 'grad_norm': '0.2426', 'learning_rate': '2.568e-06', 'epoch': '11.14'}

 70%|██████▉   | 1392/2000 [3:27:50<1:25:51,  8.47s/it]
 70%|██████▉   | 1393/2000 [3:27:59<1:26:40,  8.57s/it]
                                                       
{'loss': '0.734', 'grad_norm': '0.3152', 'learning_rate': '2.561e-06', 'epoch': '11.14'}

 70%|██████▉   | 1393/2000 [3:27:59<1:26:40,  8.57s/it]
 70%|██████▉   | 1394/2000 [3:28:08<1:27:12,  8.64s/it]
                                                       
{'loss': '0.6958', 'grad_norm': '0.2089', 'learning_rate': '2.553e-06', 'epoch': '11.15'}

 70%|██████▉   | 1394/2000 [3:28:08<1:27:12,  8.64s/it]
 70%|██████▉   | 1395/2000 [3:28:16<1:25:08,  8.44s/it]
                                                       
{'loss': '0.7608', 'grad_norm': '0.398', 'learning_rate': '2.545e-06', 'epoch': '11.16'}

 70%|██████▉   | 1395/2000 [3:28:16<1:25:08,  8.44s/it]
 70%|██████▉   | 1396/2000 [3:28:25<1:28:11,  8.76s/it]
                                                       
{'loss': '0.7603', 'grad_norm': '0.3102', 'learning_rate': '2.538e-06', 'epoch': '11.17'}

 70%|██████▉   | 1396/2000 [3:28:25<1:28:11,  8.76s/it]
 70%|██████▉   | 1397/2000 [3:28:34<1:27:07,  8.67s/it]
                                                       
{'loss': '0.816', 'grad_norm': '0.367', 'learning_rate': '2.53e-06', 'epoch': '11.18'}

 70%|██████▉   | 1397/2000 [3:28:34<1:27:07,  8.67s/it]
 70%|██████▉   | 1398/2000 [3:28:42<1:26:42,  8.64s/it]
                                                       
{'loss': '0.5435', 'grad_norm': '0.342', 'learning_rate': '2.523e-06', 'epoch': '11.18'}

 70%|██████▉   | 1398/2000 [3:28:42<1:26:42,  8.64s/it]
 70%|██████▉   | 1399/2000 [3:28:51<1:28:10,  8.80s/it]
                                                       
{'loss': '0.5671', 'grad_norm': '0.2406', 'learning_rate': '2.515e-06', 'epoch': '11.19'}

 70%|██████▉   | 1399/2000 [3:28:51<1:28:10,  8.80s/it]
 70%|███████   | 1400/2000 [3:29:00<1:27:29,  8.75s/it]
                                                       
{'loss': '0.8542', 'grad_norm': '0.4128', 'learning_rate': '2.508e-06', 'epoch': '11.2'}

 70%|███████   | 1400/2000 [3:29:00<1:27:29,  8.75s/it]
 70%|███████   | 1401/2000 [3:29:09<1:28:02,  8.82s/it]
                                                       
{'loss': '0.7922', 'grad_norm': '0.6137', 'learning_rate': '2.5e-06', 'epoch': '11.21'}

 70%|███████   | 1401/2000 [3:29:09<1:28:02,  8.82s/it]
 70%|███████   | 1402/2000 [3:29:18<1:29:32,  8.98s/it]
                                                       
{'loss': '0.897', 'grad_norm': '0.3102', 'learning_rate': '2.492e-06', 'epoch': '11.22'}

 70%|███████   | 1402/2000 [3:29:18<1:29:32,  8.98s/it]
 70%|███████   | 1403/2000 [3:29:27<1:27:16,  8.77s/it]
                                                       
{'loss': '0.6045', 'grad_norm': '0.3291', 'learning_rate': '2.485e-06', 'epoch': '11.22'}

 70%|███████   | 1403/2000 [3:29:27<1:27:16,  8.77s/it]
 70%|███████   | 1404/2000 [3:29:36<1:27:42,  8.83s/it]
                                                       
{'loss': '0.7484', 'grad_norm': '0.4846', 'learning_rate': '2.477e-06', 'epoch': '11.23'}

 70%|███████   | 1404/2000 [3:29:36<1:27:42,  8.83s/it]
 70%|███████   | 1405/2000 [3:29:44<1:25:10,  8.59s/it]
                                                       
{'loss': '0.9011', 'grad_norm': '0.4725', 'learning_rate': '2.47e-06', 'epoch': '11.24'}

 70%|███████   | 1405/2000 [3:29:44<1:25:10,  8.59s/it]
 70%|███████   | 1406/2000 [3:29:52<1:23:47,  8.46s/it]
                                                       
{'loss': '0.7693', 'grad_norm': '0.3681', 'learning_rate': '2.462e-06', 'epoch': '11.25'}

 70%|███████   | 1406/2000 [3:29:52<1:23:47,  8.46s/it]
 70%|███████   | 1407/2000 [3:30:01<1:26:04,  8.71s/it]
                                                       
{'loss': '0.7132', 'grad_norm': '0.4876', 'learning_rate': '2.455e-06', 'epoch': '11.26'}

 70%|███████   | 1407/2000 [3:30:01<1:26:04,  8.71s/it]
 70%|███████   | 1408/2000 [3:30:10<1:25:29,  8.66s/it]
                                                       
{'loss': '0.76', 'grad_norm': '0.4913', 'learning_rate': '2.447e-06', 'epoch': '11.26'}

 70%|███████   | 1408/2000 [3:30:10<1:25:29,  8.66s/it]
 70%|███████   | 1409/2000 [3:30:17<1:22:55,  8.42s/it]
                                                       
{'loss': '0.8161', 'grad_norm': '0.4343', 'learning_rate': '2.44e-06', 'epoch': '11.27'}

 70%|███████   | 1409/2000 [3:30:17<1:22:55,  8.42s/it]
 70%|███████   | 1410/2000 [3:30:26<1:23:43,  8.51s/it]
                                                       
{'loss': '0.6684', 'grad_norm': '0.2753', 'learning_rate': '2.432e-06', 'epoch': '11.28'}

 70%|███████   | 1410/2000 [3:30:26<1:23:43,  8.51s/it]
 71%|███████   | 1411/2000 [3:30:35<1:24:10,  8.57s/it]
                                                       
{'loss': '0.5454', 'grad_norm': '0.3305', 'learning_rate': '2.425e-06', 'epoch': '11.29'}

 71%|███████   | 1411/2000 [3:30:35<1:24:10,  8.57s/it]
 71%|███████   | 1412/2000 [3:30:44<1:26:05,  8.79s/it]
                                                       
{'loss': '0.9038', 'grad_norm': '0.2279', 'learning_rate': '2.417e-06', 'epoch': '11.3'}

 71%|███████   | 1412/2000 [3:30:44<1:26:05,  8.79s/it]
 71%|███████   | 1413/2000 [3:30:53<1:25:48,  8.77s/it]
                                                       
{'loss': '0.8303', 'grad_norm': '0.762', 'learning_rate': '2.41e-06', 'epoch': '11.3'}

 71%|███████   | 1413/2000 [3:30:53<1:25:48,  8.77s/it]
 71%|███████   | 1414/2000 [3:31:01<1:25:12,  8.72s/it]
                                                       
{'loss': '0.7195', 'grad_norm': '0.3143', 'learning_rate': '2.402e-06', 'epoch': '11.31'}

 71%|███████   | 1414/2000 [3:31:01<1:25:12,  8.72s/it]
 71%|███████   | 1415/2000 [3:31:11<1:26:56,  8.92s/it]
                                                       
{'loss': '0.3362', 'grad_norm': '0.2992', 'learning_rate': '2.395e-06', 'epoch': '11.32'}

 71%|███████   | 1415/2000 [3:31:11<1:26:56,  8.92s/it]
 71%|███████   | 1416/2000 [3:31:20<1:26:13,  8.86s/it]
                                                       
{'loss': '0.8716', 'grad_norm': '0.4176', 'learning_rate': '2.388e-06', 'epoch': '11.33'}

 71%|███████   | 1416/2000 [3:31:20<1:26:13,  8.86s/it]
 71%|███████   | 1417/2000 [3:31:28<1:25:38,  8.81s/it]
                                                       
{'loss': '0.4909', 'grad_norm': '0.2625', 'learning_rate': '2.38e-06', 'epoch': '11.34'}

 71%|███████   | 1417/2000 [3:31:28<1:25:38,  8.81s/it]
 71%|███████   | 1418/2000 [3:31:37<1:24:37,  8.72s/it]
                                                       
{'loss': '0.5547', 'grad_norm': '0.5193', 'learning_rate': '2.373e-06', 'epoch': '11.34'}

 71%|███████   | 1418/2000 [3:31:37<1:24:37,  8.72s/it]
 71%|███████   | 1419/2000 [3:31:45<1:23:25,  8.62s/it]
                                                       
{'loss': '0.7021', 'grad_norm': '0.4463', 'learning_rate': '2.365e-06', 'epoch': '11.35'}

 71%|███████   | 1419/2000 [3:31:45<1:23:25,  8.62s/it]
 71%|███████   | 1420/2000 [3:31:54<1:25:04,  8.80s/it]
                                                       
{'loss': '0.6326', 'grad_norm': '0.2764', 'learning_rate': '2.358e-06', 'epoch': '11.36'}

 71%|███████   | 1420/2000 [3:31:54<1:25:04,  8.80s/it]
 71%|███████   | 1421/2000 [3:32:02<1:22:25,  8.54s/it]
                                                       
{'loss': '0.4042', 'grad_norm': '0.6577', 'learning_rate': '2.35e-06', 'epoch': '11.37'}

 71%|███████   | 1421/2000 [3:32:02<1:22:25,  8.54s/it]
 71%|███████   | 1422/2000 [3:32:11<1:22:50,  8.60s/it]
                                                       
{'loss': '0.531', 'grad_norm': '0.4423', 'learning_rate': '2.343e-06', 'epoch': '11.38'}

 71%|███████   | 1422/2000 [3:32:11<1:22:50,  8.60s/it]
 71%|███████   | 1423/2000 [3:32:20<1:22:35,  8.59s/it]
                                                       
{'loss': '0.7652', 'grad_norm': '0.1941', 'learning_rate': '2.336e-06', 'epoch': '11.38'}

 71%|███████   | 1423/2000 [3:32:20<1:22:35,  8.59s/it]
 71%|███████   | 1424/2000 [3:32:28<1:21:36,  8.50s/it]
                                                       
{'loss': '0.6366', 'grad_norm': '0.4756', 'learning_rate': '2.328e-06', 'epoch': '11.39'}

 71%|███████   | 1424/2000 [3:32:28<1:21:36,  8.50s/it]
 71%|███████▏  | 1425/2000 [3:32:36<1:21:08,  8.47s/it]
                                                       
{'loss': '0.5789', 'grad_norm': '0.3298', 'learning_rate': '2.321e-06', 'epoch': '11.4'}

 71%|███████▏  | 1425/2000 [3:32:36<1:21:08,  8.47s/it]
 71%|███████▏  | 1426/2000 [3:32:45<1:21:55,  8.56s/it]
                                                       
{'loss': '0.7325', 'grad_norm': '0.4379', 'learning_rate': '2.314e-06', 'epoch': '11.41'}

 71%|███████▏  | 1426/2000 [3:32:45<1:21:55,  8.56s/it]
 71%|███████▏  | 1427/2000 [3:32:54<1:21:24,  8.52s/it]
                                                       
{'loss': '0.7698', 'grad_norm': '0.3876', 'learning_rate': '2.306e-06', 'epoch': '11.42'}

 71%|███████▏  | 1427/2000 [3:32:54<1:21:24,  8.52s/it]
 71%|███████▏  | 1428/2000 [3:33:02<1:20:49,  8.48s/it]
                                                       
{'loss': '0.894', 'grad_norm': '0.7398', 'learning_rate': '2.299e-06', 'epoch': '11.42'}

 71%|███████▏  | 1428/2000 [3:33:02<1:20:49,  8.48s/it]
 71%|███████▏  | 1429/2000 [3:33:11<1:21:58,  8.61s/it]
                                                       
{'loss': '0.7522', 'grad_norm': '0.5081', 'learning_rate': '2.291e-06', 'epoch': '11.43'}

 71%|███████▏  | 1429/2000 [3:33:11<1:21:58,  8.61s/it]
 72%|███████▏  | 1430/2000 [3:33:19<1:21:57,  8.63s/it]
                                                       
{'loss': '0.7274', 'grad_norm': '0.4153', 'learning_rate': '2.284e-06', 'epoch': '11.44'}

 72%|███████▏  | 1430/2000 [3:33:20<1:21:57,  8.63s/it]
 72%|███████▏  | 1431/2000 [3:33:28<1:21:51,  8.63s/it]
                                                       
{'loss': '0.6053', 'grad_norm': '0.3918', 'learning_rate': '2.277e-06', 'epoch': '11.45'}

 72%|███████▏  | 1431/2000 [3:33:28<1:21:51,  8.63s/it]
 72%|███████▏  | 1432/2000 [3:33:36<1:20:30,  8.50s/it]
                                                       
{'loss': '0.6669', 'grad_norm': '0.4252', 'learning_rate': '2.269e-06', 'epoch': '11.46'}

 72%|███████▏  | 1432/2000 [3:33:36<1:20:30,  8.50s/it]
 72%|███████▏  | 1433/2000 [3:33:45<1:19:53,  8.45s/it]
                                                       
{'loss': '0.5101', 'grad_norm': '0.3937', 'learning_rate': '2.262e-06', 'epoch': '11.46'}

 72%|███████▏  | 1433/2000 [3:33:45<1:19:53,  8.45s/it]
 72%|███████▏  | 1434/2000 [3:33:53<1:20:17,  8.51s/it]
                                                       
{'loss': '0.7033', 'grad_norm': '0.3329', 'learning_rate': '2.255e-06', 'epoch': '11.47'}

 72%|███████▏  | 1434/2000 [3:33:53<1:20:17,  8.51s/it]
 72%|███████▏  | 1435/2000 [3:34:03<1:22:32,  8.77s/it]
                                                       
{'loss': '0.8301', 'grad_norm': '0.4071', 'learning_rate': '2.248e-06', 'epoch': '11.48'}

 72%|███████▏  | 1435/2000 [3:34:03<1:22:32,  8.77s/it]
 72%|███████▏  | 1436/2000 [3:34:11<1:21:48,  8.70s/it]
                                                       
{'loss': '0.5656', 'grad_norm': '0.3137', 'learning_rate': '2.24e-06', 'epoch': '11.49'}

 72%|███████▏  | 1436/2000 [3:34:11<1:21:48,  8.70s/it]
 72%|███████▏  | 1437/2000 [3:34:20<1:21:22,  8.67s/it]
                                                       
{'loss': '0.5099', 'grad_norm': '0.4474', 'learning_rate': '2.233e-06', 'epoch': '11.5'}

 72%|███████▏  | 1437/2000 [3:34:20<1:21:22,  8.67s/it]
 72%|███████▏  | 1438/2000 [3:34:29<1:21:29,  8.70s/it]
                                                       
{'loss': '0.874', 'grad_norm': '0.2278', 'learning_rate': '2.226e-06', 'epoch': '11.5'}

 72%|███████▏  | 1438/2000 [3:34:29<1:21:29,  8.70s/it]
 72%|███████▏  | 1439/2000 [3:34:37<1:21:34,  8.72s/it]
                                                       
{'loss': '0.6419', 'grad_norm': '0.4304', 'learning_rate': '2.219e-06', 'epoch': '11.51'}

 72%|███████▏  | 1439/2000 [3:34:37<1:21:34,  8.72s/it]
 72%|███████▏  | 1440/2000 [3:34:46<1:20:28,  8.62s/it]
                                                       
{'loss': '0.503', 'grad_norm': '0.4961', 'learning_rate': '2.211e-06', 'epoch': '11.52'}

 72%|███████▏  | 1440/2000 [3:34:46<1:20:28,  8.62s/it]
 72%|███████▏  | 1441/2000 [3:34:54<1:19:46,  8.56s/it]
                                                       
{'loss': '0.5622', 'grad_norm': '0.368', 'learning_rate': '2.204e-06', 'epoch': '11.53'}

 72%|███████▏  | 1441/2000 [3:34:54<1:19:46,  8.56s/it]
 72%|███████▏  | 1442/2000 [3:35:02<1:18:54,  8.48s/it]
                                                       
{'loss': '0.9138', 'grad_norm': '0.517', 'learning_rate': '2.197e-06', 'epoch': '11.54'}

 72%|███████▏  | 1442/2000 [3:35:03<1:18:54,  8.48s/it]
 72%|███████▏  | 1443/2000 [3:35:11<1:18:05,  8.41s/it]
                                                       
{'loss': '0.6463', 'grad_norm': '0.3368', 'learning_rate': '2.19e-06', 'epoch': '11.54'}

 72%|███████▏  | 1443/2000 [3:35:11<1:18:05,  8.41s/it]
 72%|███████▏  | 1444/2000 [3:35:20<1:19:37,  8.59s/it]
                                                       
{'loss': '0.7312', 'grad_norm': '0.3093', 'learning_rate': '2.182e-06', 'epoch': '11.55'}

 72%|███████▏  | 1444/2000 [3:35:20<1:19:37,  8.59s/it]
 72%|███████▏  | 1445/2000 [3:35:28<1:19:20,  8.58s/it]
                                                       
{'loss': '0.8951', 'grad_norm': '0.3662', 'learning_rate': '2.175e-06', 'epoch': '11.56'}

 72%|███████▏  | 1445/2000 [3:35:28<1:19:20,  8.58s/it]
 72%|███████▏  | 1446/2000 [3:35:37<1:18:23,  8.49s/it]
                                                       
{'loss': '0.7266', 'grad_norm': '0.5952', 'learning_rate': '2.168e-06', 'epoch': '11.57'}

 72%|███████▏  | 1446/2000 [3:35:37<1:18:23,  8.49s/it]
 72%|███████▏  | 1447/2000 [3:35:46<1:19:32,  8.63s/it]
                                                       
{'loss': '0.7322', 'grad_norm': '0.2773', 'learning_rate': '2.161e-06', 'epoch': '11.58'}

 72%|███████▏  | 1447/2000 [3:35:46<1:19:32,  8.63s/it]
 72%|███████▏  | 1448/2000 [3:35:54<1:20:13,  8.72s/it]
                                                       
{'loss': '0.7195', 'grad_norm': '0.1949', 'learning_rate': '2.154e-06', 'epoch': '11.58'}

 72%|███████▏  | 1448/2000 [3:35:54<1:20:13,  8.72s/it]
 72%|███████▏  | 1449/2000 [3:36:03<1:19:05,  8.61s/it]
                                                       
{'loss': '0.803', 'grad_norm': '0.3666', 'learning_rate': '2.146e-06', 'epoch': '11.59'}

 72%|███████▏  | 1449/2000 [3:36:03<1:19:05,  8.61s/it]
 72%|███████▎  | 1450/2000 [3:36:12<1:19:19,  8.65s/it]
                                                       
{'loss': '0.5882', 'grad_norm': '0.416', 'learning_rate': '2.139e-06', 'epoch': '11.6'}

 72%|███████▎  | 1450/2000 [3:36:12<1:19:19,  8.65s/it]
 73%|███████▎  | 1451/2000 [3:36:20<1:19:02,  8.64s/it]
                                                       
{'loss': '0.8193', 'grad_norm': '0.2492', 'learning_rate': '2.132e-06', 'epoch': '11.61'}

 73%|███████▎  | 1451/2000 [3:36:20<1:19:02,  8.64s/it]
 73%|███████▎  | 1452/2000 [3:36:29<1:18:26,  8.59s/it]
                                                       
{'loss': '0.68', 'grad_norm': '0.4846', 'learning_rate': '2.125e-06', 'epoch': '11.62'}

 73%|███████▎  | 1452/2000 [3:36:29<1:18:26,  8.59s/it]
 73%|███████▎  | 1453/2000 [3:36:38<1:20:03,  8.78s/it]
                                                       
{'loss': '0.6689', 'grad_norm': '0.2795', 'learning_rate': '2.118e-06', 'epoch': '11.62'}

 73%|███████▎  | 1453/2000 [3:36:38<1:20:03,  8.78s/it]
 73%|███████▎  | 1454/2000 [3:36:47<1:19:34,  8.74s/it]
                                                       
{'loss': '0.8367', 'grad_norm': '0.3785', 'learning_rate': '2.111e-06', 'epoch': '11.63'}

 73%|███████▎  | 1454/2000 [3:36:47<1:19:34,  8.74s/it]
 73%|███████▎  | 1455/2000 [3:36:56<1:20:55,  8.91s/it]
                                                       
{'loss': '0.8194', 'grad_norm': '0.2888', 'learning_rate': '2.104e-06', 'epoch': '11.64'}

 73%|███████▎  | 1455/2000 [3:36:56<1:20:55,  8.91s/it]
 73%|███████▎  | 1456/2000 [3:37:04<1:19:16,  8.74s/it]
                                                       
{'loss': '0.5885', 'grad_norm': '0.4317', 'learning_rate': '2.096e-06', 'epoch': '11.65'}

 73%|███████▎  | 1456/2000 [3:37:04<1:19:16,  8.74s/it]
 73%|███████▎  | 1457/2000 [3:37:13<1:18:23,  8.66s/it]
                                                       
{'loss': '0.781', 'grad_norm': '0.3448', 'learning_rate': '2.089e-06', 'epoch': '11.66'}

 73%|███████▎  | 1457/2000 [3:37:13<1:18:23,  8.66s/it]
 73%|███████▎  | 1458/2000 [3:37:21<1:16:36,  8.48s/it]
                                                       
{'loss': '0.8391', 'grad_norm': '0.5505', 'learning_rate': '2.082e-06', 'epoch': '11.66'}

 73%|███████▎  | 1458/2000 [3:37:21<1:16:36,  8.48s/it]
 73%|███████▎  | 1459/2000 [3:37:29<1:15:43,  8.40s/it]
                                                       
{'loss': '0.7019', 'grad_norm': '0.5219', 'learning_rate': '2.075e-06', 'epoch': '11.67'}

 73%|███████▎  | 1459/2000 [3:37:29<1:15:43,  8.40s/it]
 73%|███████▎  | 1460/2000 [3:37:38<1:16:25,  8.49s/it]
                                                       
{'loss': '0.7112', 'grad_norm': '0.3891', 'learning_rate': '2.068e-06', 'epoch': '11.68'}

 73%|███████▎  | 1460/2000 [3:37:38<1:16:25,  8.49s/it]
 73%|███████▎  | 1461/2000 [3:37:46<1:15:55,  8.45s/it]
                                                       
{'loss': '0.5044', 'grad_norm': '0.31', 'learning_rate': '2.061e-06', 'epoch': '11.69'}

 73%|███████▎  | 1461/2000 [3:37:46<1:15:55,  8.45s/it]
 73%|███████▎  | 1462/2000 [3:37:55<1:16:51,  8.57s/it]
                                                       
{'loss': '0.7964', 'grad_norm': '0.3799', 'learning_rate': '2.054e-06', 'epoch': '11.7'}

 73%|███████▎  | 1462/2000 [3:37:55<1:16:51,  8.57s/it]
 73%|███████▎  | 1463/2000 [3:38:03<1:16:11,  8.51s/it]
                                                       
{'loss': '0.6593', 'grad_norm': '0.3948', 'learning_rate': '2.047e-06', 'epoch': '11.7'}

 73%|███████▎  | 1463/2000 [3:38:03<1:16:11,  8.51s/it]
 73%|███████▎  | 1464/2000 [3:38:12<1:16:52,  8.61s/it]
                                                       
{'loss': '0.6896', 'grad_norm': '0.357', 'learning_rate': '2.04e-06', 'epoch': '11.71'}

 73%|███████▎  | 1464/2000 [3:38:12<1:16:52,  8.61s/it]
 73%|███████▎  | 1465/2000 [3:38:20<1:15:06,  8.42s/it]
                                                       
{'loss': '0.7059', 'grad_norm': '0.5218', 'learning_rate': '2.033e-06', 'epoch': '11.72'}

 73%|███████▎  | 1465/2000 [3:38:20<1:15:06,  8.42s/it]
 73%|███████▎  | 1466/2000 [3:38:29<1:15:36,  8.50s/it]
                                                       
{'loss': '0.6058', 'grad_norm': '0.2803', 'learning_rate': '2.026e-06', 'epoch': '11.73'}

 73%|███████▎  | 1466/2000 [3:38:29<1:15:36,  8.50s/it]
 73%|███████▎  | 1467/2000 [3:38:39<1:19:09,  8.91s/it]
                                                       
{'loss': '0.6501', 'grad_norm': '0.3547', 'learning_rate': '2.019e-06', 'epoch': '11.74'}

 73%|███████▎  | 1467/2000 [3:38:39<1:19:09,  8.91s/it]
 73%|███████▎  | 1468/2000 [3:38:48<1:19:29,  8.97s/it]
                                                       
{'loss': '0.5948', 'grad_norm': '0.2449', 'learning_rate': '2.012e-06', 'epoch': '11.74'}

 73%|███████▎  | 1468/2000 [3:38:48<1:19:29,  8.97s/it]
 73%|███████▎  | 1469/2000 [3:38:57<1:19:36,  9.00s/it]
                                                       
{'loss': '0.9795', 'grad_norm': '0.417', 'learning_rate': '2.005e-06', 'epoch': '11.75'}

 73%|███████▎  | 1469/2000 [3:38:57<1:19:36,  9.00s/it]
 74%|███████▎  | 1470/2000 [3:39:06<1:19:18,  8.98s/it]
                                                       
{'loss': '0.803', 'grad_norm': '0.2891', 'learning_rate': '1.998e-06', 'epoch': '11.76'}

 74%|███████▎  | 1470/2000 [3:39:06<1:19:18,  8.98s/it]
 74%|███████▎  | 1471/2000 [3:39:15<1:18:46,  8.93s/it]
                                                       
{'loss': '0.573', 'grad_norm': '0.4941', 'learning_rate': '1.991e-06', 'epoch': '11.77'}

 74%|███████▎  | 1471/2000 [3:39:15<1:18:46,  8.93s/it]
 74%|███████▎  | 1472/2000 [3:39:24<1:19:53,  9.08s/it]
                                                       
{'loss': '0.7517', 'grad_norm': '0.2979', 'learning_rate': '1.984e-06', 'epoch': '11.78'}

 74%|███████▎  | 1472/2000 [3:39:24<1:19:53,  9.08s/it]
 74%|███████▎  | 1473/2000 [3:39:32<1:18:04,  8.89s/it]
                                                       
{'loss': '0.9077', 'grad_norm': '0.6217', 'learning_rate': '1.977e-06', 'epoch': '11.78'}

 74%|███████▎  | 1473/2000 [3:39:32<1:18:04,  8.89s/it]
 74%|███████▎  | 1474/2000 [3:39:42<1:19:05,  9.02s/it]
                                                       
{'loss': '0.7313', 'grad_norm': '0.3169', 'learning_rate': '1.97e-06', 'epoch': '11.79'}

 74%|███████▎  | 1474/2000 [3:39:42<1:19:05,  9.02s/it]
 74%|███████▍  | 1475/2000 [3:39:52<1:21:53,  9.36s/it]
                                                       
{'loss': '0.7126', 'grad_norm': '0.3046', 'learning_rate': '1.963e-06', 'epoch': '11.8'}

 74%|███████▍  | 1475/2000 [3:39:52<1:21:53,  9.36s/it]
 74%|███████▍  | 1476/2000 [3:40:00<1:19:04,  9.05s/it]
                                                       
{'loss': '0.6411', 'grad_norm': '0.3776', 'learning_rate': '1.956e-06', 'epoch': '11.81'}

 74%|███████▍  | 1476/2000 [3:40:00<1:19:04,  9.05s/it]
 74%|███████▍  | 1477/2000 [3:40:09<1:17:41,  8.91s/it]
                                                       
{'loss': '0.5642', 'grad_norm': '0.3688', 'learning_rate': '1.949e-06', 'epoch': '11.82'}

 74%|███████▍  | 1477/2000 [3:40:09<1:17:41,  8.91s/it]
 74%|███████▍  | 1478/2000 [3:40:18<1:18:18,  9.00s/it]
                                                       
{'loss': '0.6442', 'grad_norm': '0.2839', 'learning_rate': '1.942e-06', 'epoch': '11.82'}

 74%|███████▍  | 1478/2000 [3:40:18<1:18:18,  9.00s/it]
 74%|███████▍  | 1479/2000 [3:40:26<1:16:47,  8.84s/it]
                                                       
{'loss': '0.5678', 'grad_norm': '0.4209', 'learning_rate': '1.935e-06', 'epoch': '11.83'}

 74%|███████▍  | 1479/2000 [3:40:26<1:16:47,  8.84s/it]
 74%|███████▍  | 1480/2000 [3:40:35<1:16:43,  8.85s/it]
                                                       
{'loss': '0.7965', 'grad_norm': '0.6818', 'learning_rate': '1.929e-06', 'epoch': '11.84'}

 74%|███████▍  | 1480/2000 [3:40:35<1:16:43,  8.85s/it]
 74%|███████▍  | 1481/2000 [3:40:43<1:13:54,  8.54s/it]
                                                       
{'loss': '0.844', 'grad_norm': '0.4641', 'learning_rate': '1.922e-06', 'epoch': '11.85'}

 74%|███████▍  | 1481/2000 [3:40:43<1:13:54,  8.54s/it]
 74%|███████▍  | 1482/2000 [3:40:52<1:15:12,  8.71s/it]
                                                       
{'loss': '0.5567', 'grad_norm': '0.2242', 'learning_rate': '1.915e-06', 'epoch': '11.86'}

 74%|███████▍  | 1482/2000 [3:40:52<1:15:12,  8.71s/it]
 74%|███████▍  | 1483/2000 [3:41:01<1:15:30,  8.76s/it]
                                                       
{'loss': '0.5555', 'grad_norm': '0.476', 'learning_rate': '1.908e-06', 'epoch': '11.86'}

 74%|███████▍  | 1483/2000 [3:41:01<1:15:30,  8.76s/it]
 74%|███████▍  | 1484/2000 [3:41:10<1:15:35,  8.79s/it]
                                                       
{'loss': '0.8574', 'grad_norm': '0.5153', 'learning_rate': '1.901e-06', 'epoch': '11.87'}

 74%|███████▍  | 1484/2000 [3:41:10<1:15:35,  8.79s/it]
 74%|███████▍  | 1485/2000 [3:41:19<1:16:20,  8.89s/it]
                                                       
{'loss': '0.6762', 'grad_norm': '0.3257', 'learning_rate': '1.894e-06', 'epoch': '11.88'}

 74%|███████▍  | 1485/2000 [3:41:19<1:16:20,  8.89s/it]
 74%|███████▍  | 1486/2000 [3:41:28<1:15:35,  8.82s/it]
                                                       
{'loss': '0.774', 'grad_norm': '0.4415', 'learning_rate': '1.887e-06', 'epoch': '11.89'}

 74%|███████▍  | 1486/2000 [3:41:28<1:15:35,  8.82s/it]
 74%|███████▍  | 1487/2000 [3:41:37<1:15:17,  8.81s/it]
                                                       
{'loss': '0.6821', 'grad_norm': '0.4627', 'learning_rate': '1.881e-06', 'epoch': '11.9'}

 74%|███████▍  | 1487/2000 [3:41:37<1:15:17,  8.81s/it]
 74%|███████▍  | 1488/2000 [3:41:45<1:15:00,  8.79s/it]
                                                       
{'loss': '0.4173', 'grad_norm': '0.3', 'learning_rate': '1.874e-06', 'epoch': '11.9'}

 74%|███████▍  | 1488/2000 [3:41:45<1:15:00,  8.79s/it]
 74%|███████▍  | 1489/2000 [3:41:54<1:14:09,  8.71s/it]
                                                       
{'loss': '0.7776', 'grad_norm': '0.4485', 'learning_rate': '1.867e-06', 'epoch': '11.91'}

 74%|███████▍  | 1489/2000 [3:41:54<1:14:09,  8.71s/it]
 74%|███████▍  | 1490/2000 [3:42:02<1:13:51,  8.69s/it]
                                                       
{'loss': '0.7294', 'grad_norm': '0.3972', 'learning_rate': '1.86e-06', 'epoch': '11.92'}

 74%|███████▍  | 1490/2000 [3:42:03<1:13:51,  8.69s/it]
 75%|███████▍  | 1491/2000 [3:42:12<1:14:42,  8.81s/it]
                                                       
{'loss': '0.5724', 'grad_norm': '0.2432', 'learning_rate': '1.853e-06', 'epoch': '11.93'}

 75%|███████▍  | 1491/2000 [3:42:12<1:14:42,  8.81s/it]
 75%|███████▍  | 1492/2000 [3:42:21<1:15:05,  8.87s/it]
                                                       
{'loss': '0.4892', 'grad_norm': '0.2669', 'learning_rate': '1.847e-06', 'epoch': '11.94'}

 75%|███████▍  | 1492/2000 [3:42:21<1:15:05,  8.87s/it]
 75%|███████▍  | 1493/2000 [3:42:29<1:12:58,  8.64s/it]
                                                       
{'loss': '0.6672', 'grad_norm': '0.2609', 'learning_rate': '1.84e-06', 'epoch': '11.94'}

 75%|███████▍  | 1493/2000 [3:42:29<1:12:58,  8.64s/it]
 75%|███████▍  | 1494/2000 [3:42:37<1:12:35,  8.61s/it]
                                                       
{'loss': '0.6024', 'grad_norm': '0.411', 'learning_rate': '1.833e-06', 'epoch': '11.95'}

 75%|███████▍  | 1494/2000 [3:42:37<1:12:35,  8.61s/it]
 75%|███████▍  | 1495/2000 [3:42:46<1:14:02,  8.80s/it]
                                                       
{'loss': '0.7632', 'grad_norm': '0.3573', 'learning_rate': '1.826e-06', 'epoch': '11.96'}

 75%|███████▍  | 1495/2000 [3:42:46<1:14:02,  8.80s/it]
 75%|███████▍  | 1496/2000 [3:42:55<1:13:22,  8.74s/it]
                                                       
{'loss': '0.7229', 'grad_norm': '0.282', 'learning_rate': '1.82e-06', 'epoch': '11.97'}

 75%|███████▍  | 1496/2000 [3:42:55<1:13:22,  8.74s/it]
 75%|███████▍  | 1497/2000 [3:43:04<1:13:10,  8.73s/it]
                                                       
{'loss': '0.5573', 'grad_norm': '0.4303', 'learning_rate': '1.813e-06', 'epoch': '11.98'}

 75%|███████▍  | 1497/2000 [3:43:04<1:13:10,  8.73s/it]
 75%|███████▍  | 1498/2000 [3:43:12<1:11:03,  8.49s/it]
                                                       
{'loss': '0.5102', 'grad_norm': '0.3897', 'learning_rate': '1.806e-06', 'epoch': '11.98'}

 75%|███████▍  | 1498/2000 [3:43:12<1:11:03,  8.49s/it]
 75%|███████▍  | 1499/2000 [3:43:20<1:11:36,  8.58s/it]
                                                       
{'loss': '0.5217', 'grad_norm': '0.3037', 'learning_rate': '1.799e-06', 'epoch': '11.99'}

 75%|███████▍  | 1499/2000 [3:43:21<1:11:36,  8.58s/it]
 75%|███████▌  | 1500/2000 [3:43:30<1:13:39,  8.84s/it]
                                                       
{'loss': '0.7955', 'grad_norm': '0.2461', 'learning_rate': '1.793e-06', 'epoch': '12'}

 75%|███████▌  | 1500/2000 [3:43:30<1:13:39,  8.84s/it]
 75%|███████▌  | 1501/2000 [3:43:38<1:12:47,  8.75s/it]
                                                       
{'loss': '0.4455', 'grad_norm': '0.4528', 'learning_rate': '1.786e-06', 'epoch': '12.01'}

 75%|███████▌  | 1501/2000 [3:43:38<1:12:47,  8.75s/it]
 75%|███████▌  | 1502/2000 [3:43:48<1:13:28,  8.85s/it]
                                                       
{'loss': '0.6209', 'grad_norm': '0.5106', 'learning_rate': '1.779e-06', 'epoch': '12.02'}

 75%|███████▌  | 1502/2000 [3:43:48<1:13:28,  8.85s/it]
 75%|███████▌  | 1503/2000 [3:43:57<1:14:24,  8.98s/it]
                                                       
{'loss': '0.9033', 'grad_norm': '0.4981', 'learning_rate': '1.773e-06', 'epoch': '12.02'}

 75%|███████▌  | 1503/2000 [3:43:57<1:14:24,  8.98s/it]
 75%|███████▌  | 1504/2000 [3:44:05<1:12:59,  8.83s/it]
                                                       
{'loss': '0.6523', 'grad_norm': '0.3572', 'learning_rate': '1.766e-06', 'epoch': '12.03'}

 75%|███████▌  | 1504/2000 [3:44:05<1:12:59,  8.83s/it]
 75%|███████▌  | 1505/2000 [3:44:14<1:12:50,  8.83s/it]
                                                       
{'loss': '0.6469', 'grad_norm': '0.5491', 'learning_rate': '1.759e-06', 'epoch': '12.04'}

 75%|███████▌  | 1505/2000 [3:44:14<1:12:50,  8.83s/it]
 75%|███████▌  | 1506/2000 [3:44:23<1:12:09,  8.76s/it]
                                                       
{'loss': '0.626', 'grad_norm': '0.2982', 'learning_rate': '1.753e-06', 'epoch': '12.05'}

 75%|███████▌  | 1506/2000 [3:44:23<1:12:09,  8.76s/it]
 75%|███████▌  | 1507/2000 [3:44:32<1:13:05,  8.90s/it]
                                                       
{'loss': '0.6491', 'grad_norm': '0.2757', 'learning_rate': '1.746e-06', 'epoch': '12.06'}

 75%|███████▌  | 1507/2000 [3:44:32<1:13:05,  8.90s/it]
 75%|███████▌  | 1508/2000 [3:44:40<1:11:52,  8.77s/it]
                                                       
{'loss': '0.4695', 'grad_norm': '0.3571', 'learning_rate': '1.74e-06', 'epoch': '12.06'}

 75%|███████▌  | 1508/2000 [3:44:40<1:11:52,  8.77s/it]
 75%|███████▌  | 1509/2000 [3:44:48<1:09:51,  8.54s/it]
                                                       
{'loss': '0.7534', 'grad_norm': '0.4607', 'learning_rate': '1.733e-06', 'epoch': '12.07'}

 75%|███████▌  | 1509/2000 [3:44:49<1:09:51,  8.54s/it]
 76%|███████▌  | 1510/2000 [3:44:58<1:11:30,  8.76s/it]
                                                       
{'loss': '0.915', 'grad_norm': '0.3208', 'learning_rate': '1.726e-06', 'epoch': '12.08'}

 76%|███████▌  | 1510/2000 [3:44:58<1:11:30,  8.76s/it]
 76%|███████▌  | 1511/2000 [3:45:06<1:11:28,  8.77s/it]
                                                       
{'loss': '0.7417', 'grad_norm': '0.3073', 'learning_rate': '1.72e-06', 'epoch': '12.09'}

 76%|███████▌  | 1511/2000 [3:45:07<1:11:28,  8.77s/it]
 76%|███████▌  | 1512/2000 [3:45:15<1:09:42,  8.57s/it]
                                                       
{'loss': '0.6339', 'grad_norm': '0.2765', 'learning_rate': '1.713e-06', 'epoch': '12.1'}

 76%|███████▌  | 1512/2000 [3:45:15<1:09:42,  8.57s/it]
 76%|███████▌  | 1513/2000 [3:45:23<1:09:32,  8.57s/it]
                                                       
{'loss': '0.3971', 'grad_norm': '0.3689', 'learning_rate': '1.707e-06', 'epoch': '12.1'}

 76%|███████▌  | 1513/2000 [3:45:23<1:09:32,  8.57s/it]
 76%|███████▌  | 1514/2000 [3:45:31<1:07:54,  8.38s/it]
                                                       
{'loss': '0.6032', 'grad_norm': '0.4027', 'learning_rate': '1.7e-06', 'epoch': '12.11'}

 76%|███████▌  | 1514/2000 [3:45:31<1:07:54,  8.38s/it]
 76%|███████▌  | 1515/2000 [3:45:40<1:09:32,  8.60s/it]
                                                       
{'loss': '0.8811', 'grad_norm': '0.4399', 'learning_rate': '1.693e-06', 'epoch': '12.12'}

 76%|███████▌  | 1515/2000 [3:45:40<1:09:32,  8.60s/it]
 76%|███████▌  | 1516/2000 [3:45:50<1:11:01,  8.81s/it]
                                                       
{'loss': '0.6221', 'grad_norm': '0.2794', 'learning_rate': '1.687e-06', 'epoch': '12.13'}

 76%|███████▌  | 1516/2000 [3:45:50<1:11:01,  8.81s/it]
 76%|███████▌  | 1517/2000 [3:45:58<1:09:28,  8.63s/it]
                                                       
{'loss': '0.6053', 'grad_norm': '0.3614', 'learning_rate': '1.68e-06', 'epoch': '12.14'}

 76%|███████▌  | 1517/2000 [3:45:58<1:09:28,  8.63s/it]
 76%|███████▌  | 1518/2000 [3:46:07<1:09:49,  8.69s/it]
                                                       
{'loss': '0.783', 'grad_norm': '0.4181', 'learning_rate': '1.674e-06', 'epoch': '12.14'}

 76%|███████▌  | 1518/2000 [3:46:07<1:09:49,  8.69s/it]
 76%|███████▌  | 1519/2000 [3:46:15<1:09:47,  8.71s/it]
                                                       
{'loss': '0.9424', 'grad_norm': '0.4459', 'learning_rate': '1.667e-06', 'epoch': '12.15'}

 76%|███████▌  | 1519/2000 [3:46:15<1:09:47,  8.71s/it]
 76%|███████▌  | 1520/2000 [3:46:23<1:08:00,  8.50s/it]
                                                       
{'loss': '0.7908', 'grad_norm': '0.3448', 'learning_rate': '1.661e-06', 'epoch': '12.16'}

 76%|███████▌  | 1520/2000 [3:46:23<1:08:00,  8.50s/it]
 76%|███████▌  | 1521/2000 [3:46:32<1:08:27,  8.57s/it]
                                                       
{'loss': '0.8949', 'grad_norm': '0.2697', 'learning_rate': '1.654e-06', 'epoch': '12.17'}

 76%|███████▌  | 1521/2000 [3:46:32<1:08:27,  8.57s/it]
 76%|███████▌  | 1522/2000 [3:46:41<1:09:47,  8.76s/it]
                                                       
{'loss': '0.8761', 'grad_norm': '0.3356', 'learning_rate': '1.648e-06', 'epoch': '12.18'}

 76%|███████▌  | 1522/2000 [3:46:41<1:09:47,  8.76s/it]
 76%|███████▌  | 1523/2000 [3:46:50<1:09:47,  8.78s/it]
                                                       
{'loss': '0.5855', 'grad_norm': '0.3255', 'learning_rate': '1.641e-06', 'epoch': '12.18'}

 76%|███████▌  | 1523/2000 [3:46:50<1:09:47,  8.78s/it]
 76%|███████▌  | 1524/2000 [3:46:59<1:09:12,  8.72s/it]
                                                       
{'loss': '0.8745', 'grad_norm': '0.5037', 'learning_rate': '1.635e-06', 'epoch': '12.19'}

 76%|███████▌  | 1524/2000 [3:46:59<1:09:12,  8.72s/it]
 76%|███████▋  | 1525/2000 [3:47:07<1:07:54,  8.58s/it]
                                                       
{'loss': '0.7854', 'grad_norm': '0.313', 'learning_rate': '1.628e-06', 'epoch': '12.2'}

 76%|███████▋  | 1525/2000 [3:47:07<1:07:54,  8.58s/it]
 76%|███████▋  | 1526/2000 [3:47:16<1:08:05,  8.62s/it]
                                                       
{'loss': '0.7764', 'grad_norm': '0.4894', 'learning_rate': '1.622e-06', 'epoch': '12.21'}

 76%|███████▋  | 1526/2000 [3:47:16<1:08:05,  8.62s/it]
 76%|███████▋  | 1527/2000 [3:47:24<1:08:07,  8.64s/it]
                                                       
{'loss': '0.6893', 'grad_norm': '0.507', 'learning_rate': '1.616e-06', 'epoch': '12.22'}

 76%|███████▋  | 1527/2000 [3:47:24<1:08:07,  8.64s/it]
 76%|███████▋  | 1528/2000 [3:47:33<1:08:36,  8.72s/it]
                                                       
{'loss': '0.7114', 'grad_norm': '0.3266', 'learning_rate': '1.609e-06', 'epoch': '12.22'}

 76%|███████▋  | 1528/2000 [3:47:33<1:08:36,  8.72s/it]
 76%|███████▋  | 1529/2000 [3:47:42<1:08:12,  8.69s/it]
                                                       
{'loss': '0.5552', 'grad_norm': '0.3546', 'learning_rate': '1.603e-06', 'epoch': '12.23'}

 76%|███████▋  | 1529/2000 [3:47:42<1:08:12,  8.69s/it]
 76%|███████▋  | 1530/2000 [3:47:51<1:08:18,  8.72s/it]
                                                       
{'loss': '0.6529', 'grad_norm': '0.4375', 'learning_rate': '1.596e-06', 'epoch': '12.24'}

 76%|███████▋  | 1530/2000 [3:47:51<1:08:18,  8.72s/it]
 77%|███████▋  | 1531/2000 [3:47:59<1:07:17,  8.61s/it]
                                                       
{'loss': '0.6936', 'grad_norm': '0.6539', 'learning_rate': '1.59e-06', 'epoch': '12.25'}

 77%|███████▋  | 1531/2000 [3:47:59<1:07:17,  8.61s/it]
 77%|███████▋  | 1532/2000 [3:48:08<1:08:10,  8.74s/it]
                                                       
{'loss': '0.7307', 'grad_norm': '0.3213', 'learning_rate': '1.584e-06', 'epoch': '12.26'}

 77%|███████▋  | 1532/2000 [3:48:08<1:08:10,  8.74s/it]
 77%|███████▋  | 1533/2000 [3:48:16<1:06:38,  8.56s/it]
                                                       
{'loss': '0.9243', 'grad_norm': '0.4056', 'learning_rate': '1.577e-06', 'epoch': '12.26'}

 77%|███████▋  | 1533/2000 [3:48:16<1:06:38,  8.56s/it]
 77%|███████▋  | 1534/2000 [3:48:25<1:06:57,  8.62s/it]
                                                       
{'loss': '0.715', 'grad_norm': '0.6013', 'learning_rate': '1.571e-06', 'epoch': '12.27'}

 77%|███████▋  | 1534/2000 [3:48:25<1:06:57,  8.62s/it]
 77%|███████▋  | 1535/2000 [3:48:34<1:07:46,  8.74s/it]
                                                       
{'loss': '0.5428', 'grad_norm': '0.4827', 'learning_rate': '1.565e-06', 'epoch': '12.28'}

 77%|███████▋  | 1535/2000 [3:48:34<1:07:46,  8.74s/it]
 77%|███████▋  | 1536/2000 [3:48:43<1:07:28,  8.73s/it]
                                                       
{'loss': '0.6185', 'grad_norm': '0.3022', 'learning_rate': '1.558e-06', 'epoch': '12.29'}

 77%|███████▋  | 1536/2000 [3:48:43<1:07:28,  8.73s/it]
 77%|███████▋  | 1537/2000 [3:48:52<1:07:42,  8.78s/it]
                                                       
{'loss': '0.6537', 'grad_norm': '0.3288', 'learning_rate': '1.552e-06', 'epoch': '12.3'}

 77%|███████▋  | 1537/2000 [3:48:52<1:07:42,  8.78s/it]
 77%|███████▋  | 1538/2000 [3:49:00<1:07:24,  8.75s/it]
                                                       
{'loss': '0.6574', 'grad_norm': '0.4569', 'learning_rate': '1.546e-06', 'epoch': '12.3'}

 77%|███████▋  | 1538/2000 [3:49:00<1:07:24,  8.75s/it]
 77%|███████▋  | 1539/2000 [3:49:09<1:06:37,  8.67s/it]
                                                       
{'loss': '0.6179', 'grad_norm': '0.4886', 'learning_rate': '1.539e-06', 'epoch': '12.31'}

 77%|███████▋  | 1539/2000 [3:49:09<1:06:37,  8.67s/it]
 77%|███████▋  | 1540/2000 [3:49:18<1:08:22,  8.92s/it]
                                                       
{'loss': '0.7058', 'grad_norm': '0.3286', 'learning_rate': '1.533e-06', 'epoch': '12.32'}

 77%|███████▋  | 1540/2000 [3:49:18<1:08:22,  8.92s/it]
 77%|███████▋  | 1541/2000 [3:49:27<1:07:10,  8.78s/it]
                                                       
{'loss': '0.7931', 'grad_norm': '0.1788', 'learning_rate': '1.527e-06', 'epoch': '12.33'}

 77%|███████▋  | 1541/2000 [3:49:27<1:07:10,  8.78s/it]
 77%|███████▋  | 1542/2000 [3:49:37<1:09:45,  9.14s/it]
                                                       
{'loss': '0.8292', 'grad_norm': '0.2181', 'learning_rate': '1.52e-06', 'epoch': '12.34'}

 77%|███████▋  | 1542/2000 [3:49:37<1:09:45,  9.14s/it]
 77%|███████▋  | 1543/2000 [3:49:45<1:07:56,  8.92s/it]
                                                       
{'loss': '0.8337', 'grad_norm': '0.4141', 'learning_rate': '1.514e-06', 'epoch': '12.34'}

 77%|███████▋  | 1543/2000 [3:49:45<1:07:56,  8.92s/it]
 77%|███████▋  | 1544/2000 [3:49:53<1:06:04,  8.69s/it]
                                                       
{'loss': '0.7122', 'grad_norm': '0.3054', 'learning_rate': '1.508e-06', 'epoch': '12.35'}

 77%|███████▋  | 1544/2000 [3:49:53<1:06:04,  8.69s/it]
 77%|███████▋  | 1545/2000 [3:50:03<1:07:22,  8.88s/it]
                                                       
{'loss': '0.6902', 'grad_norm': '0.272', 'learning_rate': '1.502e-06', 'epoch': '12.36'}

 77%|███████▋  | 1545/2000 [3:50:03<1:07:22,  8.88s/it]
 77%|███████▋  | 1546/2000 [3:50:11<1:06:14,  8.75s/it]
                                                       
{'loss': '0.7006', 'grad_norm': '0.3634', 'learning_rate': '1.495e-06', 'epoch': '12.37'}

 77%|███████▋  | 1546/2000 [3:50:11<1:06:14,  8.75s/it]
 77%|███████▋  | 1547/2000 [3:50:19<1:04:35,  8.55s/it]
                                                       
{'loss': '0.5659', 'grad_norm': '0.4851', 'learning_rate': '1.489e-06', 'epoch': '12.38'}

 77%|███████▋  | 1547/2000 [3:50:19<1:04:35,  8.55s/it]
 77%|███████▋  | 1548/2000 [3:50:29<1:06:25,  8.82s/it]
                                                       
{'loss': '0.5301', 'grad_norm': '0.498', 'learning_rate': '1.483e-06', 'epoch': '12.38'}

 77%|███████▋  | 1548/2000 [3:50:29<1:06:25,  8.82s/it]
 77%|███████▋  | 1549/2000 [3:50:37<1:05:13,  8.68s/it]
                                                       
{'loss': '0.7741', 'grad_norm': '0.3044', 'learning_rate': '1.477e-06', 'epoch': '12.39'}

 77%|███████▋  | 1549/2000 [3:50:37<1:05:13,  8.68s/it]
 78%|███████▊  | 1550/2000 [3:50:46<1:05:54,  8.79s/it]
                                                       
{'loss': '0.4944', 'grad_norm': '0.365', 'learning_rate': '1.471e-06', 'epoch': '12.4'}

 78%|███████▊  | 1550/2000 [3:50:46<1:05:54,  8.79s/it]
 78%|███████▊  | 1551/2000 [3:50:55<1:06:32,  8.89s/it]
                                                       
{'loss': '0.8411', 'grad_norm': '0.408', 'learning_rate': '1.464e-06', 'epoch': '12.41'}

 78%|███████▊  | 1551/2000 [3:50:55<1:06:32,  8.89s/it]
 78%|███████▊  | 1552/2000 [3:51:04<1:05:42,  8.80s/it]
                                                       
{'loss': '0.6252', 'grad_norm': '0.3198', 'learning_rate': '1.458e-06', 'epoch': '12.42'}

 78%|███████▊  | 1552/2000 [3:51:04<1:05:42,  8.80s/it]
 78%|███████▊  | 1553/2000 [3:51:12<1:05:31,  8.79s/it]
                                                       
{'loss': '0.5816', 'grad_norm': '0.4084', 'learning_rate': '1.452e-06', 'epoch': '12.42'}

 78%|███████▊  | 1553/2000 [3:51:12<1:05:31,  8.79s/it]
 78%|███████▊  | 1554/2000 [3:51:21<1:05:32,  8.82s/it]
                                                       
{'loss': '0.9028', 'grad_norm': '0.3676', 'learning_rate': '1.446e-06', 'epoch': '12.43'}

 78%|███████▊  | 1554/2000 [3:51:21<1:05:32,  8.82s/it]
 78%|███████▊  | 1555/2000 [3:51:30<1:04:14,  8.66s/it]
                                                       
{'loss': '0.897', 'grad_norm': '0.4576', 'learning_rate': '1.44e-06', 'epoch': '12.44'}

 78%|███████▊  | 1555/2000 [3:51:30<1:04:14,  8.66s/it]
 78%|███████▊  | 1556/2000 [3:51:38<1:04:26,  8.71s/it]
                                                       
{'loss': '0.4247', 'grad_norm': '0.3475', 'learning_rate': '1.434e-06', 'epoch': '12.45'}

 78%|███████▊  | 1556/2000 [3:51:38<1:04:26,  8.71s/it]
 78%|███████▊  | 1557/2000 [3:51:47<1:03:05,  8.55s/it]
                                                       
{'loss': '0.336', 'grad_norm': '0.471', 'learning_rate': '1.428e-06', 'epoch': '12.46'}

 78%|███████▊  | 1557/2000 [3:51:47<1:03:05,  8.55s/it]
 78%|███████▊  | 1558/2000 [3:51:55<1:02:04,  8.43s/it]
                                                       
{'loss': '1.1', 'grad_norm': '0.6501', 'learning_rate': '1.422e-06', 'epoch': '12.46'}

 78%|███████▊  | 1558/2000 [3:51:55<1:02:04,  8.43s/it]
 78%|███████▊  | 1559/2000 [3:52:04<1:03:03,  8.58s/it]
                                                       
{'loss': '0.9414', 'grad_norm': '0.4693', 'learning_rate': '1.415e-06', 'epoch': '12.47'}

 78%|███████▊  | 1559/2000 [3:52:04<1:03:03,  8.58s/it]
 78%|███████▊  | 1560/2000 [3:52:12<1:03:11,  8.62s/it]
                                                       
{'loss': '0.8353', 'grad_norm': '0.3442', 'learning_rate': '1.409e-06', 'epoch': '12.48'}

 78%|███████▊  | 1560/2000 [3:52:12<1:03:11,  8.62s/it]
 78%|███████▊  | 1561/2000 [3:52:20<1:01:25,  8.39s/it]
                                                       
{'loss': '0.5165', 'grad_norm': '0.3631', 'learning_rate': '1.403e-06', 'epoch': '12.49'}

 78%|███████▊  | 1561/2000 [3:52:20<1:01:25,  8.39s/it]
 78%|███████▊  | 1562/2000 [3:52:30<1:03:34,  8.71s/it]
                                                       
{'loss': '0.6057', 'grad_norm': '0.4238', 'learning_rate': '1.397e-06', 'epoch': '12.5'}

 78%|███████▊  | 1562/2000 [3:52:30<1:03:34,  8.71s/it]
 78%|███████▊  | 1563/2000 [3:52:38<1:01:57,  8.51s/it]
                                                       
{'loss': '0.5486', 'grad_norm': '0.3364', 'learning_rate': '1.391e-06', 'epoch': '12.5'}

 78%|███████▊  | 1563/2000 [3:52:38<1:01:57,  8.51s/it]
 78%|███████▊  | 1564/2000 [3:52:47<1:04:10,  8.83s/it]
                                                       
{'loss': '0.7461', 'grad_norm': '0.3179', 'learning_rate': '1.385e-06', 'epoch': '12.51'}

 78%|███████▊  | 1564/2000 [3:52:47<1:04:10,  8.83s/it]
 78%|███████▊  | 1565/2000 [3:52:56<1:03:47,  8.80s/it]
                                                       
{'loss': '0.522', 'grad_norm': '0.1864', 'learning_rate': '1.379e-06', 'epoch': '12.52'}

 78%|███████▊  | 1565/2000 [3:52:56<1:03:47,  8.80s/it]
 78%|███████▊  | 1566/2000 [3:53:05<1:03:17,  8.75s/it]
                                                       
{'loss': '0.6439', 'grad_norm': '0.375', 'learning_rate': '1.373e-06', 'epoch': '12.53'}

 78%|███████▊  | 1566/2000 [3:53:05<1:03:17,  8.75s/it]
 78%|███████▊  | 1567/2000 [3:53:14<1:04:17,  8.91s/it]
                                                       
{'loss': '0.7983', 'grad_norm': '0.3833', 'learning_rate': '1.367e-06', 'epoch': '12.54'}

 78%|███████▊  | 1567/2000 [3:53:14<1:04:17,  8.91s/it]
 78%|███████▊  | 1568/2000 [3:53:22<1:03:17,  8.79s/it]
                                                       
{'loss': '0.7001', 'grad_norm': '0.2886', 'learning_rate': '1.361e-06', 'epoch': '12.54'}

 78%|███████▊  | 1568/2000 [3:53:23<1:03:17,  8.79s/it]
 78%|███████▊  | 1569/2000 [3:53:31<1:03:05,  8.78s/it]
                                                       
{'loss': '0.8871', 'grad_norm': '0.205', 'learning_rate': '1.355e-06', 'epoch': '12.55'}

 78%|███████▊  | 1569/2000 [3:53:31<1:03:05,  8.78s/it]
 78%|███████▊  | 1570/2000 [3:53:40<1:03:30,  8.86s/it]
                                                       
{'loss': '0.6368', 'grad_norm': '0.4703', 'learning_rate': '1.349e-06', 'epoch': '12.56'}

 78%|███████▊  | 1570/2000 [3:53:40<1:03:30,  8.86s/it]
 79%|███████▊  | 1571/2000 [3:53:49<1:03:29,  8.88s/it]
                                                       
{'loss': '0.6267', 'grad_norm': '0.5065', 'learning_rate': '1.343e-06', 'epoch': '12.57'}

 79%|███████▊  | 1571/2000 [3:53:49<1:03:29,  8.88s/it]
 79%|███████▊  | 1572/2000 [3:53:57<1:01:08,  8.57s/it]
                                                       
{'loss': '0.5319', 'grad_norm': '0.4226', 'learning_rate': '1.337e-06', 'epoch': '12.58'}

 79%|███████▊  | 1572/2000 [3:53:57<1:01:08,  8.57s/it]
 79%|███████▊  | 1573/2000 [3:54:06<1:01:05,  8.59s/it]
                                                       
{'loss': '0.7754', 'grad_norm': '0.4415', 'learning_rate': '1.331e-06', 'epoch': '12.58'}

 79%|███████▊  | 1573/2000 [3:54:06<1:01:05,  8.59s/it]
 79%|███████▊  | 1574/2000 [3:54:14<1:00:36,  8.54s/it]
                                                       
{'loss': '0.6839', 'grad_norm': '0.3123', 'learning_rate': '1.325e-06', 'epoch': '12.59'}

 79%|███████▊  | 1574/2000 [3:54:14<1:00:36,  8.54s/it]
 79%|███████▉  | 1575/2000 [3:54:23<1:01:49,  8.73s/it]
                                                       
{'loss': '0.724', 'grad_norm': '0.2738', 'learning_rate': '1.32e-06', 'epoch': '12.6'}

 79%|███████▉  | 1575/2000 [3:54:23<1:01:49,  8.73s/it]
 79%|███████▉  | 1576/2000 [3:54:32<1:01:41,  8.73s/it]
                                                       
{'loss': '0.8728', 'grad_norm': '0.4485', 'learning_rate': '1.314e-06', 'epoch': '12.61'}

 79%|███████▉  | 1576/2000 [3:54:32<1:01:41,  8.73s/it]
 79%|███████▉  | 1577/2000 [3:54:40<1:00:18,  8.55s/it]
                                                       
{'loss': '0.6541', 'grad_norm': '0.5823', 'learning_rate': '1.308e-06', 'epoch': '12.62'}

 79%|███████▉  | 1577/2000 [3:54:40<1:00:18,  8.55s/it]
 79%|███████▉  | 1578/2000 [3:54:49<1:01:11,  8.70s/it]
                                                       
{'loss': '0.6687', 'grad_norm': '0.4209', 'learning_rate': '1.302e-06', 'epoch': '12.62'}

 79%|███████▉  | 1578/2000 [3:54:49<1:01:11,  8.70s/it]
 79%|███████▉  | 1579/2000 [3:54:57<59:19,  8.45s/it]  
                                                     
{'loss': '0.6793', 'grad_norm': '0.5466', 'learning_rate': '1.296e-06', 'epoch': '12.63'}

 79%|███████▉  | 1579/2000 [3:54:57<59:19,  8.45s/it]
 79%|███████▉  | 1580/2000 [3:55:06<1:00:14,  8.61s/it]
                                                       
{'loss': '0.6451', 'grad_norm': '0.3274', 'learning_rate': '1.29e-06', 'epoch': '12.64'}

 79%|███████▉  | 1580/2000 [3:55:06<1:00:14,  8.61s/it]
 79%|███████▉  | 1581/2000 [3:55:14<59:23,  8.50s/it]  
                                                     
{'loss': '0.7251', 'grad_norm': '0.2696', 'learning_rate': '1.284e-06', 'epoch': '12.65'}

 79%|███████▉  | 1581/2000 [3:55:14<59:23,  8.50s/it]
 79%|███████▉  | 1582/2000 [3:55:23<59:02,  8.47s/it]
                                                     
{'loss': '0.8378', 'grad_norm': '0.3928', 'learning_rate': '1.278e-06', 'epoch': '12.66'}

 79%|███████▉  | 1582/2000 [3:55:23<59:02,  8.47s/it]
 79%|███████▉  | 1583/2000 [3:55:32<59:50,  8.61s/it]
                                                     
{'loss': '0.5734', 'grad_norm': '0.4166', 'learning_rate': '1.273e-06', 'epoch': '12.66'}

 79%|███████▉  | 1583/2000 [3:55:32<59:50,  8.61s/it]
 79%|███████▉  | 1584/2000 [3:55:40<59:11,  8.54s/it]
                                                     
{'loss': '0.5496', 'grad_norm': '0.3397', 'learning_rate': '1.267e-06', 'epoch': '12.67'}

 79%|███████▉  | 1584/2000 [3:55:40<59:11,  8.54s/it]
 79%|███████▉  | 1585/2000 [3:55:49<1:00:59,  8.82s/it]
                                                       
{'loss': '0.8091', 'grad_norm': '0.5142', 'learning_rate': '1.261e-06', 'epoch': '12.68'}

 79%|███████▉  | 1585/2000 [3:55:50<1:00:59,  8.82s/it]
 79%|███████▉  | 1586/2000 [3:55:58<59:47,  8.66s/it]  
                                                     
{'loss': '0.5426', 'grad_norm': '0.7117', 'learning_rate': '1.255e-06', 'epoch': '12.69'}

 79%|███████▉  | 1586/2000 [3:55:58<59:47,  8.66s/it]
 79%|███████▉  | 1587/2000 [3:56:06<58:10,  8.45s/it]
                                                     
{'loss': '0.6864', 'grad_norm': '0.379', 'learning_rate': '1.249e-06', 'epoch': '12.7'}

 79%|███████▉  | 1587/2000 [3:56:06<58:10,  8.45s/it]
 79%|███████▉  | 1588/2000 [3:56:15<59:21,  8.64s/it]
                                                     
{'loss': '0.5408', 'grad_norm': '0.3276', 'learning_rate': '1.244e-06', 'epoch': '12.7'}

 79%|███████▉  | 1588/2000 [3:56:15<59:21,  8.64s/it]
 79%|███████▉  | 1589/2000 [3:56:24<1:00:01,  8.76s/it]
                                                       
{'loss': '0.4119', 'grad_norm': '0.4925', 'learning_rate': '1.238e-06', 'epoch': '12.71'}

 79%|███████▉  | 1589/2000 [3:56:24<1:00:01,  8.76s/it]
 80%|███████▉  | 1590/2000 [3:56:32<59:00,  8.63s/it]  
                                                     
{'loss': '0.5801', 'grad_norm': '0.2537', 'learning_rate': '1.232e-06', 'epoch': '12.72'}

 80%|███████▉  | 1590/2000 [3:56:32<59:00,  8.63s/it]
 80%|███████▉  | 1591/2000 [3:56:41<59:06,  8.67s/it]
                                                     
{'loss': '0.8926', 'grad_norm': '0.3028', 'learning_rate': '1.226e-06', 'epoch': '12.73'}

 80%|███████▉  | 1591/2000 [3:56:41<59:06,  8.67s/it]
 80%|███████▉  | 1592/2000 [3:56:49<57:58,  8.53s/it]
                                                     
{'loss': '0.5923', 'grad_norm': '0.5205', 'learning_rate': '1.221e-06', 'epoch': '12.74'}

 80%|███████▉  | 1592/2000 [3:56:49<57:58,  8.53s/it]
 80%|███████▉  | 1593/2000 [3:56:58<57:58,  8.55s/it]
                                                     
{'loss': '0.5691', 'grad_norm': '0.5136', 'learning_rate': '1.215e-06', 'epoch': '12.74'}

 80%|███████▉  | 1593/2000 [3:56:58<57:58,  8.55s/it]
 80%|███████▉  | 1594/2000 [3:57:06<57:11,  8.45s/it]
                                                     
{'loss': '0.4596', 'grad_norm': '0.2403', 'learning_rate': '1.209e-06', 'epoch': '12.75'}

 80%|███████▉  | 1594/2000 [3:57:06<57:11,  8.45s/it]
 80%|███████▉  | 1595/2000 [3:57:15<57:29,  8.52s/it]
                                                     
{'loss': '0.7525', 'grad_norm': '0.4982', 'learning_rate': '1.204e-06', 'epoch': '12.76'}

 80%|███████▉  | 1595/2000 [3:57:15<57:29,  8.52s/it]
 80%|███████▉  | 1596/2000 [3:57:24<58:54,  8.75s/it]
                                                     
{'loss': '0.5698', 'grad_norm': '0.2308', 'learning_rate': '1.198e-06', 'epoch': '12.77'}

 80%|███████▉  | 1596/2000 [3:57:24<58:54,  8.75s/it]
 80%|███████▉  | 1597/2000 [3:57:33<58:56,  8.78s/it]
                                                     
{'loss': '0.7711', 'grad_norm': '0.4082', 'learning_rate': '1.192e-06', 'epoch': '12.78'}

 80%|███████▉  | 1597/2000 [3:57:33<58:56,  8.78s/it]
 80%|███████▉  | 1598/2000 [3:57:41<58:21,  8.71s/it]
                                                     
{'loss': '0.7162', 'grad_norm': '0.2966', 'learning_rate': '1.187e-06', 'epoch': '12.78'}

 80%|███████▉  | 1598/2000 [3:57:41<58:21,  8.71s/it]
 80%|███████▉  | 1599/2000 [3:57:50<58:10,  8.70s/it]
                                                     
{'loss': '0.6594', 'grad_norm': '0.3868', 'learning_rate': '1.181e-06', 'epoch': '12.79'}

 80%|███████▉  | 1599/2000 [3:57:50<58:10,  8.70s/it]
 80%|████████  | 1600/2000 [3:57:59<58:05,  8.71s/it]
                                                     
{'loss': '0.6245', 'grad_norm': '0.3994', 'learning_rate': '1.175e-06', 'epoch': '12.8'}

 80%|████████  | 1600/2000 [3:57:59<58:05,  8.71s/it]
 80%|████████  | 1601/2000 [3:58:08<59:41,  8.98s/it]
                                                     
{'loss': '0.6331', 'grad_norm': '0.4264', 'learning_rate': '1.17e-06', 'epoch': '12.81'}

 80%|████████  | 1601/2000 [3:58:08<59:41,  8.98s/it]
 80%|████████  | 1602/2000 [3:58:16<57:51,  8.72s/it]
                                                     
{'loss': '0.6687', 'grad_norm': '0.4927', 'learning_rate': '1.164e-06', 'epoch': '12.82'}

 80%|████████  | 1602/2000 [3:58:16<57:51,  8.72s/it]
 80%|████████  | 1603/2000 [3:58:25<56:20,  8.52s/it]
                                                     
{'loss': '0.5753', 'grad_norm': '0.4069', 'learning_rate': '1.159e-06', 'epoch': '12.82'}

 80%|████████  | 1603/2000 [3:58:25<56:20,  8.52s/it]
 80%|████████  | 1604/2000 [3:58:34<57:16,  8.68s/it]
                                                     
{'loss': '0.5903', 'grad_norm': '0.4048', 'learning_rate': '1.153e-06', 'epoch': '12.83'}

 80%|████████  | 1604/2000 [3:58:34<57:16,  8.68s/it]
 80%|████████  | 1605/2000 [3:58:42<56:53,  8.64s/it]
                                                     
{'loss': '0.7275', 'grad_norm': '0.3515', 'learning_rate': '1.147e-06', 'epoch': '12.84'}

 80%|████████  | 1605/2000 [3:58:42<56:53,  8.64s/it]
 80%|████████  | 1606/2000 [3:58:50<55:45,  8.49s/it]
                                                     
{'loss': '0.5951', 'grad_norm': '0.4362', 'learning_rate': '1.142e-06', 'epoch': '12.85'}

 80%|████████  | 1606/2000 [3:58:50<55:45,  8.49s/it]
 80%|████████  | 1607/2000 [3:58:59<56:57,  8.70s/it]
                                                     
{'loss': '0.3599', 'grad_norm': '0.4299', 'learning_rate': '1.136e-06', 'epoch': '12.86'}

 80%|████████  | 1607/2000 [3:59:00<56:57,  8.70s/it]
 80%|████████  | 1608/2000 [3:59:09<58:01,  8.88s/it]
                                                     
{'loss': '0.7302', 'grad_norm': '0.383', 'learning_rate': '1.131e-06', 'epoch': '12.86'}

 80%|████████  | 1608/2000 [3:59:09<58:01,  8.88s/it]
 80%|████████  | 1609/2000 [3:59:18<58:20,  8.95s/it]
                                                     
{'loss': '0.777', 'grad_norm': '0.5197', 'learning_rate': '1.125e-06', 'epoch': '12.87'}

 80%|████████  | 1609/2000 [3:59:18<58:20,  8.95s/it]
 80%|████████  | 1610/2000 [3:59:27<59:07,  9.10s/it]
                                                     
{'loss': '0.8669', 'grad_norm': '0.7105', 'learning_rate': '1.12e-06', 'epoch': '12.88'}

 80%|████████  | 1610/2000 [3:59:27<59:07,  9.10s/it]
 81%|████████  | 1611/2000 [3:59:35<57:01,  8.80s/it]
                                                     
{'loss': '0.648', 'grad_norm': '0.402', 'learning_rate': '1.114e-06', 'epoch': '12.89'}

 81%|████████  | 1611/2000 [3:59:35<57:01,  8.80s/it]
 81%|████████  | 1612/2000 [3:59:44<56:34,  8.75s/it]
                                                     
{'loss': '0.5532', 'grad_norm': '0.2447', 'learning_rate': '1.109e-06', 'epoch': '12.9'}

 81%|████████  | 1612/2000 [3:59:44<56:34,  8.75s/it]
 81%|████████  | 1613/2000 [3:59:53<56:28,  8.76s/it]
                                                     
{'loss': '0.673', 'grad_norm': '0.4955', 'learning_rate': '1.103e-06', 'epoch': '12.9'}

 81%|████████  | 1613/2000 [3:59:53<56:28,  8.76s/it]
 81%|████████  | 1614/2000 [4:00:01<55:46,  8.67s/it]
                                                     
{'loss': '1.044', 'grad_norm': '0.2736', 'learning_rate': '1.098e-06', 'epoch': '12.91'}

 81%|████████  | 1614/2000 [4:00:01<55:46,  8.67s/it]
 81%|████████  | 1615/2000 [4:00:11<56:47,  8.85s/it]
                                                     
{'loss': '0.7742', 'grad_norm': '0.5192', 'learning_rate': '1.092e-06', 'epoch': '12.92'}

 81%|████████  | 1615/2000 [4:00:11<56:47,  8.85s/it]
 81%|████████  | 1616/2000 [4:00:18<54:53,  8.58s/it]
                                                     
{'loss': '0.564', 'grad_norm': '0.2839', 'learning_rate': '1.087e-06', 'epoch': '12.93'}

 81%|████████  | 1616/2000 [4:00:19<54:53,  8.58s/it]
 81%|████████  | 1617/2000 [4:00:27<53:56,  8.45s/it]
                                                     
{'loss': '0.6896', 'grad_norm': '0.4326', 'learning_rate': '1.082e-06', 'epoch': '12.94'}

 81%|████████  | 1617/2000 [4:00:27<53:56,  8.45s/it]
 81%|████████  | 1618/2000 [4:00:36<55:15,  8.68s/it]
                                                     
{'loss': '0.4599', 'grad_norm': '0.4356', 'learning_rate': '1.076e-06', 'epoch': '12.94'}

 81%|████████  | 1618/2000 [4:00:36<55:15,  8.68s/it]
 81%|████████  | 1619/2000 [4:00:44<53:53,  8.49s/it]
                                                     
{'loss': '0.6739', 'grad_norm': '0.5157', 'learning_rate': '1.071e-06', 'epoch': '12.95'}

 81%|████████  | 1619/2000 [4:00:44<53:53,  8.49s/it]
 81%|████████  | 1620/2000 [4:00:52<53:51,  8.50s/it]
                                                     
{'loss': '0.5757', 'grad_norm': '0.3338', 'learning_rate': '1.065e-06', 'epoch': '12.96'}

 81%|████████  | 1620/2000 [4:00:52<53:51,  8.50s/it]
 81%|████████  | 1621/2000 [4:01:02<55:10,  8.74s/it]
                                                     
{'loss': '0.635', 'grad_norm': '0.4465', 'learning_rate': '1.06e-06', 'epoch': '12.97'}

 81%|████████  | 1621/2000 [4:01:02<55:10,  8.74s/it]
 81%|████████  | 1622/2000 [4:01:10<53:57,  8.56s/it]
                                                     
{'loss': '1.126', 'grad_norm': '0.5474', 'learning_rate': '1.055e-06', 'epoch': '12.98'}

 81%|████████  | 1622/2000 [4:01:10<53:57,  8.56s/it]
 81%|████████  | 1623/2000 [4:01:20<55:49,  8.89s/it]
                                                     
{'loss': '0.7361', 'grad_norm': '0.5122', 'learning_rate': '1.049e-06', 'epoch': '12.98'}

 81%|████████  | 1623/2000 [4:01:20<55:49,  8.89s/it]
 81%|████████  | 1624/2000 [4:01:28<55:19,  8.83s/it]
                                                     
{'loss': '0.8027', 'grad_norm': '0.2752', 'learning_rate': '1.044e-06', 'epoch': '12.99'}

 81%|████████  | 1624/2000 [4:01:28<55:19,  8.83s/it]
 81%|████████▏ | 1625/2000 [4:01:37<54:12,  8.67s/it]
                                                     
{'loss': '0.6922', 'grad_norm': '0.3339', 'learning_rate': '1.039e-06', 'epoch': '13'}

 81%|████████▏ | 1625/2000 [4:01:37<54:12,  8.67s/it]
 81%|████████▏ | 1626/2000 [4:01:47<56:48,  9.11s/it]
                                                     
{'loss': '0.5252', 'grad_norm': '0.2925', 'learning_rate': '1.033e-06', 'epoch': '13.01'}

 81%|████████▏ | 1626/2000 [4:01:47<56:48,  9.11s/it]
 81%|████████▏ | 1627/2000 [4:01:55<55:25,  8.91s/it]
                                                     
{'loss': '0.7227', 'grad_norm': '0.3085', 'learning_rate': '1.028e-06', 'epoch': '13.02'}

 81%|████████▏ | 1627/2000 [4:01:55<55:25,  8.91s/it]
 81%|████████▏ | 1628/2000 [4:02:04<56:02,  9.04s/it]
                                                     
{'loss': '0.8364', 'grad_norm': '0.2408', 'learning_rate': '1.023e-06', 'epoch': '13.02'}

 81%|████████▏ | 1628/2000 [4:02:04<56:02,  9.04s/it]
 81%|████████▏ | 1629/2000 [4:02:13<55:15,  8.94s/it]
                                                     
{'loss': '0.667', 'grad_norm': '0.3365', 'learning_rate': '1.017e-06', 'epoch': '13.03'}

 81%|████████▏ | 1629/2000 [4:02:13<55:15,  8.94s/it]
 82%|████████▏ | 1630/2000 [4:02:22<54:20,  8.81s/it]
                                                     
{'loss': '0.6647', 'grad_norm': '0.2119', 'learning_rate': '1.012e-06', 'epoch': '13.04'}

 82%|████████▏ | 1630/2000 [4:02:22<54:20,  8.81s/it]
 82%|████████▏ | 1631/2000 [4:02:31<54:49,  8.92s/it]
                                                     
{'loss': '0.5013', 'grad_norm': '0.4027', 'learning_rate': '1.007e-06', 'epoch': '13.05'}

 82%|████████▏ | 1631/2000 [4:02:31<54:49,  8.92s/it]
 82%|████████▏ | 1632/2000 [4:02:39<52:41,  8.59s/it]
                                                     
{'loss': '0.7365', 'grad_norm': '0.4397', 'learning_rate': '1.002e-06', 'epoch': '13.06'}

 82%|████████▏ | 1632/2000 [4:02:39<52:41,  8.59s/it]
 82%|████████▏ | 1633/2000 [4:02:47<52:16,  8.55s/it]
                                                     
{'loss': '0.5417', 'grad_norm': '0.4362', 'learning_rate': '9.963e-07', 'epoch': '13.06'}

 82%|████████▏ | 1633/2000 [4:02:47<52:16,  8.55s/it]
 82%|████████▏ | 1634/2000 [4:02:56<52:43,  8.64s/it]
                                                     
{'loss': '0.5087', 'grad_norm': '0.4488', 'learning_rate': '9.911e-07', 'epoch': '13.07'}

 82%|████████▏ | 1634/2000 [4:02:56<52:43,  8.64s/it]
 82%|████████▏ | 1635/2000 [4:03:05<52:42,  8.67s/it]
                                                     
{'loss': '0.6627', 'grad_norm': '0.4826', 'learning_rate': '9.859e-07', 'epoch': '13.08'}

 82%|████████▏ | 1635/2000 [4:03:05<52:42,  8.67s/it]
 82%|████████▏ | 1636/2000 [4:03:13<52:42,  8.69s/it]
                                                     
{'loss': '0.4365', 'grad_norm': '0.4042', 'learning_rate': '9.807e-07', 'epoch': '13.09'}

 82%|████████▏ | 1636/2000 [4:03:13<52:42,  8.69s/it]
 82%|████████▏ | 1637/2000 [4:03:23<54:06,  8.94s/it]
                                                     
{'loss': '0.7621', 'grad_norm': '0.3089', 'learning_rate': '9.755e-07', 'epoch': '13.1'}

 82%|████████▏ | 1637/2000 [4:03:23<54:06,  8.94s/it]
 82%|████████▏ | 1638/2000 [4:03:31<52:13,  8.66s/it]
                                                     
{'loss': '0.616', 'grad_norm': '0.5117', 'learning_rate': '9.704e-07', 'epoch': '13.1'}

 82%|████████▏ | 1638/2000 [4:03:31<52:13,  8.66s/it]
 82%|████████▏ | 1639/2000 [4:03:40<53:08,  8.83s/it]
                                                     
{'loss': '0.6796', 'grad_norm': '0.3428', 'learning_rate': '9.652e-07', 'epoch': '13.11'}

 82%|████████▏ | 1639/2000 [4:03:40<53:08,  8.83s/it]
 82%|████████▏ | 1640/2000 [4:03:49<53:02,  8.84s/it]
                                                     
{'loss': '0.9243', 'grad_norm': '0.379', 'learning_rate': '9.601e-07', 'epoch': '13.12'}

 82%|████████▏ | 1640/2000 [4:03:49<53:02,  8.84s/it]
 82%|████████▏ | 1641/2000 [4:03:58<52:27,  8.77s/it]
                                                     
{'loss': '0.4449', 'grad_norm': '0.2349', 'learning_rate': '9.549e-07', 'epoch': '13.13'}

 82%|████████▏ | 1641/2000 [4:03:58<52:27,  8.77s/it]
 82%|████████▏ | 1642/2000 [4:04:06<51:55,  8.70s/it]
                                                     
{'loss': '0.8999', 'grad_norm': '0.4274', 'learning_rate': '9.498e-07', 'epoch': '13.14'}

 82%|████████▏ | 1642/2000 [4:04:06<51:55,  8.70s/it]
 82%|████████▏ | 1643/2000 [4:04:15<51:36,  8.67s/it]
                                                     
{'loss': '0.7368', 'grad_norm': '0.3074', 'learning_rate': '9.447e-07', 'epoch': '13.14'}

 82%|████████▏ | 1643/2000 [4:04:15<51:36,  8.67s/it]
 82%|████████▏ | 1644/2000 [4:04:24<51:58,  8.76s/it]
                                                     
{'loss': '0.5974', 'grad_norm': '0.3842', 'learning_rate': '9.396e-07', 'epoch': '13.15'}

 82%|████████▏ | 1644/2000 [4:04:24<51:58,  8.76s/it]
 82%|████████▏ | 1645/2000 [4:04:33<51:57,  8.78s/it]
                                                     
{'loss': '0.7358', 'grad_norm': '0.3463', 'learning_rate': '9.345e-07', 'epoch': '13.16'}

 82%|████████▏ | 1645/2000 [4:04:33<51:57,  8.78s/it]
 82%|████████▏ | 1646/2000 [4:04:41<50:47,  8.61s/it]
                                                     
{'loss': '0.6883', 'grad_norm': '0.3655', 'learning_rate': '9.294e-07', 'epoch': '13.17'}

 82%|████████▏ | 1646/2000 [4:04:41<50:47,  8.61s/it]
 82%|████████▏ | 1647/2000 [4:04:49<50:28,  8.58s/it]
                                                     
{'loss': '0.7585', 'grad_norm': '0.4214', 'learning_rate': '9.244e-07', 'epoch': '13.18'}

 82%|████████▏ | 1647/2000 [4:04:49<50:28,  8.58s/it]
 82%|████████▏ | 1648/2000 [4:04:58<50:37,  8.63s/it]
                                                     
{'loss': '0.5295', 'grad_norm': '0.484', 'learning_rate': '9.193e-07', 'epoch': '13.18'}

 82%|████████▏ | 1648/2000 [4:04:58<50:37,  8.63s/it]
 82%|████████▏ | 1649/2000 [4:05:07<50:54,  8.70s/it]
                                                     
{'loss': '0.6037', 'grad_norm': '0.4619', 'learning_rate': '9.143e-07', 'epoch': '13.19'}

 82%|████████▏ | 1649/2000 [4:05:07<50:54,  8.70s/it]
 82%|████████▎ | 1650/2000 [4:05:16<51:04,  8.76s/it]
                                                     
{'loss': '0.8127', 'grad_norm': '0.2036', 'learning_rate': '9.093e-07', 'epoch': '13.2'}

 82%|████████▎ | 1650/2000 [4:05:16<51:04,  8.76s/it]
 83%|████████▎ | 1651/2000 [4:05:24<50:11,  8.63s/it]
                                                     
{'loss': '0.5371', 'grad_norm': '0.3647', 'learning_rate': '9.042e-07', 'epoch': '13.21'}

 83%|████████▎ | 1651/2000 [4:05:24<50:11,  8.63s/it]
 83%|████████▎ | 1652/2000 [4:05:33<50:16,  8.67s/it]
                                                     
{'loss': '0.9802', 'grad_norm': '0.6428', 'learning_rate': '8.992e-07', 'epoch': '13.22'}

 83%|████████▎ | 1652/2000 [4:05:33<50:16,  8.67s/it]
 83%|████████▎ | 1653/2000 [4:05:41<49:53,  8.63s/it]
                                                     
{'loss': '0.7659', 'grad_norm': '0.2676', 'learning_rate': '8.943e-07', 'epoch': '13.22'}

 83%|████████▎ | 1653/2000 [4:05:41<49:53,  8.63s/it]
 83%|████████▎ | 1654/2000 [4:05:50<49:25,  8.57s/it]
                                                     
{'loss': '0.5194', 'grad_norm': '0.4109', 'learning_rate': '8.893e-07', 'epoch': '13.23'}

 83%|████████▎ | 1654/2000 [4:05:50<49:25,  8.57s/it]
 83%|████████▎ | 1655/2000 [4:05:59<49:53,  8.68s/it]
                                                     
{'loss': '0.9994', 'grad_norm': '0.4126', 'learning_rate': '8.843e-07', 'epoch': '13.24'}

 83%|████████▎ | 1655/2000 [4:05:59<49:53,  8.68s/it]
 83%|████████▎ | 1656/2000 [4:06:08<50:31,  8.81s/it]
                                                     
{'loss': '0.66', 'grad_norm': '0.3151', 'learning_rate': '8.794e-07', 'epoch': '13.25'}

 83%|████████▎ | 1656/2000 [4:06:08<50:31,  8.81s/it]
 83%|████████▎ | 1657/2000 [4:06:17<50:40,  8.87s/it]
                                                     
{'loss': '0.5015', 'grad_norm': '0.3394', 'learning_rate': '8.744e-07', 'epoch': '13.26'}

 83%|████████▎ | 1657/2000 [4:06:17<50:40,  8.87s/it]
 83%|████████▎ | 1658/2000 [4:06:25<49:31,  8.69s/it]
                                                     
{'loss': '0.8043', 'grad_norm': '0.368', 'learning_rate': '8.695e-07', 'epoch': '13.26'}

 83%|████████▎ | 1658/2000 [4:06:25<49:31,  8.69s/it]
 83%|████████▎ | 1659/2000 [4:06:34<49:54,  8.78s/it]
                                                     
{'loss': '0.6832', 'grad_norm': '0.405', 'learning_rate': '8.646e-07', 'epoch': '13.27'}

 83%|████████▎ | 1659/2000 [4:06:34<49:54,  8.78s/it]
 83%|████████▎ | 1660/2000 [4:06:43<49:42,  8.77s/it]
                                                     
{'loss': '0.7863', 'grad_norm': '0.4468', 'learning_rate': '8.597e-07', 'epoch': '13.28'}

 83%|████████▎ | 1660/2000 [4:06:43<49:42,  8.77s/it]
 83%|████████▎ | 1661/2000 [4:06:53<51:19,  9.09s/it]
                                                     
{'loss': '0.6663', 'grad_norm': '0.4671', 'learning_rate': '8.548e-07', 'epoch': '13.29'}

 83%|████████▎ | 1661/2000 [4:06:53<51:19,  9.09s/it]
 83%|████████▎ | 1662/2000 [4:07:01<49:44,  8.83s/it]
                                                     
{'loss': '0.59', 'grad_norm': '0.3681', 'learning_rate': '8.499e-07', 'epoch': '13.3'}

 83%|████████▎ | 1662/2000 [4:07:01<49:44,  8.83s/it]
 83%|████████▎ | 1663/2000 [4:07:09<48:51,  8.70s/it]
                                                     
{'loss': '0.661', 'grad_norm': '0.3253', 'learning_rate': '8.451e-07', 'epoch': '13.3'}

 83%|████████▎ | 1663/2000 [4:07:09<48:51,  8.70s/it]
 83%|████████▎ | 1664/2000 [4:07:18<48:51,  8.72s/it]
                                                     
{'loss': '0.4094', 'grad_norm': '0.4361', 'learning_rate': '8.402e-07', 'epoch': '13.31'}

 83%|████████▎ | 1664/2000 [4:07:18<48:51,  8.72s/it]
 83%|████████▎ | 1665/2000 [4:07:26<47:50,  8.57s/it]
                                                     
{'loss': '0.6476', 'grad_norm': '0.2651', 'learning_rate': '8.354e-07', 'epoch': '13.32'}

 83%|████████▎ | 1665/2000 [4:07:26<47:50,  8.57s/it]
 83%|████████▎ | 1666/2000 [4:07:36<49:02,  8.81s/it]
                                                     
{'loss': '0.9961', 'grad_norm': '0.4866', 'learning_rate': '8.306e-07', 'epoch': '13.33'}

 83%|████████▎ | 1666/2000 [4:07:36<49:02,  8.81s/it]
 83%|████████▎ | 1667/2000 [4:07:44<47:32,  8.57s/it]
                                                     
{'loss': '0.7954', 'grad_norm': '0.4272', 'learning_rate': '8.258e-07', 'epoch': '13.34'}

 83%|████████▎ | 1667/2000 [4:07:44<47:32,  8.57s/it]
 83%|████████▎ | 1668/2000 [4:07:52<47:18,  8.55s/it]
                                                     
{'loss': '0.6091', 'grad_norm': '0.286', 'learning_rate': '8.21e-07', 'epoch': '13.34'}

 83%|████████▎ | 1668/2000 [4:07:52<47:18,  8.55s/it]
 83%|████████▎ | 1669/2000 [4:08:01<47:07,  8.54s/it]
                                                     
{'loss': '0.6864', 'grad_norm': '0.3611', 'learning_rate': '8.162e-07', 'epoch': '13.35'}

 83%|████████▎ | 1669/2000 [4:08:01<47:07,  8.54s/it]
 84%|████████▎ | 1670/2000 [4:08:09<46:17,  8.42s/it]
                                                     
{'loss': '0.5416', 'grad_norm': '0.4996', 'learning_rate': '8.114e-07', 'epoch': '13.36'}

 84%|████████▎ | 1670/2000 [4:08:09<46:17,  8.42s/it]
 84%|████████▎ | 1671/2000 [4:08:17<45:40,  8.33s/it]
                                                     
{'loss': '0.645', 'grad_norm': '0.3614', 'learning_rate': '8.066e-07', 'epoch': '13.37'}

 84%|████████▎ | 1671/2000 [4:08:17<45:40,  8.33s/it]
 84%|████████▎ | 1672/2000 [4:08:26<47:02,  8.60s/it]
                                                     
{'loss': '0.7406', 'grad_norm': '0.4098', 'learning_rate': '8.019e-07', 'epoch': '13.38'}

 84%|████████▎ | 1672/2000 [4:08:26<47:02,  8.60s/it]
 84%|████████▎ | 1673/2000 [4:08:35<46:46,  8.58s/it]
                                                     
{'loss': '0.6829', 'grad_norm': '0.4961', 'learning_rate': '7.972e-07', 'epoch': '13.38'}

 84%|████████▎ | 1673/2000 [4:08:35<46:46,  8.58s/it]
 84%|████████▎ | 1674/2000 [4:08:43<45:43,  8.41s/it]
                                                     
{'loss': '0.5203', 'grad_norm': '0.3978', 'learning_rate': '7.924e-07', 'epoch': '13.39'}

 84%|████████▎ | 1674/2000 [4:08:43<45:43,  8.41s/it]
 84%|████████▍ | 1675/2000 [4:08:52<46:34,  8.60s/it]
                                                     
{'loss': '0.9119', 'grad_norm': '0.3705', 'learning_rate': '7.877e-07', 'epoch': '13.4'}

 84%|████████▍ | 1675/2000 [4:08:52<46:34,  8.60s/it]
 84%|████████▍ | 1676/2000 [4:09:01<47:34,  8.81s/it]
                                                     
{'loss': '0.6241', 'grad_norm': '0.213', 'learning_rate': '7.83e-07', 'epoch': '13.41'}

 84%|████████▍ | 1676/2000 [4:09:01<47:34,  8.81s/it]
 84%|████████▍ | 1677/2000 [4:09:10<47:16,  8.78s/it]
                                                     
{'loss': '0.7009', 'grad_norm': '0.4944', 'learning_rate': '7.784e-07', 'epoch': '13.42'}

 84%|████████▍ | 1677/2000 [4:09:10<47:16,  8.78s/it]
 84%|████████▍ | 1678/2000 [4:09:19<47:33,  8.86s/it]
                                                     
{'loss': '0.5597', 'grad_norm': '0.3141', 'learning_rate': '7.737e-07', 'epoch': '13.42'}

 84%|████████▍ | 1678/2000 [4:09:19<47:33,  8.86s/it]
 84%|████████▍ | 1679/2000 [4:09:27<46:40,  8.72s/it]
                                                     
{'loss': '0.5181', 'grad_norm': '0.32', 'learning_rate': '7.69e-07', 'epoch': '13.43'}

 84%|████████▍ | 1679/2000 [4:09:27<46:40,  8.72s/it]
 84%|████████▍ | 1680/2000 [4:09:37<47:57,  8.99s/it]
                                                     
{'loss': '0.8311', 'grad_norm': '0.2969', 'learning_rate': '7.644e-07', 'epoch': '13.44'}

 84%|████████▍ | 1680/2000 [4:09:37<47:57,  8.99s/it]
 84%|████████▍ | 1681/2000 [4:09:46<47:07,  8.86s/it]
                                                     
{'loss': '0.6709', 'grad_norm': '0.5185', 'learning_rate': '7.598e-07', 'epoch': '13.45'}

 84%|████████▍ | 1681/2000 [4:09:46<47:07,  8.86s/it]
 84%|████████▍ | 1682/2000 [4:09:54<46:47,  8.83s/it]
                                                     
{'loss': '0.8373', 'grad_norm': '0.4338', 'learning_rate': '7.551e-07', 'epoch': '13.46'}

 84%|████████▍ | 1682/2000 [4:09:54<46:47,  8.83s/it]
 84%|████████▍ | 1683/2000 [4:10:03<45:48,  8.67s/it]
                                                     
{'loss': '0.817', 'grad_norm': '0.4672', 'learning_rate': '7.505e-07', 'epoch': '13.46'}

 84%|████████▍ | 1683/2000 [4:10:03<45:48,  8.67s/it]
 84%|████████▍ | 1684/2000 [4:10:11<44:34,  8.46s/it]
                                                     
{'loss': '0.7922', 'grad_norm': '0.503', 'learning_rate': '7.459e-07', 'epoch': '13.47'}

 84%|████████▍ | 1684/2000 [4:10:11<44:34,  8.46s/it]
 84%|████████▍ | 1685/2000 [4:10:19<44:40,  8.51s/it]
                                                     
{'loss': '0.694', 'grad_norm': '0.6126', 'learning_rate': '7.414e-07', 'epoch': '13.48'}

 84%|████████▍ | 1685/2000 [4:10:19<44:40,  8.51s/it]
 84%|████████▍ | 1686/2000 [4:10:27<44:02,  8.42s/it]
                                                     
{'loss': '0.5211', 'grad_norm': '0.2252', 'learning_rate': '7.368e-07', 'epoch': '13.49'}

 84%|████████▍ | 1686/2000 [4:10:27<44:02,  8.42s/it]
 84%|████████▍ | 1687/2000 [4:10:36<43:52,  8.41s/it]
                                                     
{'loss': '0.6733', 'grad_norm': '0.3806', 'learning_rate': '7.322e-07', 'epoch': '13.5'}

 84%|████████▍ | 1687/2000 [4:10:36<43:52,  8.41s/it]
 84%|████████▍ | 1688/2000 [4:10:45<45:20,  8.72s/it]
                                                     
{'loss': '0.7343', 'grad_norm': '0.5548', 'learning_rate': '7.277e-07', 'epoch': '13.5'}

 84%|████████▍ | 1688/2000 [4:10:45<45:20,  8.72s/it]
 84%|████████▍ | 1689/2000 [4:10:53<44:32,  8.59s/it]
                                                     
{'loss': '0.6586', 'grad_norm': '0.2587', 'learning_rate': '7.232e-07', 'epoch': '13.51'}

 84%|████████▍ | 1689/2000 [4:10:54<44:32,  8.59s/it]
 84%|████████▍ | 1690/2000 [4:11:02<44:35,  8.63s/it]
                                                     
{'loss': '0.6537', 'grad_norm': '0.2913', 'learning_rate': '7.187e-07', 'epoch': '13.52'}

 84%|████████▍ | 1690/2000 [4:11:02<44:35,  8.63s/it]
 85%|████████▍ | 1691/2000 [4:11:11<44:00,  8.54s/it]
                                                     
{'loss': '0.8652', 'grad_norm': '0.4818', 'learning_rate': '7.142e-07', 'epoch': '13.53'}

 85%|████████▍ | 1691/2000 [4:11:11<44:00,  8.54s/it]
 85%|████████▍ | 1692/2000 [4:11:19<43:57,  8.56s/it]
                                                     
{'loss': '0.4519', 'grad_norm': '0.2419', 'learning_rate': '7.097e-07', 'epoch': '13.54'}

 85%|████████▍ | 1692/2000 [4:11:19<43:57,  8.56s/it]
 85%|████████▍ | 1693/2000 [4:11:28<44:42,  8.74s/it]
                                                     
{'loss': '0.6271', 'grad_norm': '0.4219', 'learning_rate': '7.052e-07', 'epoch': '13.54'}

 85%|████████▍ | 1693/2000 [4:11:28<44:42,  8.74s/it]
 85%|████████▍ | 1694/2000 [4:11:37<44:50,  8.79s/it]
                                                     
{'loss': '0.5584', 'grad_norm': '0.6254', 'learning_rate': '7.007e-07', 'epoch': '13.55'}

 85%|████████▍ | 1694/2000 [4:11:37<44:50,  8.79s/it]
 85%|████████▍ | 1695/2000 [4:11:46<45:01,  8.86s/it]
                                                     
{'loss': '0.8271', 'grad_norm': '0.458', 'learning_rate': '6.963e-07', 'epoch': '13.56'}

 85%|████████▍ | 1695/2000 [4:11:46<45:01,  8.86s/it]
 85%|████████▍ | 1696/2000 [4:11:55<44:08,  8.71s/it]
                                                     
{'loss': '0.3478', 'grad_norm': '0.3816', 'learning_rate': '6.919e-07', 'epoch': '13.57'}

 85%|████████▍ | 1696/2000 [4:11:55<44:08,  8.71s/it]
 85%|████████▍ | 1697/2000 [4:12:03<44:15,  8.77s/it]
                                                     
{'loss': '0.5104', 'grad_norm': '0.414', 'learning_rate': '6.874e-07', 'epoch': '13.58'}

 85%|████████▍ | 1697/2000 [4:12:04<44:15,  8.77s/it]
 85%|████████▍ | 1698/2000 [4:12:12<43:58,  8.74s/it]
                                                     
{'loss': '0.6521', 'grad_norm': '0.4338', 'learning_rate': '6.83e-07', 'epoch': '13.58'}

 85%|████████▍ | 1698/2000 [4:12:12<43:58,  8.74s/it]
 85%|████████▍ | 1699/2000 [4:12:22<45:15,  9.02s/it]
                                                     
{'loss': '1.04', 'grad_norm': '0.3406', 'learning_rate': '6.786e-07', 'epoch': '13.59'}

 85%|████████▍ | 1699/2000 [4:12:22<45:15,  9.02s/it]
 85%|████████▌ | 1700/2000 [4:12:30<43:12,  8.64s/it]
                                                     
{'loss': '0.7576', 'grad_norm': '0.601', 'learning_rate': '6.742e-07', 'epoch': '13.6'}

 85%|████████▌ | 1700/2000 [4:12:30<43:12,  8.64s/it]
