
  0%|          | 1/2000 [00:21<12:06:12, 21.80s/it]
                                                   
{'loss': '1.558', 'grad_norm': '0.7911', 'learning_rate': '0', 'epoch': '0.008'}

  0%|          | 1/2000 [00:22<12:06:12, 21.80s/it]
  0%|          | 2/2000 [00:31<8:07:47, 14.65s/it] 
                                                  
{'loss': '1.294', 'grad_norm': '0.4984', 'learning_rate': '5e-08', 'epoch': '0.016'}

  0%|          | 2/2000 [00:31<8:07:47, 14.65s/it]
  0%|          | 3/2000 [00:40<6:42:13, 12.08s/it]
                                                  
{'loss': '1.518', 'grad_norm': '1.532', 'learning_rate': '1e-07', 'epoch': '0.024'}

  0%|          | 3/2000 [00:40<6:42:13, 12.08s/it]
  0%|          | 4/2000 [00:48<5:45:26, 10.38s/it]
                                                  
{'loss': '2.52', 'grad_norm': '1.443', 'learning_rate': '1.5e-07', 'epoch': '0.032'}

  0%|          | 4/2000 [00:48<5:45:26, 10.38s/it]
  0%|          | 5/2000 [00:58<5:42:55, 10.31s/it]
                                                  
{'loss': '1.333', 'grad_norm': '0.5504', 'learning_rate': '2e-07', 'epoch': '0.04'}

  0%|          | 5/2000 [00:58<5:42:55, 10.31s/it]
  0%|          | 6/2000 [01:06<5:17:20,  9.55s/it]
                                                  
{'loss': '1.59', 'grad_norm': '0.6219', 'learning_rate': '2.5e-07', 'epoch': '0.048'}

  0%|          | 6/2000 [01:06<5:17:20,  9.55s/it]
  0%|          | 7/2000 [01:14<5:01:40,  9.08s/it]
                                                  
{'loss': '1.608', 'grad_norm': '0.8987', 'learning_rate': '3e-07', 'epoch': '0.056'}

  0%|          | 7/2000 [01:14<5:01:40,  9.08s/it]
  0%|          | 8/2000 [01:24<5:06:03,  9.22s/it]
                                                  
{'loss': '1.462', 'grad_norm': '0.6165', 'learning_rate': '3.5e-07', 'epoch': '0.064'}

  0%|          | 8/2000 [01:24<5:06:03,  9.22s/it]
  0%|          | 9/2000 [01:32<4:57:48,  8.97s/it]
                                                  
{'loss': '1.7', 'grad_norm': '0.6514', 'learning_rate': '4e-07', 'epoch': '0.072'}

  0%|          | 9/2000 [01:32<4:57:48,  8.97s/it]
  0%|          | 10/2000 [01:41<4:52:31,  8.82s/it]
                                                   
{'loss': '1.238', 'grad_norm': '0.6264', 'learning_rate': '4.5e-07', 'epoch': '0.08'}

  0%|          | 10/2000 [01:41<4:52:31,  8.82s/it]
  1%|          | 11/2000 [01:50<5:02:26,  9.12s/it]
                                                   
{'loss': '1.448', 'grad_norm': '0.7388', 'learning_rate': '5e-07', 'epoch': '0.088'}

  1%|          | 11/2000 [01:50<5:02:26,  9.12s/it]
  1%|          | 12/2000 [01:59<4:54:18,  8.88s/it]
                                                   
{'loss': '1.657', 'grad_norm': '0.5528', 'learning_rate': '5.5e-07', 'epoch': '0.096'}

  1%|          | 12/2000 [01:59<4:54:18,  8.88s/it]
  1%|          | 13/2000 [02:08<4:58:51,  9.02s/it]
                                                   
{'loss': '1.179', 'grad_norm': '0.475', 'learning_rate': '6e-07', 'epoch': '0.104'}

  1%|          | 13/2000 [02:08<4:58:51,  9.02s/it]
  1%|          | 14/2000 [02:18<5:03:50,  9.18s/it]
                                                   
{'loss': '1.51', 'grad_norm': '1.098', 'learning_rate': '6.5e-07', 'epoch': '0.112'}

  1%|          | 14/2000 [02:18<5:03:50,  9.18s/it]
  1%|          | 15/2000 [02:26<4:51:45,  8.82s/it]
                                                   
{'loss': '1.3', 'grad_norm': '0.359', 'learning_rate': '7e-07', 'epoch': '0.12'}

  1%|          | 15/2000 [02:26<4:51:45,  8.82s/it]
  1%|          | 16/2000 [02:35<4:53:02,  8.86s/it]
                                                   
{'loss': '1.465', 'grad_norm': '0.8946', 'learning_rate': '7.5e-07', 'epoch': '0.128'}

  1%|          | 16/2000 [02:35<4:53:02,  8.86s/it]
  1%|          | 17/2000 [02:43<4:50:35,  8.79s/it]
                                                   
{'loss': '1.561', 'grad_norm': '0.8079', 'learning_rate': '8e-07', 'epoch': '0.136'}

  1%|          | 17/2000 [02:43<4:50:35,  8.79s/it]
  1%|          | 18/2000 [02:52<4:46:57,  8.69s/it]
                                                   
{'loss': '1.448', 'grad_norm': '0.32', 'learning_rate': '8.5e-07', 'epoch': '0.144'}

  1%|          | 18/2000 [02:52<4:46:57,  8.69s/it]
  1%|          | 19/2000 [03:01<4:56:06,  8.97s/it]
                                                   
{'loss': '2', 'grad_norm': '0.9103', 'learning_rate': '9e-07', 'epoch': '0.152'}

  1%|          | 19/2000 [03:01<4:56:06,  8.97s/it]
  1%|          | 20/2000 [03:09<4:48:54,  8.75s/it]
                                                   
{'loss': '1.297', 'grad_norm': '0.5599', 'learning_rate': '9.5e-07', 'epoch': '0.16'}

  1%|          | 20/2000 [03:10<4:48:54,  8.75s/it]
  1%|          | 21/2000 [03:17<4:39:32,  8.48s/it]
                                                   
{'loss': '1.628', 'grad_norm': '0.6683', 'learning_rate': '1e-06', 'epoch': '0.168'}

  1%|          | 21/2000 [03:17<4:39:32,  8.48s/it]
  1%|          | 22/2000 [03:26<4:41:33,  8.54s/it]
                                                   
{'loss': '1.438', 'grad_norm': '0.6082', 'learning_rate': '1.05e-06', 'epoch': '0.176'}

  1%|          | 22/2000 [03:26<4:41:33,  8.54s/it]
  1%|          | 23/2000 [03:35<4:42:42,  8.58s/it]
                                                   
{'loss': '1.766', 'grad_norm': '0.7657', 'learning_rate': '1.1e-06', 'epoch': '0.184'}

  1%|          | 23/2000 [03:35<4:42:42,  8.58s/it]
  1%|          | 24/2000 [03:43<4:37:29,  8.43s/it]
                                                   
{'loss': '1.308', 'grad_norm': '0.5003', 'learning_rate': '1.15e-06', 'epoch': '0.192'}

  1%|          | 24/2000 [03:43<4:37:29,  8.43s/it]
  1%|▏         | 25/2000 [03:53<4:54:47,  8.96s/it]
                                                   
{'loss': '1.441', 'grad_norm': '0.519', 'learning_rate': '1.2e-06', 'epoch': '0.2'}

  1%|▏         | 25/2000 [03:53<4:54:47,  8.96s/it]
  1%|▏         | 26/2000 [04:01<4:48:25,  8.77s/it]
                                                   
{'loss': '1.59', 'grad_norm': '0.6105', 'learning_rate': '1.25e-06', 'epoch': '0.208'}

  1%|▏         | 26/2000 [04:01<4:48:25,  8.77s/it]
  1%|▏         | 27/2000 [04:10<4:50:03,  8.82s/it]
                                                   
{'loss': '1.59', 'grad_norm': '0.8291', 'learning_rate': '1.3e-06', 'epoch': '0.216'}

  1%|▏         | 27/2000 [04:11<4:50:03,  8.82s/it]
  1%|▏         | 28/2000 [04:19<4:48:51,  8.79s/it]
                                                   
{'loss': '1.535', 'grad_norm': '0.5178', 'learning_rate': '1.35e-06', 'epoch': '0.224'}

  1%|▏         | 28/2000 [04:19<4:48:51,  8.79s/it]
  1%|▏         | 29/2000 [04:26<4:35:20,  8.38s/it]
                                                   
{'loss': '1.707', 'grad_norm': '0.8235', 'learning_rate': '1.4e-06', 'epoch': '0.232'}

  1%|▏         | 29/2000 [04:26<4:35:20,  8.38s/it]
  2%|▏         | 30/2000 [04:36<4:45:32,  8.70s/it]
                                                   
{'loss': '1.283', 'grad_norm': '0.6889', 'learning_rate': '1.45e-06', 'epoch': '0.24'}

  2%|▏         | 30/2000 [04:36<4:45:32,  8.70s/it]
  2%|▏         | 31/2000 [04:44<4:44:53,  8.68s/it]
                                                   
{'loss': '1.676', 'grad_norm': '0.944', 'learning_rate': '1.5e-06', 'epoch': '0.248'}

  2%|▏         | 31/2000 [04:45<4:44:53,  8.68s/it]
  2%|▏         | 32/2000 [04:53<4:40:33,  8.55s/it]
                                                   
{'loss': '1.271', 'grad_norm': '0.4603', 'learning_rate': '1.55e-06', 'epoch': '0.256'}

  2%|▏         | 32/2000 [04:53<4:40:33,  8.55s/it]
  2%|▏         | 33/2000 [05:02<4:49:16,  8.82s/it]
                                                   
{'loss': '1.441', 'grad_norm': '0.8816', 'learning_rate': '1.6e-06', 'epoch': '0.264'}

  2%|▏         | 33/2000 [05:02<4:49:16,  8.82s/it]
  2%|▏         | 34/2000 [05:10<4:43:45,  8.66s/it]
                                                   
{'loss': '1.73', 'grad_norm': '0.7646', 'learning_rate': '1.65e-06', 'epoch': '0.272'}

  2%|▏         | 34/2000 [05:10<4:43:45,  8.66s/it]
  2%|▏         | 35/2000 [05:19<4:44:51,  8.70s/it]
                                                   
{'loss': '1.398', 'grad_norm': '0.5306', 'learning_rate': '1.7e-06', 'epoch': '0.28'}

  2%|▏         | 35/2000 [05:19<4:44:51,  8.70s/it]
  2%|▏         | 36/2000 [05:28<4:49:13,  8.84s/it]
                                                   
{'loss': '1.927', 'grad_norm': '1.484', 'learning_rate': '1.75e-06', 'epoch': '0.288'}

  2%|▏         | 36/2000 [05:28<4:49:13,  8.84s/it]
  2%|▏         | 37/2000 [05:36<4:39:50,  8.55s/it]
                                                   
{'loss': '1.716', 'grad_norm': '0.9244', 'learning_rate': '1.8e-06', 'epoch': '0.296'}

  2%|▏         | 37/2000 [05:36<4:39:50,  8.55s/it]
  2%|▏         | 38/2000 [05:46<4:47:21,  8.79s/it]
                                                   
{'loss': '1.117', 'grad_norm': '0.2882', 'learning_rate': '1.85e-06', 'epoch': '0.304'}

  2%|▏         | 38/2000 [05:46<4:47:21,  8.79s/it]
  2%|▏         | 39/2000 [05:55<4:48:53,  8.84s/it]
                                                   
{'loss': '1.543', 'grad_norm': '0.9837', 'learning_rate': '1.9e-06', 'epoch': '0.312'}

  2%|▏         | 39/2000 [05:55<4:48:53,  8.84s/it]
  2%|▏         | 40/2000 [06:03<4:44:35,  8.71s/it]
                                                   
{'loss': '1.431', 'grad_norm': '0.7028', 'learning_rate': '1.95e-06', 'epoch': '0.32'}

  2%|▏         | 40/2000 [06:03<4:44:35,  8.71s/it]
  2%|▏         | 41/2000 [06:13<4:56:29,  9.08s/it]
                                                   
{'loss': '1.02', 'grad_norm': '0.4784', 'learning_rate': '2e-06', 'epoch': '0.328'}

  2%|▏         | 41/2000 [06:13<4:56:29,  9.08s/it]
  2%|▏         | 42/2000 [06:21<4:47:49,  8.82s/it]
                                                   
{'loss': '1.459', 'grad_norm': '0.7357', 'learning_rate': '2.05e-06', 'epoch': '0.336'}

  2%|▏         | 42/2000 [06:21<4:47:49,  8.82s/it]
  2%|▏         | 43/2000 [06:31<4:54:00,  9.01s/it]
                                                   
{'loss': '1.614', 'grad_norm': '0.966', 'learning_rate': '2.1e-06', 'epoch': '0.344'}

  2%|▏         | 43/2000 [06:31<4:54:00,  9.01s/it]
  2%|▏         | 44/2000 [06:41<5:03:43,  9.32s/it]
                                                   
{'loss': '1.167', 'grad_norm': '0.5316', 'learning_rate': '2.15e-06', 'epoch': '0.352'}

  2%|▏         | 44/2000 [06:41<5:03:43,  9.32s/it]
  2%|▏         | 45/2000 [06:49<4:52:06,  8.97s/it]
                                                   
{'loss': '1.617', 'grad_norm': '0.7', 'learning_rate': '2.2e-06', 'epoch': '0.36'}

  2%|▏         | 45/2000 [06:49<4:52:06,  8.97s/it]
  2%|▏         | 46/2000 [06:58<4:51:10,  8.94s/it]
                                                   
{'loss': '1.828', 'grad_norm': '1.27', 'learning_rate': '2.25e-06', 'epoch': '0.368'}

  2%|▏         | 46/2000 [06:58<4:51:10,  8.94s/it]
  2%|▏         | 47/2000 [07:07<4:58:49,  9.18s/it]
                                                   
{'loss': '1.79', 'grad_norm': '1.415', 'learning_rate': '2.3e-06', 'epoch': '0.376'}

  2%|▏         | 47/2000 [07:07<4:58:49,  9.18s/it]
  2%|▏         | 48/2000 [07:16<4:55:20,  9.08s/it]
                                                   
{'loss': '1.253', 'grad_norm': '0.6925', 'learning_rate': '2.35e-06', 'epoch': '0.384'}

  2%|▏         | 48/2000 [07:16<4:55:20,  9.08s/it]
  2%|▏         | 49/2000 [07:25<4:50:50,  8.94s/it]
                                                   
{'loss': '1.478', 'grad_norm': '0.3685', 'learning_rate': '2.4e-06', 'epoch': '0.392'}

  2%|▏         | 49/2000 [07:25<4:50:50,  8.94s/it]
  2%|▎         | 50/2000 [07:34<4:56:55,  9.14s/it]
                                                   
{'loss': '1.384', 'grad_norm': '0.6171', 'learning_rate': '2.45e-06', 'epoch': '0.4'}

  2%|▎         | 50/2000 [07:35<4:56:55,  9.14s/it]
  3%|▎         | 51/2000 [07:43<4:47:20,  8.85s/it]
                                                   
{'loss': '1.528', 'grad_norm': '0.9843', 'learning_rate': '2.5e-06', 'epoch': '0.408'}

  3%|▎         | 51/2000 [07:43<4:47:20,  8.85s/it]
  3%|▎         | 52/2000 [07:52<4:47:50,  8.87s/it]
                                                   
{'loss': '1.438', 'grad_norm': '0.4939', 'learning_rate': '2.55e-06', 'epoch': '0.416'}

  3%|▎         | 52/2000 [07:52<4:47:50,  8.87s/it]
  3%|▎         | 53/2000 [08:01<4:55:44,  9.11s/it]
                                                   
{'loss': '1.222', 'grad_norm': '0.5285', 'learning_rate': '2.6e-06', 'epoch': '0.424'}

  3%|▎         | 53/2000 [08:01<4:55:44,  9.11s/it]
  3%|▎         | 54/2000 [08:09<4:46:16,  8.83s/it]
                                                   
{'loss': '1.391', 'grad_norm': '0.7394', 'learning_rate': '2.65e-06', 'epoch': '0.432'}

  3%|▎         | 54/2000 [08:09<4:46:16,  8.83s/it]
  3%|▎         | 55/2000 [08:18<4:48:28,  8.90s/it]
                                                   
{'loss': '1.603', 'grad_norm': '0.8004', 'learning_rate': '2.7e-06', 'epoch': '0.44'}

  3%|▎         | 55/2000 [08:18<4:48:28,  8.90s/it]
  3%|▎         | 56/2000 [08:27<4:46:05,  8.83s/it]
                                                   
{'loss': '1.269', 'grad_norm': '0.5156', 'learning_rate': '2.75e-06', 'epoch': '0.448'}

  3%|▎         | 56/2000 [08:27<4:46:05,  8.83s/it]
  3%|▎         | 57/2000 [08:36<4:49:41,  8.95s/it]
                                                   
{'loss': '1.355', 'grad_norm': '0.4794', 'learning_rate': '2.8e-06', 'epoch': '0.456'}

  3%|▎         | 57/2000 [08:36<4:49:41,  8.95s/it]
  3%|▎         | 58/2000 [08:45<4:49:23,  8.94s/it]
                                                   
{'loss': '1.464', 'grad_norm': '0.9434', 'learning_rate': '2.85e-06', 'epoch': '0.464'}

  3%|▎         | 58/2000 [08:45<4:49:23,  8.94s/it]
  3%|▎         | 59/2000 [08:54<4:44:07,  8.78s/it]
                                                   
{'loss': '1.591', 'grad_norm': '0.9759', 'learning_rate': '2.9e-06', 'epoch': '0.472'}

  3%|▎         | 59/2000 [08:54<4:44:07,  8.78s/it]
  3%|▎         | 60/2000 [09:03<4:44:56,  8.81s/it]
                                                   
{'loss': '1.446', 'grad_norm': '0.6945', 'learning_rate': '2.95e-06', 'epoch': '0.48'}

  3%|▎         | 60/2000 [09:03<4:44:56,  8.81s/it]
  3%|▎         | 61/2000 [09:12<4:46:24,  8.86s/it]
                                                   
{'loss': '1.457', 'grad_norm': '0.732', 'learning_rate': '3e-06', 'epoch': '0.488'}

  3%|▎         | 61/2000 [09:12<4:46:24,  8.86s/it]
  3%|▎         | 62/2000 [09:20<4:44:58,  8.82s/it]
                                                   
{'loss': '1.691', 'grad_norm': '0.7395', 'learning_rate': '3.05e-06', 'epoch': '0.496'}

  3%|▎         | 62/2000 [09:20<4:44:58,  8.82s/it]
  3%|▎         | 63/2000 [09:28<4:39:21,  8.65s/it]
                                                   
{'loss': '1.208', 'grad_norm': '0.5784', 'learning_rate': '3.1e-06', 'epoch': '0.504'}

  3%|▎         | 63/2000 [09:29<4:39:21,  8.65s/it]
  3%|▎         | 64/2000 [09:37<4:35:39,  8.54s/it]
                                                   
{'loss': '1.63', 'grad_norm': '0.8737', 'learning_rate': '3.15e-06', 'epoch': '0.512'}

  3%|▎         | 64/2000 [09:37<4:35:39,  8.54s/it]
  3%|▎         | 65/2000 [09:45<4:32:12,  8.44s/it]
                                                   
{'loss': '1.258', 'grad_norm': '0.4485', 'learning_rate': '3.2e-06', 'epoch': '0.52'}

  3%|▎         | 65/2000 [09:45<4:32:12,  8.44s/it]
  3%|▎         | 66/2000 [09:55<4:43:00,  8.78s/it]
                                                   
{'loss': '1.59', 'grad_norm': '0.8619', 'learning_rate': '3.25e-06', 'epoch': '0.528'}

  3%|▎         | 66/2000 [09:55<4:43:00,  8.78s/it]
  3%|▎         | 67/2000 [10:03<4:44:04,  8.82s/it]
                                                   
{'loss': '1.968', 'grad_norm': '1.354', 'learning_rate': '3.3e-06', 'epoch': '0.536'}

  3%|▎         | 67/2000 [10:04<4:44:04,  8.82s/it]
  3%|▎         | 68/2000 [10:13<4:53:15,  9.11s/it]
                                                   
{'loss': '1.407', 'grad_norm': '0.522', 'learning_rate': '3.35e-06', 'epoch': '0.544'}

  3%|▎         | 68/2000 [10:13<4:53:15,  9.11s/it]
  3%|▎         | 69/2000 [10:23<4:56:03,  9.20s/it]
                                                   
{'loss': '1.337', 'grad_norm': '0.7375', 'learning_rate': '3.4e-06', 'epoch': '0.552'}

  3%|▎         | 69/2000 [10:23<4:56:03,  9.20s/it]
  4%|▎         | 70/2000 [10:31<4:48:48,  8.98s/it]
                                                   
{'loss': '0.9839', 'grad_norm': '0.3786', 'learning_rate': '3.45e-06', 'epoch': '0.56'}

  4%|▎         | 70/2000 [10:31<4:48:48,  8.98s/it]
  4%|▎         | 71/2000 [10:40<4:48:43,  8.98s/it]
                                                   
{'loss': '1.316', 'grad_norm': '0.5826', 'learning_rate': '3.5e-06', 'epoch': '0.568'}

  4%|▎         | 71/2000 [10:40<4:48:43,  8.98s/it]
  4%|▎         | 72/2000 [10:49<4:49:46,  9.02s/it]
                                                   
{'loss': '1.306', 'grad_norm': '0.5426', 'learning_rate': '3.55e-06', 'epoch': '0.576'}

  4%|▎         | 72/2000 [10:49<4:49:46,  9.02s/it]
  4%|▎         | 73/2000 [10:58<4:45:18,  8.88s/it]
                                                   
{'loss': '1.403', 'grad_norm': '0.5797', 'learning_rate': '3.6e-06', 'epoch': '0.584'}

  4%|▎         | 73/2000 [10:58<4:45:18,  8.88s/it]
  4%|▎         | 74/2000 [11:07<4:52:08,  9.10s/it]
                                                   
{'loss': '1.366', 'grad_norm': '0.9977', 'learning_rate': '3.65e-06', 'epoch': '0.592'}

  4%|▎         | 74/2000 [11:07<4:52:08,  9.10s/it]
  4%|▍         | 75/2000 [11:16<4:47:05,  8.95s/it]
                                                   
{'loss': '1.23', 'grad_norm': '0.3937', 'learning_rate': '3.7e-06', 'epoch': '0.6'}

  4%|▍         | 75/2000 [11:16<4:47:05,  8.95s/it]
  4%|▍         | 76/2000 [11:24<4:42:24,  8.81s/it]
                                                   
{'loss': '1.462', 'grad_norm': '0.7167', 'learning_rate': '3.75e-06', 'epoch': '0.608'}

  4%|▍         | 76/2000 [11:25<4:42:24,  8.81s/it]
  4%|▍         | 77/2000 [11:34<4:45:17,  8.90s/it]
                                                   
{'loss': '1.892', 'grad_norm': '1.648', 'learning_rate': '3.8e-06', 'epoch': '0.616'}

  4%|▍         | 77/2000 [11:34<4:45:17,  8.90s/it]
  4%|▍         | 78/2000 [11:42<4:44:09,  8.87s/it]
                                                   
{'loss': '1.332', 'grad_norm': '0.6065', 'learning_rate': '3.85e-06', 'epoch': '0.624'}

  4%|▍         | 78/2000 [11:42<4:44:09,  8.87s/it]
  4%|▍         | 79/2000 [11:50<4:36:11,  8.63s/it]
                                                   
{'loss': '1.394', 'grad_norm': '0.6401', 'learning_rate': '3.9e-06', 'epoch': '0.632'}

  4%|▍         | 79/2000 [11:51<4:36:11,  8.63s/it]
  4%|▍         | 80/2000 [12:01<4:51:22,  9.11s/it]
                                                   
{'loss': '1.391', 'grad_norm': '0.7967', 'learning_rate': '3.95e-06', 'epoch': '0.64'}

  4%|▍         | 80/2000 [12:01<4:51:22,  9.11s/it]
  4%|▍         | 81/2000 [12:10<4:51:25,  9.11s/it]
                                                   
{'loss': '1.26', 'grad_norm': '0.3773', 'learning_rate': '4e-06', 'epoch': '0.648'}

  4%|▍         | 81/2000 [12:10<4:51:25,  9.11s/it]
  4%|▍         | 82/2000 [12:19<4:56:08,  9.26s/it]
                                                   
{'loss': '1.299', 'grad_norm': '0.5999', 'learning_rate': '4.05e-06', 'epoch': '0.656'}

  4%|▍         | 82/2000 [12:19<4:56:08,  9.26s/it]
  4%|▍         | 83/2000 [12:29<4:56:09,  9.27s/it]
                                                   
{'loss': '1.261', 'grad_norm': '0.4369', 'learning_rate': '4.1e-06', 'epoch': '0.664'}

  4%|▍         | 83/2000 [12:29<4:56:09,  9.27s/it]
  4%|▍         | 84/2000 [12:38<4:57:16,  9.31s/it]
                                                   
{'loss': '1.273', 'grad_norm': '0.5093', 'learning_rate': '4.15e-06', 'epoch': '0.672'}

  4%|▍         | 84/2000 [12:38<4:57:16,  9.31s/it]
  4%|▍         | 85/2000 [12:47<4:54:17,  9.22s/it]
                                                   
{'loss': '1.426', 'grad_norm': '0.6253', 'learning_rate': '4.2e-06', 'epoch': '0.68'}

  4%|▍         | 85/2000 [12:47<4:54:17,  9.22s/it]
  4%|▍         | 86/2000 [12:56<4:48:54,  9.06s/it]
                                                   
{'loss': '1.348', 'grad_norm': '0.9659', 'learning_rate': '4.25e-06', 'epoch': '0.688'}

  4%|▍         | 86/2000 [12:56<4:48:54,  9.06s/it]
  4%|▍         | 87/2000 [13:04<4:44:35,  8.93s/it]
                                                   
{'loss': '1.317', 'grad_norm': '1.012', 'learning_rate': '4.3e-06', 'epoch': '0.696'}

  4%|▍         | 87/2000 [13:04<4:44:35,  8.93s/it]
  4%|▍         | 88/2000 [13:13<4:41:12,  8.82s/it]
                                                   
{'loss': '1.412', 'grad_norm': '0.7836', 'learning_rate': '4.35e-06', 'epoch': '0.704'}

  4%|▍         | 88/2000 [13:13<4:41:12,  8.82s/it]
  4%|▍         | 89/2000 [13:22<4:39:09,  8.76s/it]
                                                   
{'loss': '1.808', 'grad_norm': '0.9688', 'learning_rate': '4.4e-06', 'epoch': '0.712'}

  4%|▍         | 89/2000 [13:22<4:39:09,  8.76s/it]
  4%|▍         | 90/2000 [13:30<4:37:35,  8.72s/it]
                                                   
{'loss': '1.389', 'grad_norm': '0.5869', 'learning_rate': '4.45e-06', 'epoch': '0.72'}

  4%|▍         | 90/2000 [13:30<4:37:35,  8.72s/it]
  5%|▍         | 91/2000 [13:40<4:47:44,  9.04s/it]
                                                   
{'loss': '1.725', 'grad_norm': '1.076', 'learning_rate': '4.5e-06', 'epoch': '0.728'}

  5%|▍         | 91/2000 [13:40<4:47:44,  9.04s/it]
  5%|▍         | 92/2000 [13:49<4:43:24,  8.91s/it]
                                                   
{'loss': '1.076', 'grad_norm': '0.5112', 'learning_rate': '4.55e-06', 'epoch': '0.736'}

  5%|▍         | 92/2000 [13:49<4:43:24,  8.91s/it]
  5%|▍         | 93/2000 [13:57<4:40:56,  8.84s/it]
                                                   
{'loss': '0.9758', 'grad_norm': '0.5289', 'learning_rate': '4.6e-06', 'epoch': '0.744'}

  5%|▍         | 93/2000 [13:57<4:40:56,  8.84s/it]
  5%|▍         | 94/2000 [14:06<4:39:56,  8.81s/it]
                                                   
{'loss': '1.199', 'grad_norm': '0.9032', 'learning_rate': '4.65e-06', 'epoch': '0.752'}

  5%|▍         | 94/2000 [14:06<4:39:56,  8.81s/it]
  5%|▍         | 95/2000 [14:14<4:35:45,  8.69s/it]
                                                   
{'loss': '1.233', 'grad_norm': '0.5247', 'learning_rate': '4.7e-06', 'epoch': '0.76'}

  5%|▍         | 95/2000 [14:15<4:35:45,  8.69s/it]
  5%|▍         | 96/2000 [14:24<4:43:17,  8.93s/it]
                                                   
{'loss': '0.9722', 'grad_norm': '0.437', 'learning_rate': '4.75e-06', 'epoch': '0.768'}

  5%|▍         | 96/2000 [14:24<4:43:17,  8.93s/it]
  5%|▍         | 97/2000 [14:32<4:38:42,  8.79s/it]
                                                   
{'loss': '1.641', 'grad_norm': '0.8609', 'learning_rate': '4.8e-06', 'epoch': '0.776'}

  5%|▍         | 97/2000 [14:32<4:38:42,  8.79s/it]
  5%|▍         | 98/2000 [14:41<4:37:28,  8.75s/it]
                                                   
{'loss': '0.981', 'grad_norm': '0.4099', 'learning_rate': '4.85e-06', 'epoch': '0.784'}

  5%|▍         | 98/2000 [14:41<4:37:28,  8.75s/it]
  5%|▍         | 99/2000 [14:51<4:43:54,  8.96s/it]
                                                   
{'loss': '1.391', 'grad_norm': '0.9821', 'learning_rate': '4.9e-06', 'epoch': '0.792'}

  5%|▍         | 99/2000 [14:51<4:43:54,  8.96s/it]
  5%|▌         | 100/2000 [14:59<4:40:02,  8.84s/it]
                                                    
{'loss': '1.338', 'grad_norm': '0.8366', 'learning_rate': '4.95e-06', 'epoch': '0.8'}

  5%|▌         | 100/2000 [14:59<4:40:02,  8.84s/it]
  5%|▌         | 101/2000 [15:07<4:34:33,  8.67s/it]
                                                    
{'loss': '0.9573', 'grad_norm': '0.3951', 'learning_rate': '5e-06', 'epoch': '0.808'}

  5%|▌         | 101/2000 [15:07<4:34:33,  8.67s/it]
  5%|▌         | 102/2000 [15:16<4:37:17,  8.77s/it]
                                                    
{'loss': '1.63', 'grad_norm': '0.8686', 'learning_rate': '5.05e-06', 'epoch': '0.816'}

  5%|▌         | 102/2000 [15:16<4:37:17,  8.77s/it]
  5%|▌         | 103/2000 [15:25<4:37:23,  8.77s/it]
                                                    
{'loss': '1.327', 'grad_norm': '1.075', 'learning_rate': '5.1e-06', 'epoch': '0.824'}

  5%|▌         | 103/2000 [15:25<4:37:23,  8.77s/it]
  5%|▌         | 104/2000 [15:34<4:38:52,  8.83s/it]
                                                    
{'loss': '1.397', 'grad_norm': '0.6532', 'learning_rate': '5.15e-06', 'epoch': '0.832'}

  5%|▌         | 104/2000 [15:34<4:38:52,  8.83s/it]
  5%|▌         | 105/2000 [15:43<4:41:13,  8.90s/it]
                                                    
{'loss': '1.011', 'grad_norm': '0.6571', 'learning_rate': '5.2e-06', 'epoch': '0.84'}

  5%|▌         | 105/2000 [15:43<4:41:13,  8.90s/it]
  5%|▌         | 106/2000 [15:52<4:36:50,  8.77s/it]
                                                    
{'loss': '1.261', 'grad_norm': '0.8721', 'learning_rate': '5.25e-06', 'epoch': '0.848'}

  5%|▌         | 106/2000 [15:52<4:36:50,  8.77s/it]
  5%|▌         | 107/2000 [16:00<4:32:39,  8.64s/it]
                                                    
{'loss': '1.67', 'grad_norm': '2.038', 'learning_rate': '5.3e-06', 'epoch': '0.856'}

  5%|▌         | 107/2000 [16:00<4:32:39,  8.64s/it]
  5%|▌         | 108/2000 [16:09<4:40:22,  8.89s/it]
                                                    
{'loss': '1.313', 'grad_norm': '0.5937', 'learning_rate': '5.35e-06', 'epoch': '0.864'}

  5%|▌         | 108/2000 [16:09<4:40:22,  8.89s/it]
  5%|▌         | 109/2000 [16:17<4:29:06,  8.54s/it]
                                                    
{'loss': '1.719', 'grad_norm': '0.9097', 'learning_rate': '5.4e-06', 'epoch': '0.872'}

  5%|▌         | 109/2000 [16:17<4:29:06,  8.54s/it]
  6%|▌         | 110/2000 [16:27<4:37:42,  8.82s/it]
                                                    
{'loss': '1.366', 'grad_norm': '0.9401', 'learning_rate': '5.45e-06', 'epoch': '0.88'}

  6%|▌         | 110/2000 [16:27<4:37:42,  8.82s/it]
  6%|▌         | 111/2000 [16:35<4:37:50,  8.82s/it]
                                                    
{'loss': '1.41', 'grad_norm': '0.9984', 'learning_rate': '5.5e-06', 'epoch': '0.888'}

  6%|▌         | 111/2000 [16:36<4:37:50,  8.82s/it]
  6%|▌         | 112/2000 [16:43<4:27:53,  8.51s/it]
                                                    
{'loss': '1.189', 'grad_norm': '1.009', 'learning_rate': '5.55e-06', 'epoch': '0.896'}

  6%|▌         | 112/2000 [16:43<4:27:53,  8.51s/it]
  6%|▌         | 113/2000 [16:53<4:34:57,  8.74s/it]
                                                    
{'loss': '1.269', 'grad_norm': '0.8269', 'learning_rate': '5.6e-06', 'epoch': '0.904'}

  6%|▌         | 113/2000 [16:53<4:34:57,  8.74s/it]
  6%|▌         | 114/2000 [17:01<4:35:50,  8.78s/it]
                                                    
{'loss': '1.225', 'grad_norm': '1.046', 'learning_rate': '5.65e-06', 'epoch': '0.912'}

  6%|▌         | 114/2000 [17:01<4:35:50,  8.78s/it]
  6%|▌         | 115/2000 [17:11<4:41:06,  8.95s/it]
                                                    
{'loss': '1.389', 'grad_norm': '0.4427', 'learning_rate': '5.7e-06', 'epoch': '0.92'}

  6%|▌         | 115/2000 [17:11<4:41:06,  8.95s/it]
  6%|▌         | 116/2000 [17:20<4:48:35,  9.19s/it]
                                                    
{'loss': '1.249', 'grad_norm': '0.4143', 'learning_rate': '5.75e-06', 'epoch': '0.928'}

  6%|▌         | 116/2000 [17:21<4:48:35,  9.19s/it]
  6%|▌         | 117/2000 [17:28<4:36:31,  8.81s/it]
                                                    
{'loss': '1.165', 'grad_norm': '0.3791', 'learning_rate': '5.8e-06', 'epoch': '0.936'}

  6%|▌         | 117/2000 [17:28<4:36:31,  8.81s/it]
  6%|▌         | 118/2000 [17:37<4:34:23,  8.75s/it]
                                                    
{'loss': '1.234', 'grad_norm': '0.5756', 'learning_rate': '5.85e-06', 'epoch': '0.944'}

  6%|▌         | 118/2000 [17:37<4:34:23,  8.75s/it]
  6%|▌         | 119/2000 [17:47<4:41:19,  8.97s/it]
                                                    
{'loss': '1.171', 'grad_norm': '1.242', 'learning_rate': '5.9e-06', 'epoch': '0.952'}

  6%|▌         | 119/2000 [17:47<4:41:19,  8.97s/it]
  6%|▌         | 120/2000 [17:54<4:30:39,  8.64s/it]
                                                    
{'loss': '1.439', 'grad_norm': '1.32', 'learning_rate': '5.95e-06', 'epoch': '0.96'}

  6%|▌         | 120/2000 [17:54<4:30:39,  8.64s/it]
  6%|▌         | 121/2000 [18:03<4:29:52,  8.62s/it]
                                                    
{'loss': '1.244', 'grad_norm': '0.8439', 'learning_rate': '6e-06', 'epoch': '0.968'}

  6%|▌         | 121/2000 [18:03<4:29:52,  8.62s/it]
  6%|▌         | 122/2000 [18:13<4:39:49,  8.94s/it]
                                                    
{'loss': '0.9639', 'grad_norm': '0.3054', 'learning_rate': '6.05e-06', 'epoch': '0.976'}

  6%|▌         | 122/2000 [18:13<4:39:49,  8.94s/it]
  6%|▌         | 123/2000 [18:21<4:34:17,  8.77s/it]
                                                    
{'loss': '0.9387', 'grad_norm': '0.8119', 'learning_rate': '6.1e-06', 'epoch': '0.984'}

  6%|▌         | 123/2000 [18:21<4:34:17,  8.77s/it]
  6%|▌         | 124/2000 [18:30<4:39:36,  8.94s/it]
                                                    
{'loss': '1.099', 'grad_norm': '0.784', 'learning_rate': '6.15e-06', 'epoch': '0.992'}

  6%|▌         | 124/2000 [18:30<4:39:36,  8.94s/it]
  6%|▋         | 125/2000 [18:40<4:41:53,  9.02s/it]
                                                    
{'loss': '1.114', 'grad_norm': '0.3259', 'learning_rate': '6.2e-06', 'epoch': '1'}

  6%|▋         | 126/2000 [18:49<4:45:40,  9.15s/it]
                                                    
{'loss': '1.063', 'grad_norm': '0.4696', 'learning_rate': '6.25e-06', 'epoch': '1.008'}

  6%|▋         | 126/2000 [18:49<4:45:40,  9.15s/it]
  6%|▋         | 127/2000 [18:58<4:45:24,  9.14s/it]
                                                    
{'loss': '1.485', 'grad_norm': '0.6523', 'learning_rate': '6.3e-06', 'epoch': '1.016'}

  6%|▋         | 127/2000 [18:58<4:45:24,  9.14s/it]
  6%|▋         | 128/2000 [19:08<4:52:28,  9.37s/it]
                                                    
{'loss': '1.288', 'grad_norm': '0.5744', 'learning_rate': '6.35e-06', 'epoch': '1.024'}

  6%|▋         | 128/2000 [19:08<4:52:28,  9.37s/it]
  6%|▋         | 129/2000 [19:16<4:39:37,  8.97s/it]
                                                    
{'loss': '0.9722', 'grad_norm': '0.4191', 'learning_rate': '6.4e-06', 'epoch': '1.032'}

  6%|▋         | 129/2000 [19:16<4:39:37,  8.97s/it]
  6%|▋         | 130/2000 [19:25<4:35:34,  8.84s/it]
                                                    
{'loss': '1.112', 'grad_norm': '0.6743', 'learning_rate': '6.45e-06', 'epoch': '1.04'}

  6%|▋         | 130/2000 [19:25<4:35:34,  8.84s/it]
  7%|▋         | 131/2000 [19:33<4:34:34,  8.81s/it]
                                                    
{'loss': '1.018', 'grad_norm': '0.8479', 'learning_rate': '6.5e-06', 'epoch': '1.048'}

  7%|▋         | 131/2000 [19:33<4:34:34,  8.81s/it]
  7%|▋         | 132/2000 [19:42<4:36:43,  8.89s/it]
                                                    
{'loss': '1.064', 'grad_norm': '0.5162', 'learning_rate': '6.55e-06', 'epoch': '1.056'}

  7%|▋         | 132/2000 [19:43<4:36:43,  8.89s/it]
  7%|▋         | 133/2000 [19:51<4:36:40,  8.89s/it]
                                                    
{'loss': '1.112', 'grad_norm': '0.7809', 'learning_rate': '6.6e-06', 'epoch': '1.064'}

  7%|▋         | 133/2000 [19:51<4:36:40,  8.89s/it]
  7%|▋         | 134/2000 [20:01<4:40:12,  9.01s/it]
                                                    
{'loss': '1.112', 'grad_norm': '0.6501', 'learning_rate': '6.65e-06', 'epoch': '1.072'}

  7%|▋         | 134/2000 [20:01<4:40:12,  9.01s/it]
  7%|▋         | 135/2000 [20:09<4:35:30,  8.86s/it]
                                                    
{'loss': '1.251', 'grad_norm': '1.049', 'learning_rate': '6.7e-06', 'epoch': '1.08'}

  7%|▋         | 135/2000 [20:09<4:35:30,  8.86s/it]
  7%|▋         | 136/2000 [20:18<4:38:08,  8.95s/it]
                                                    
{'loss': '1.056', 'grad_norm': '0.5121', 'learning_rate': '6.75e-06', 'epoch': '1.088'}

  7%|▋         | 136/2000 [20:18<4:38:08,  8.95s/it]
  7%|▋         | 137/2000 [20:28<4:40:50,  9.04s/it]
                                                    
{'loss': '1.02', 'grad_norm': '1.181', 'learning_rate': '6.8e-06', 'epoch': '1.096'}

  7%|▋         | 137/2000 [20:28<4:40:50,  9.04s/it]
  7%|▋         | 138/2000 [20:37<4:40:33,  9.04s/it]
                                                    
{'loss': '1.271', 'grad_norm': '1.058', 'learning_rate': '6.85e-06', 'epoch': '1.104'}

  7%|▋         | 138/2000 [20:37<4:40:33,  9.04s/it]
  7%|▋         | 139/2000 [20:45<4:32:42,  8.79s/it]
                                                    
{'loss': '1.131', 'grad_norm': '0.5172', 'learning_rate': '6.9e-06', 'epoch': '1.112'}

  7%|▋         | 139/2000 [20:45<4:32:42,  8.79s/it]
  7%|▋         | 140/2000 [20:54<4:37:07,  8.94s/it]
                                                    
{'loss': '0.8623', 'grad_norm': '0.5868', 'learning_rate': '6.95e-06', 'epoch': '1.12'}

  7%|▋         | 140/2000 [20:54<4:37:07,  8.94s/it]
  7%|▋         | 141/2000 [21:03<4:34:09,  8.85s/it]
                                                    
{'loss': '0.8372', 'grad_norm': '1.026', 'learning_rate': '7e-06', 'epoch': '1.128'}

  7%|▋         | 141/2000 [21:03<4:34:09,  8.85s/it]
  7%|▋         | 142/2000 [21:11<4:29:06,  8.69s/it]
                                                    
{'loss': '0.9265', 'grad_norm': '0.7518', 'learning_rate': '7.05e-06', 'epoch': '1.136'}

  7%|▋         | 142/2000 [21:11<4:29:06,  8.69s/it]
  7%|▋         | 143/2000 [21:19<4:23:12,  8.50s/it]
                                                    
{'loss': '1.641', 'grad_norm': '2.742', 'learning_rate': '7.1e-06', 'epoch': '1.144'}

  7%|▋         | 143/2000 [21:19<4:23:12,  8.50s/it]
  7%|▋         | 144/2000 [21:28<4:26:58,  8.63s/it]
                                                    
{'loss': '1.085', 'grad_norm': '0.9058', 'learning_rate': '7.15e-06', 'epoch': '1.152'}

  7%|▋         | 144/2000 [21:28<4:26:58,  8.63s/it]
  7%|▋         | 145/2000 [21:37<4:25:26,  8.59s/it]
                                                    
{'loss': '1.128', 'grad_norm': '0.7397', 'learning_rate': '7.2e-06', 'epoch': '1.16'}

  7%|▋         | 145/2000 [21:37<4:25:26,  8.59s/it]
  7%|▋         | 146/2000 [21:45<4:21:09,  8.45s/it]
                                                    
{'loss': '1.254', 'grad_norm': '1.038', 'learning_rate': '7.25e-06', 'epoch': '1.168'}

  7%|▋         | 146/2000 [21:45<4:21:09,  8.45s/it]
  7%|▋         | 147/2000 [21:54<4:26:28,  8.63s/it]
                                                    
{'loss': '0.8381', 'grad_norm': '0.6754', 'learning_rate': '7.3e-06', 'epoch': '1.176'}

  7%|▋         | 147/2000 [21:54<4:26:28,  8.63s/it]
  7%|▋         | 148/2000 [22:03<4:32:25,  8.83s/it]
                                                    
{'loss': '1.188', 'grad_norm': '0.8174', 'learning_rate': '7.35e-06', 'epoch': '1.184'}

  7%|▋         | 148/2000 [22:03<4:32:25,  8.83s/it]
  7%|▋         | 149/2000 [22:11<4:27:39,  8.68s/it]
                                                    
{'loss': '1.217', 'grad_norm': '0.7066', 'learning_rate': '7.4e-06', 'epoch': '1.192'}

  7%|▋         | 149/2000 [22:11<4:27:39,  8.68s/it]
  8%|▊         | 150/2000 [22:20<4:26:25,  8.64s/it]
                                                    
{'loss': '1.309', 'grad_norm': '0.9811', 'learning_rate': '7.45e-06', 'epoch': '1.2'}

  8%|▊         | 150/2000 [22:20<4:26:25,  8.64s/it]
  8%|▊         | 151/2000 [22:29<4:31:58,  8.83s/it]
                                                    
{'loss': '1.014', 'grad_norm': '0.7436', 'learning_rate': '7.5e-06', 'epoch': '1.208'}

  8%|▊         | 151/2000 [22:29<4:31:58,  8.83s/it]
  8%|▊         | 152/2000 [22:38<4:28:17,  8.71s/it]
                                                    
{'loss': '0.7191', 'grad_norm': '0.8285', 'learning_rate': '7.55e-06', 'epoch': '1.216'}

  8%|▊         | 152/2000 [22:38<4:28:17,  8.71s/it]
  8%|▊         | 153/2000 [22:47<4:34:01,  8.90s/it]
                                                    
{'loss': '0.8359', 'grad_norm': '0.9454', 'learning_rate': '7.6e-06', 'epoch': '1.224'}

  8%|▊         | 153/2000 [22:47<4:34:01,  8.90s/it]
  8%|▊         | 154/2000 [22:55<4:28:41,  8.73s/it]
                                                    
{'loss': '0.9434', 'grad_norm': '0.3198', 'learning_rate': '7.65e-06', 'epoch': '1.232'}

  8%|▊         | 154/2000 [22:55<4:28:41,  8.73s/it]
  8%|▊         | 155/2000 [23:04<4:25:39,  8.64s/it]
                                                    
{'loss': '1.191', 'grad_norm': '0.6869', 'learning_rate': '7.7e-06', 'epoch': '1.24'}

  8%|▊         | 155/2000 [23:04<4:25:39,  8.64s/it]
  8%|▊         | 156/2000 [23:13<4:34:23,  8.93s/it]
                                                    
{'loss': '0.7405', 'grad_norm': '0.3445', 'learning_rate': '7.75e-06', 'epoch': '1.248'}

  8%|▊         | 156/2000 [23:13<4:34:23,  8.93s/it]
  8%|▊         | 157/2000 [23:22<4:33:03,  8.89s/it]
                                                    
{'loss': '0.9653', 'grad_norm': '1.23', 'learning_rate': '7.8e-06', 'epoch': '1.256'}

  8%|▊         | 157/2000 [23:22<4:33:03,  8.89s/it]
  8%|▊         | 158/2000 [23:31<4:33:07,  8.90s/it]
                                                    
{'loss': '0.9595', 'grad_norm': '0.2806', 'learning_rate': '7.85e-06', 'epoch': '1.264'}

  8%|▊         | 158/2000 [23:31<4:33:07,  8.90s/it]
  8%|▊         | 159/2000 [23:40<4:32:09,  8.87s/it]
                                                    
{'loss': '0.9099', 'grad_norm': '0.4254', 'learning_rate': '7.9e-06', 'epoch': '1.272'}

  8%|▊         | 159/2000 [23:40<4:32:09,  8.87s/it]
  8%|▊         | 160/2000 [23:49<4:32:01,  8.87s/it]
                                                    
{'loss': '0.8734', 'grad_norm': '0.9524', 'learning_rate': '7.95e-06', 'epoch': '1.28'}

  8%|▊         | 160/2000 [23:49<4:32:01,  8.87s/it]
  8%|▊         | 161/2000 [23:58<4:36:39,  9.03s/it]
                                                    
{'loss': '1.112', 'grad_norm': '0.5708', 'learning_rate': '8e-06', 'epoch': '1.288'}

  8%|▊         | 161/2000 [23:58<4:36:39,  9.03s/it]
  8%|▊         | 162/2000 [24:06<4:24:52,  8.65s/it]
                                                    
{'loss': '1.01', 'grad_norm': '1.008', 'learning_rate': '8.05e-06', 'epoch': '1.296'}

  8%|▊         | 162/2000 [24:06<4:24:52,  8.65s/it]
  8%|▊         | 163/2000 [24:15<4:31:17,  8.86s/it]
                                                    
{'loss': '1.232', 'grad_norm': '0.3348', 'learning_rate': '8.1e-06', 'epoch': '1.304'}

  8%|▊         | 163/2000 [24:15<4:31:17,  8.86s/it]
  8%|▊         | 164/2000 [24:24<4:29:26,  8.81s/it]
                                                    
{'loss': '0.5603', 'grad_norm': '0.8578', 'learning_rate': '8.15e-06', 'epoch': '1.312'}

  8%|▊         | 164/2000 [24:24<4:29:26,  8.81s/it]
  8%|▊         | 165/2000 [24:32<4:23:49,  8.63s/it]
                                                    
{'loss': '1.003', 'grad_norm': '0.3071', 'learning_rate': '8.2e-06', 'epoch': '1.32'}

  8%|▊         | 165/2000 [24:32<4:23:49,  8.63s/it]
  8%|▊         | 166/2000 [24:41<4:26:36,  8.72s/it]
                                                    
{'loss': '0.8689', 'grad_norm': '1.094', 'learning_rate': '8.25e-06', 'epoch': '1.328'}

  8%|▊         | 166/2000 [24:41<4:26:36,  8.72s/it]
  8%|▊         | 167/2000 [24:50<4:26:15,  8.72s/it]
                                                    
{'loss': '1.138', 'grad_norm': '0.7287', 'learning_rate': '8.3e-06', 'epoch': '1.336'}

  8%|▊         | 167/2000 [24:50<4:26:15,  8.72s/it]
  8%|▊         | 168/2000 [24:58<4:25:09,  8.68s/it]
                                                    
{'loss': '0.9241', 'grad_norm': '0.5647', 'learning_rate': '8.35e-06', 'epoch': '1.344'}

  8%|▊         | 168/2000 [24:58<4:25:09,  8.68s/it]
  8%|▊         | 169/2000 [25:08<4:31:05,  8.88s/it]
                                                    
{'loss': '0.7637', 'grad_norm': '0.4891', 'learning_rate': '8.4e-06', 'epoch': '1.352'}

  8%|▊         | 169/2000 [25:08<4:31:05,  8.88s/it]
  8%|▊         | 170/2000 [25:17<4:32:19,  8.93s/it]
                                                    
{'loss': '1.044', 'grad_norm': '0.4964', 'learning_rate': '8.45e-06', 'epoch': '1.36'}

  8%|▊         | 170/2000 [25:17<4:32:19,  8.93s/it]
  9%|▊         | 171/2000 [25:25<4:30:54,  8.89s/it]
                                                    
{'loss': '1.154', 'grad_norm': '0.3419', 'learning_rate': '8.5e-06', 'epoch': '1.368'}

  9%|▊         | 171/2000 [25:26<4:30:54,  8.89s/it]
  9%|▊         | 172/2000 [25:34<4:30:32,  8.88s/it]
                                                    
{'loss': '1.051', 'grad_norm': '0.7213', 'learning_rate': '8.55e-06', 'epoch': '1.376'}

  9%|▊         | 172/2000 [25:34<4:30:32,  8.88s/it]
  9%|▊         | 173/2000 [25:43<4:28:59,  8.83s/it]
                                                    
{'loss': '0.7308', 'grad_norm': '0.3435', 'learning_rate': '8.6e-06', 'epoch': '1.384'}

  9%|▊         | 173/2000 [25:43<4:28:59,  8.83s/it]
  9%|▊         | 174/2000 [25:51<4:24:43,  8.70s/it]
                                                    
{'loss': '0.9963', 'grad_norm': '0.4793', 'learning_rate': '8.65e-06', 'epoch': '1.392'}

  9%|▊         | 174/2000 [25:52<4:24:43,  8.70s/it]
  9%|▉         | 175/2000 [26:01<4:34:35,  9.03s/it]
                                                    
{'loss': '1.132', 'grad_norm': '0.9034', 'learning_rate': '8.7e-06', 'epoch': '1.4'}

  9%|▉         | 175/2000 [26:01<4:34:35,  9.03s/it]
  9%|▉         | 176/2000 [26:10<4:31:12,  8.92s/it]
                                                    
{'loss': '0.7852', 'grad_norm': '0.3902', 'learning_rate': '8.75e-06', 'epoch': '1.408'}

  9%|▉         | 176/2000 [26:10<4:31:12,  8.92s/it]
  9%|▉         | 177/2000 [26:19<4:29:51,  8.88s/it]
                                                    
{'loss': '0.7837', 'grad_norm': '0.5523', 'learning_rate': '8.8e-06', 'epoch': '1.416'}

  9%|▉         | 177/2000 [26:19<4:29:51,  8.88s/it]
  9%|▉         | 178/2000 [26:28<4:29:46,  8.88s/it]
                                                    
{'loss': '1.043', 'grad_norm': '0.5682', 'learning_rate': '8.85e-06', 'epoch': '1.424'}

  9%|▉         | 178/2000 [26:28<4:29:46,  8.88s/it]
  9%|▉         | 179/2000 [26:36<4:23:31,  8.68s/it]
                                                    
{'loss': '0.9541', 'grad_norm': '0.2823', 'learning_rate': '8.9e-06', 'epoch': '1.432'}

  9%|▉         | 179/2000 [26:36<4:23:31,  8.68s/it]
  9%|▉         | 180/2000 [26:44<4:21:54,  8.63s/it]
                                                    
{'loss': '0.845', 'grad_norm': '0.5461', 'learning_rate': '8.95e-06', 'epoch': '1.44'}

  9%|▉         | 180/2000 [26:44<4:21:54,  8.63s/it]
  9%|▉         | 181/2000 [26:54<4:31:40,  8.96s/it]
                                                    
{'loss': '0.7868', 'grad_norm': '0.1779', 'learning_rate': '9e-06', 'epoch': '1.448'}

  9%|▉         | 181/2000 [26:54<4:31:40,  8.96s/it]
  9%|▉         | 182/2000 [27:03<4:31:03,  8.95s/it]
                                                    
{'loss': '0.7141', 'grad_norm': '0.6751', 'learning_rate': '9.05e-06', 'epoch': '1.456'}

  9%|▉         | 182/2000 [27:03<4:31:03,  8.95s/it]
  9%|▉         | 183/2000 [27:11<4:23:35,  8.70s/it]
                                                    
{'loss': '1.011', 'grad_norm': '0.3452', 'learning_rate': '9.1e-06', 'epoch': '1.464'}

  9%|▉         | 183/2000 [27:11<4:23:35,  8.70s/it]
  9%|▉         | 184/2000 [27:20<4:23:20,  8.70s/it]
                                                    
{'loss': '0.7836', 'grad_norm': '0.3668', 'learning_rate': '9.15e-06', 'epoch': '1.472'}

  9%|▉         | 184/2000 [27:20<4:23:20,  8.70s/it]
  9%|▉         | 185/2000 [27:28<4:20:54,  8.63s/it]
                                                    
{'loss': '1.024', 'grad_norm': '0.7421', 'learning_rate': '9.2e-06', 'epoch': '1.48'}

  9%|▉         | 185/2000 [27:28<4:20:54,  8.63s/it]
  9%|▉         | 186/2000 [27:38<4:27:00,  8.83s/it]
                                                    
{'loss': '0.7202', 'grad_norm': '0.2874', 'learning_rate': '9.25e-06', 'epoch': '1.488'}

  9%|▉         | 186/2000 [27:38<4:27:00,  8.83s/it]
  9%|▉         | 187/2000 [27:46<4:23:49,  8.73s/it]
                                                    
{'loss': '0.6733', 'grad_norm': '0.6992', 'learning_rate': '9.3e-06', 'epoch': '1.496'}

  9%|▉         | 187/2000 [27:46<4:23:49,  8.73s/it]
  9%|▉         | 188/2000 [27:55<4:23:46,  8.73s/it]
                                                    
{'loss': '0.7898', 'grad_norm': '0.4515', 'learning_rate': '9.35e-06', 'epoch': '1.504'}

  9%|▉         | 188/2000 [27:55<4:23:46,  8.73s/it]
  9%|▉         | 189/2000 [28:03<4:22:30,  8.70s/it]
                                                    
{'loss': '0.9508', 'grad_norm': '0.41', 'learning_rate': '9.4e-06', 'epoch': '1.512'}

  9%|▉         | 189/2000 [28:03<4:22:30,  8.70s/it]
 10%|▉         | 190/2000 [28:13<4:26:31,  8.84s/it]
                                                    
{'loss': '0.6862', 'grad_norm': '0.2851', 'learning_rate': '9.45e-06', 'epoch': '1.52'}

 10%|▉         | 190/2000 [28:13<4:26:31,  8.84s/it]
 10%|▉         | 191/2000 [28:21<4:24:27,  8.77s/it]
                                                    
{'loss': '0.726', 'grad_norm': '0.2769', 'learning_rate': '9.5e-06', 'epoch': '1.528'}

 10%|▉         | 191/2000 [28:21<4:24:27,  8.77s/it]
 10%|▉         | 192/2000 [28:30<4:26:35,  8.85s/it]
                                                    
{'loss': '0.9744', 'grad_norm': '0.2928', 'learning_rate': '9.55e-06', 'epoch': '1.536'}

 10%|▉         | 192/2000 [28:30<4:26:35,  8.85s/it]
 10%|▉         | 193/2000 [28:39<4:26:47,  8.86s/it]
                                                    
{'loss': '1.162', 'grad_norm': '0.4803', 'learning_rate': '9.6e-06', 'epoch': '1.544'}

 10%|▉         | 193/2000 [28:39<4:26:47,  8.86s/it]
 10%|▉         | 194/2000 [28:48<4:24:16,  8.78s/it]
                                                    
{'loss': '0.9741', 'grad_norm': '0.2705', 'learning_rate': '9.65e-06', 'epoch': '1.552'}

 10%|▉         | 194/2000 [28:48<4:24:16,  8.78s/it]
 10%|▉         | 195/2000 [28:57<4:33:08,  9.08s/it]
                                                    
{'loss': '0.8911', 'grad_norm': '0.4794', 'learning_rate': '9.7e-06', 'epoch': '1.56'}

 10%|▉         | 195/2000 [28:58<4:33:08,  9.08s/it]
 10%|▉         | 196/2000 [29:06<4:31:08,  9.02s/it]
                                                    
{'loss': '1.022', 'grad_norm': '0.4665', 'learning_rate': '9.75e-06', 'epoch': '1.568'}

 10%|▉         | 196/2000 [29:06<4:31:08,  9.02s/it]
 10%|▉         | 197/2000 [29:16<4:34:33,  9.14s/it]
                                                    
{'loss': '0.9359', 'grad_norm': '0.3092', 'learning_rate': '9.8e-06', 'epoch': '1.576'}

 10%|▉         | 197/2000 [29:16<4:34:33,  9.14s/it]
 10%|▉         | 198/2000 [29:25<4:30:44,  9.01s/it]
                                                    
{'loss': '0.6714', 'grad_norm': '0.2872', 'learning_rate': '9.85e-06', 'epoch': '1.584'}

 10%|▉         | 198/2000 [29:25<4:30:44,  9.01s/it]
 10%|▉         | 199/2000 [29:34<4:30:27,  9.01s/it]
                                                    
{'loss': '0.8762', 'grad_norm': '0.3238', 'learning_rate': '9.9e-06', 'epoch': '1.592'}

 10%|▉         | 199/2000 [29:34<4:30:27,  9.01s/it]
 10%|█         | 200/2000 [29:42<4:28:56,  8.96s/it]
                                                    
{'loss': '0.8126', 'grad_norm': '0.598', 'learning_rate': '9.95e-06', 'epoch': '1.6'}

 10%|█         | 200/2000 [29:42<4:28:56,  8.96s/it]
 10%|█         | 201/2000 [29:51<4:26:36,  8.89s/it]
                                                    
{'loss': '0.9548', 'grad_norm': '0.3355', 'learning_rate': '1e-05', 'epoch': '1.608'}

 10%|█         | 201/2000 [29:51<4:26:36,  8.89s/it]
 10%|█         | 202/2000 [30:00<4:24:07,  8.81s/it]
                                                    
{'loss': '0.7406', 'grad_norm': '0.5133', 'learning_rate': '1e-05', 'epoch': '1.616'}

 10%|█         | 202/2000 [30:00<4:24:07,  8.81s/it]
 10%|█         | 203/2000 [30:09<4:27:44,  8.94s/it]
                                                    
{'loss': '1.197', 'grad_norm': '0.3288', 'learning_rate': '1e-05', 'epoch': '1.624'}

 10%|█         | 203/2000 [30:09<4:27:44,  8.94s/it]
 10%|█         | 204/2000 [30:18<4:26:22,  8.90s/it]
                                                    
{'loss': '0.7277', 'grad_norm': '0.3407', 'learning_rate': '1e-05', 'epoch': '1.632'}

 10%|█         | 204/2000 [30:18<4:26:22,  8.90s/it]
 10%|█         | 205/2000 [30:26<4:21:51,  8.75s/it]
                                                    
{'loss': '0.5822', 'grad_norm': '0.3237', 'learning_rate': '1e-05', 'epoch': '1.64'}

 10%|█         | 205/2000 [30:26<4:21:51,  8.75s/it]
 10%|█         | 206/2000 [30:35<4:26:47,  8.92s/it]
                                                    
{'loss': '0.8506', 'grad_norm': '0.3654', 'learning_rate': '1e-05', 'epoch': '1.648'}

 10%|█         | 206/2000 [30:36<4:26:47,  8.92s/it]
 10%|█         | 207/2000 [30:44<4:27:01,  8.94s/it]
                                                    
{'loss': '0.7943', 'grad_norm': '0.2259', 'learning_rate': '1e-05', 'epoch': '1.656'}

 10%|█         | 207/2000 [30:45<4:27:01,  8.94s/it]
 10%|█         | 208/2000 [30:53<4:21:58,  8.77s/it]
                                                    
{'loss': '0.743', 'grad_norm': '0.3498', 'learning_rate': '1e-05', 'epoch': '1.664'}

 10%|█         | 208/2000 [30:53<4:21:58,  8.77s/it]
 10%|█         | 209/2000 [31:02<4:29:06,  9.02s/it]
                                                    
{'loss': '0.8755', 'grad_norm': '0.2616', 'learning_rate': '1e-05', 'epoch': '1.672'}

 10%|█         | 209/2000 [31:02<4:29:06,  9.02s/it]
 10%|█         | 210/2000 [31:11<4:23:49,  8.84s/it]
                                                    
{'loss': '0.7', 'grad_norm': '0.8345', 'learning_rate': '9.999e-06', 'epoch': '1.68'}

 10%|█         | 210/2000 [31:11<4:23:49,  8.84s/it]
 11%|█         | 211/2000 [31:20<4:25:48,  8.91s/it]
                                                    
{'loss': '0.6982', 'grad_norm': '0.2324', 'learning_rate': '9.999e-06', 'epoch': '1.688'}

 11%|█         | 211/2000 [31:20<4:25:48,  8.91s/it]
 11%|█         | 212/2000 [31:28<4:20:38,  8.75s/it]
                                                    
{'loss': '1.117', 'grad_norm': '0.5067', 'learning_rate': '9.999e-06', 'epoch': '1.696'}

 11%|█         | 212/2000 [31:28<4:20:38,  8.75s/it]
 11%|█         | 213/2000 [31:36<4:14:56,  8.56s/it]
                                                    
{'loss': '0.6822', 'grad_norm': '0.2461', 'learning_rate': '9.999e-06', 'epoch': '1.704'}

 11%|█         | 213/2000 [31:36<4:14:56,  8.56s/it]
 11%|█         | 214/2000 [31:46<4:19:57,  8.73s/it]
                                                    
{'loss': '0.916', 'grad_norm': '0.2652', 'learning_rate': '9.999e-06', 'epoch': '1.712'}

 11%|█         | 214/2000 [31:46<4:19:57,  8.73s/it]
 11%|█         | 215/2000 [31:54<4:18:20,  8.68s/it]
                                                    
{'loss': '0.7646', 'grad_norm': '0.3286', 'learning_rate': '9.999e-06', 'epoch': '1.72'}

 11%|█         | 215/2000 [31:54<4:18:20,  8.68s/it]
 11%|█         | 216/2000 [32:04<4:26:18,  8.96s/it]
                                                    
{'loss': '0.736', 'grad_norm': '0.2525', 'learning_rate': '9.998e-06', 'epoch': '1.728'}

 11%|█         | 216/2000 [32:04<4:26:18,  8.96s/it]
 11%|█         | 217/2000 [32:12<4:21:17,  8.79s/it]
                                                    
{'loss': '1.013', 'grad_norm': '0.4358', 'learning_rate': '9.998e-06', 'epoch': '1.736'}

 11%|█         | 217/2000 [32:12<4:21:17,  8.79s/it]
 11%|█         | 218/2000 [32:21<4:20:31,  8.77s/it]
                                                    
{'loss': '0.9138', 'grad_norm': '0.3505', 'learning_rate': '9.998e-06', 'epoch': '1.744'}

 11%|█         | 218/2000 [32:21<4:20:31,  8.77s/it]
 11%|█         | 219/2000 [32:30<4:23:02,  8.86s/it]
                                                    
{'loss': '0.8408', 'grad_norm': '0.2666', 'learning_rate': '9.998e-06', 'epoch': '1.752'}

 11%|█         | 219/2000 [32:30<4:23:02,  8.86s/it]
 11%|█         | 220/2000 [32:39<4:22:59,  8.87s/it]
                                                    
{'loss': '0.7939', 'grad_norm': '0.45', 'learning_rate': '9.997e-06', 'epoch': '1.76'}

 11%|█         | 220/2000 [32:39<4:22:59,  8.87s/it]
 11%|█         | 221/2000 [32:47<4:19:13,  8.74s/it]
                                                    
{'loss': '0.7324', 'grad_norm': '0.4151', 'learning_rate': '9.997e-06', 'epoch': '1.768'}

 11%|█         | 221/2000 [32:47<4:19:13,  8.74s/it]
 11%|█         | 222/2000 [32:56<4:19:53,  8.77s/it]
                                                    
{'loss': '0.6623', 'grad_norm': '0.3326', 'learning_rate': '9.997e-06', 'epoch': '1.776'}

 11%|█         | 222/2000 [32:56<4:19:53,  8.77s/it]
 11%|█         | 223/2000 [33:04<4:12:08,  8.51s/it]
                                                    
{'loss': '1.085', 'grad_norm': '0.287', 'learning_rate': '9.996e-06', 'epoch': '1.784'}

 11%|█         | 223/2000 [33:04<4:12:08,  8.51s/it]
 11%|█         | 224/2000 [33:12<4:11:09,  8.48s/it]
                                                    
{'loss': '0.7999', 'grad_norm': '0.2776', 'learning_rate': '9.996e-06', 'epoch': '1.792'}

 11%|█         | 224/2000 [33:12<4:11:09,  8.48s/it]
 11%|█▏        | 225/2000 [33:22<4:19:47,  8.78s/it]
                                                    
{'loss': '0.6808', 'grad_norm': '0.4282', 'learning_rate': '9.996e-06', 'epoch': '1.8'}

 11%|█▏        | 225/2000 [33:22<4:19:47,  8.78s/it]
 11%|█▏        | 226/2000 [33:30<4:12:00,  8.52s/it]
                                                    
{'loss': '0.9468', 'grad_norm': '0.455', 'learning_rate': '9.995e-06', 'epoch': '1.808'}

 11%|█▏        | 226/2000 [33:30<4:12:00,  8.52s/it]
 11%|█▏        | 227/2000 [33:38<4:12:48,  8.56s/it]
                                                    
{'loss': '0.7428', 'grad_norm': '0.4363', 'learning_rate': '9.995e-06', 'epoch': '1.816'}

 11%|█▏        | 227/2000 [33:39<4:12:48,  8.56s/it]
 11%|█▏        | 228/2000 [33:47<4:16:55,  8.70s/it]
                                                    
{'loss': '0.8938', 'grad_norm': '0.5219', 'learning_rate': '9.994e-06', 'epoch': '1.824'}

 11%|█▏        | 228/2000 [33:48<4:16:55,  8.70s/it]
 11%|█▏        | 229/2000 [33:56<4:14:35,  8.63s/it]
                                                    
{'loss': '0.916', 'grad_norm': '0.3581', 'learning_rate': '9.994e-06', 'epoch': '1.832'}

 11%|█▏        | 229/2000 [33:56<4:14:35,  8.63s/it]
 12%|█▏        | 230/2000 [34:05<4:17:31,  8.73s/it]
                                                    
{'loss': '0.7675', 'grad_norm': '0.3622', 'learning_rate': '9.994e-06', 'epoch': '1.84'}

 12%|█▏        | 230/2000 [34:05<4:17:31,  8.73s/it]
 12%|█▏        | 231/2000 [34:13<4:14:49,  8.64s/it]
                                                    
{'loss': '0.7541', 'grad_norm': '0.2393', 'learning_rate': '9.993e-06', 'epoch': '1.848'}

 12%|█▏        | 231/2000 [34:13<4:14:49,  8.64s/it]
 12%|█▏        | 232/2000 [34:22<4:13:29,  8.60s/it]
                                                    
{'loss': '0.6627', 'grad_norm': '0.2179', 'learning_rate': '9.993e-06', 'epoch': '1.856'}

 12%|█▏        | 232/2000 [34:22<4:13:29,  8.60s/it]
 12%|█▏        | 233/2000 [34:32<4:22:52,  8.93s/it]
                                                    
{'loss': '1.003', 'grad_norm': '0.2468', 'learning_rate': '9.992e-06', 'epoch': '1.864'}

 12%|█▏        | 233/2000 [34:32<4:22:52,  8.93s/it]
 12%|█▏        | 234/2000 [34:40<4:19:42,  8.82s/it]
                                                    
{'loss': '0.8316', 'grad_norm': '0.2595', 'learning_rate': '9.992e-06', 'epoch': '1.872'}

 12%|█▏        | 234/2000 [34:40<4:19:42,  8.82s/it]
 12%|█▏        | 235/2000 [34:49<4:19:27,  8.82s/it]
                                                    
{'loss': '1.049', 'grad_norm': '0.1987', 'learning_rate': '9.991e-06', 'epoch': '1.88'}

 12%|█▏        | 235/2000 [34:49<4:19:27,  8.82s/it]
 12%|█▏        | 236/2000 [34:58<4:23:26,  8.96s/it]
                                                    
{'loss': '0.9646', 'grad_norm': '0.2819', 'learning_rate': '9.991e-06', 'epoch': '1.888'}

 12%|█▏        | 236/2000 [34:58<4:23:26,  8.96s/it]
 12%|█▏        | 237/2000 [35:07<4:25:02,  9.02s/it]
                                                    
{'loss': '1.394', 'grad_norm': '0.2734', 'learning_rate': '9.99e-06', 'epoch': '1.896'}

 12%|█▏        | 237/2000 [35:07<4:25:02,  9.02s/it]
 12%|█▏        | 238/2000 [35:16<4:22:20,  8.93s/it]
                                                    
{'loss': '0.6938', 'grad_norm': '0.6089', 'learning_rate': '9.99e-06', 'epoch': '1.904'}

 12%|█▏        | 238/2000 [35:16<4:22:20,  8.93s/it]
 12%|█▏        | 239/2000 [35:25<4:24:25,  9.01s/it]
                                                    
{'loss': '0.7174', 'grad_norm': '0.217', 'learning_rate': '9.989e-06', 'epoch': '1.912'}

 12%|█▏        | 239/2000 [35:25<4:24:25,  9.01s/it]
 12%|█▏        | 240/2000 [35:34<4:20:54,  8.89s/it]
                                                    
{'loss': '0.8438', 'grad_norm': '0.339', 'learning_rate': '9.988e-06', 'epoch': '1.92'}

 12%|█▏        | 240/2000 [35:34<4:20:54,  8.89s/it]
 12%|█▏        | 241/2000 [35:43<4:23:56,  9.00s/it]
                                                    
{'loss': '0.7715', 'grad_norm': '0.3223', 'learning_rate': '9.988e-06', 'epoch': '1.928'}

 12%|█▏        | 241/2000 [35:43<4:23:56,  9.00s/it]
 12%|█▏        | 242/2000 [35:52<4:18:45,  8.83s/it]
                                                    
{'loss': '0.8843', 'grad_norm': '0.2413', 'learning_rate': '9.987e-06', 'epoch': '1.936'}

 12%|█▏        | 242/2000 [35:52<4:18:45,  8.83s/it]
 12%|█▏        | 243/2000 [36:00<4:10:53,  8.57s/it]
                                                    
{'loss': '0.9358', 'grad_norm': '0.3297', 'learning_rate': '9.987e-06', 'epoch': '1.944'}

 12%|█▏        | 243/2000 [36:00<4:10:53,  8.57s/it]
 12%|█▏        | 244/2000 [36:09<4:16:33,  8.77s/it]
                                                    
{'loss': '0.572', 'grad_norm': '0.2651', 'learning_rate': '9.986e-06', 'epoch': '1.952'}

 12%|█▏        | 244/2000 [36:09<4:16:33,  8.77s/it]
 12%|█▏        | 245/2000 [36:17<4:11:52,  8.61s/it]
                                                    
{'loss': '0.8696', 'grad_norm': '0.3858', 'learning_rate': '9.985e-06', 'epoch': '1.96'}

 12%|█▏        | 245/2000 [36:17<4:11:52,  8.61s/it]
 12%|█▏        | 246/2000 [36:26<4:17:09,  8.80s/it]
                                                    
{'loss': '0.6146', 'grad_norm': '0.5923', 'learning_rate': '9.985e-06', 'epoch': '1.968'}

 12%|█▏        | 246/2000 [36:26<4:17:09,  8.80s/it]
 12%|█▏        | 247/2000 [36:36<4:25:03,  9.07s/it]
                                                    
{'loss': '0.8569', 'grad_norm': '0.1695', 'learning_rate': '9.984e-06', 'epoch': '1.976'}

 12%|█▏        | 247/2000 [36:36<4:25:03,  9.07s/it]
 12%|█▏        | 248/2000 [36:45<4:20:18,  8.91s/it]
                                                    
{'loss': '0.78', 'grad_norm': '0.1822', 'learning_rate': '9.983e-06', 'epoch': '1.984'}

 12%|█▏        | 248/2000 [36:45<4:20:18,  8.91s/it]
 12%|█▏        | 249/2000 [36:54<4:23:25,  9.03s/it]
                                                    
{'loss': '0.9795', 'grad_norm': '0.6098', 'learning_rate': '9.982e-06', 'epoch': '1.992'}

 12%|█▏        | 249/2000 [36:54<4:23:25,  9.03s/it]
 12%|█▎        | 250/2000 [37:03<4:21:53,  8.98s/it]
                                                    
{'loss': '1.149', 'grad_norm': '0.3238', 'learning_rate': '9.982e-06', 'epoch': '2'}

 12%|█▎        | 250/2000 [37:03<4:21:53,  8.98s/it]
 13%|█▎        | 251/2000 [37:12<4:24:01,  9.06s/it]
                                                    
{'loss': '0.7785', 'grad_norm': '0.269', 'learning_rate': '9.981e-06', 'epoch': '2.008'}

 13%|█▎        | 251/2000 [37:12<4:24:01,  9.06s/it]
 13%|█▎        | 252/2000 [37:21<4:27:29,  9.18s/it]
                                                    
{'loss': '0.8183', 'grad_norm': '0.178', 'learning_rate': '9.98e-06', 'epoch': '2.016'}

 13%|█▎        | 252/2000 [37:21<4:27:29,  9.18s/it]
 13%|█▎        | 253/2000 [37:31<4:30:33,  9.29s/it]
                                                    
{'loss': '0.6791', 'grad_norm': '0.29', 'learning_rate': '9.979e-06', 'epoch': '2.024'}

 13%|█▎        | 253/2000 [37:31<4:30:33,  9.29s/it]
 13%|█▎        | 254/2000 [37:39<4:20:23,  8.95s/it]
                                                    
{'loss': '0.6183', 'grad_norm': '0.3091', 'learning_rate': '9.979e-06', 'epoch': '2.032'}

 13%|█▎        | 254/2000 [37:39<4:20:23,  8.95s/it]
 13%|█▎        | 255/2000 [37:48<4:23:50,  9.07s/it]
                                                    
{'loss': '0.7059', 'grad_norm': '0.2989', 'learning_rate': '9.978e-06', 'epoch': '2.04'}

 13%|█▎        | 255/2000 [37:49<4:23:50,  9.07s/it]
 13%|█▎        | 256/2000 [37:58<4:26:06,  9.16s/it]
                                                    
{'loss': '0.8247', 'grad_norm': '0.1691', 'learning_rate': '9.977e-06', 'epoch': '2.048'}

 13%|█▎        | 256/2000 [37:58<4:26:06,  9.16s/it]
 13%|█▎        | 257/2000 [38:07<4:22:23,  9.03s/it]
                                                    
{'loss': '0.8781', 'grad_norm': '0.2577', 'learning_rate': '9.976e-06', 'epoch': '2.056'}

 13%|█▎        | 257/2000 [38:07<4:22:23,  9.03s/it]
 13%|█▎        | 258/2000 [38:15<4:20:54,  8.99s/it]
                                                    
{'loss': '0.6984', 'grad_norm': '0.3339', 'learning_rate': '9.975e-06', 'epoch': '2.064'}

 13%|█▎        | 258/2000 [38:16<4:20:54,  8.99s/it]
 13%|█▎        | 259/2000 [38:24<4:19:42,  8.95s/it]
                                                    
{'loss': '0.8046', 'grad_norm': '0.2435', 'learning_rate': '9.974e-06', 'epoch': '2.072'}

 13%|█▎        | 259/2000 [38:24<4:19:42,  8.95s/it]
 13%|█▎        | 260/2000 [38:33<4:15:58,  8.83s/it]
                                                    
{'loss': '0.7988', 'grad_norm': '0.2968', 'learning_rate': '9.974e-06', 'epoch': '2.08'}

 13%|█▎        | 260/2000 [38:33<4:15:58,  8.83s/it]
 13%|█▎        | 261/2000 [38:42<4:14:58,  8.80s/it]
                                                    
{'loss': '0.7234', 'grad_norm': '0.1586', 'learning_rate': '9.973e-06', 'epoch': '2.088'}

 13%|█▎        | 261/2000 [38:42<4:14:58,  8.80s/it]
 13%|█▎        | 262/2000 [38:50<4:09:20,  8.61s/it]
                                                    
{'loss': '0.6368', 'grad_norm': '0.4372', 'learning_rate': '9.972e-06', 'epoch': '2.096'}

 13%|█▎        | 262/2000 [38:50<4:09:20,  8.61s/it]
 13%|█▎        | 263/2000 [38:59<4:13:17,  8.75s/it]
                                                    
{'loss': '0.8767', 'grad_norm': '0.208', 'learning_rate': '9.971e-06', 'epoch': '2.104'}

 13%|█▎        | 263/2000 [38:59<4:13:17,  8.75s/it]
 13%|█▎        | 264/2000 [39:07<4:11:17,  8.69s/it]
                                                    
{'loss': '0.5708', 'grad_norm': '0.2661', 'learning_rate': '9.97e-06', 'epoch': '2.112'}

 13%|█▎        | 264/2000 [39:07<4:11:17,  8.69s/it]
 13%|█▎        | 265/2000 [39:16<4:07:34,  8.56s/it]
                                                    
{'loss': '0.9762', 'grad_norm': '0.3235', 'learning_rate': '9.969e-06', 'epoch': '2.12'}

 13%|█▎        | 265/2000 [39:16<4:07:34,  8.56s/it]
 13%|█▎        | 266/2000 [39:24<4:07:16,  8.56s/it]
                                                    
{'loss': '0.5784', 'grad_norm': '0.3025', 'learning_rate': '9.968e-06', 'epoch': '2.128'}

 13%|█▎        | 266/2000 [39:24<4:07:16,  8.56s/it]
 13%|█▎        | 267/2000 [39:32<4:03:57,  8.45s/it]
                                                    
{'loss': '0.792', 'grad_norm': '0.3881', 'learning_rate': '9.967e-06', 'epoch': '2.136'}

 13%|█▎        | 267/2000 [39:32<4:03:57,  8.45s/it]
 13%|█▎        | 268/2000 [39:41<4:07:18,  8.57s/it]
                                                    
{'loss': '0.7432', 'grad_norm': '0.3397', 'learning_rate': '9.966e-06', 'epoch': '2.144'}

 13%|█▎        | 268/2000 [39:41<4:07:18,  8.57s/it]
 13%|█▎        | 269/2000 [39:51<4:18:33,  8.96s/it]
                                                    
{'loss': '0.8589', 'grad_norm': '0.2267', 'learning_rate': '9.965e-06', 'epoch': '2.152'}

 13%|█▎        | 269/2000 [39:51<4:18:33,  8.96s/it]
 14%|█▎        | 270/2000 [40:00<4:17:12,  8.92s/it]
                                                    
{'loss': '0.5671', 'grad_norm': '0.3519', 'learning_rate': '9.964e-06', 'epoch': '2.16'}

 14%|█▎        | 270/2000 [40:00<4:17:12,  8.92s/it]
 14%|█▎        | 271/2000 [40:08<4:13:11,  8.79s/it]
                                                    
{'loss': '0.9765', 'grad_norm': '0.4165', 'learning_rate': '9.963e-06', 'epoch': '2.168'}

 14%|█▎        | 271/2000 [40:08<4:13:11,  8.79s/it]
 14%|█▎        | 272/2000 [40:17<4:13:16,  8.79s/it]
                                                    
{'loss': '0.863', 'grad_norm': '0.3344', 'learning_rate': '9.962e-06', 'epoch': '2.176'}

 14%|█▎        | 272/2000 [40:17<4:13:16,  8.79s/it]
 14%|█▎        | 273/2000 [40:26<4:12:42,  8.78s/it]
                                                    
{'loss': '0.8561', 'grad_norm': '0.2086', 'learning_rate': '9.961e-06', 'epoch': '2.184'}

 14%|█▎        | 273/2000 [40:26<4:12:42,  8.78s/it]
 14%|█▎        | 274/2000 [40:35<4:13:52,  8.83s/it]
                                                    
{'loss': '0.7327', 'grad_norm': '0.1834', 'learning_rate': '9.959e-06', 'epoch': '2.192'}

 14%|█▎        | 274/2000 [40:35<4:13:52,  8.83s/it]
 14%|█▍        | 275/2000 [40:43<4:08:28,  8.64s/it]
                                                    
{'loss': '0.8025', 'grad_norm': '0.277', 'learning_rate': '9.958e-06', 'epoch': '2.2'}

 14%|█▍        | 275/2000 [40:43<4:08:28,  8.64s/it]
 14%|█▍        | 276/2000 [40:52<4:14:52,  8.87s/it]
                                                    
{'loss': '0.8606', 'grad_norm': '0.5251', 'learning_rate': '9.957e-06', 'epoch': '2.208'}

 14%|█▍        | 276/2000 [40:52<4:14:52,  8.87s/it]
 14%|█▍        | 277/2000 [41:02<4:16:45,  8.94s/it]
                                                    
{'loss': '0.9489', 'grad_norm': '0.321', 'learning_rate': '9.956e-06', 'epoch': '2.216'}

 14%|█▍        | 277/2000 [41:02<4:16:45,  8.94s/it]
 14%|█▍        | 278/2000 [41:10<4:08:14,  8.65s/it]
                                                    
{'loss': '1.062', 'grad_norm': '0.1581', 'learning_rate': '9.955e-06', 'epoch': '2.224'}

 14%|█▍        | 278/2000 [41:10<4:08:14,  8.65s/it]
 14%|█▍        | 279/2000 [41:19<4:16:19,  8.94s/it]
                                                    
{'loss': '0.9243', 'grad_norm': '0.3974', 'learning_rate': '9.954e-06', 'epoch': '2.232'}

 14%|█▍        | 279/2000 [41:19<4:16:19,  8.94s/it]
 14%|█▍        | 280/2000 [41:28<4:13:37,  8.85s/it]
                                                    
{'loss': '0.4796', 'grad_norm': '0.2629', 'learning_rate': '9.953e-06', 'epoch': '2.24'}

 14%|█▍        | 280/2000 [41:28<4:13:37,  8.85s/it]
 14%|█▍        | 281/2000 [41:37<4:13:04,  8.83s/it]
                                                    
{'loss': '0.7957', 'grad_norm': '0.8215', 'learning_rate': '9.951e-06', 'epoch': '2.248'}

 14%|█▍        | 281/2000 [41:37<4:13:04,  8.83s/it]
 14%|█▍        | 282/2000 [41:46<4:13:26,  8.85s/it]
                                                    
{'loss': '0.8982', 'grad_norm': '0.2985', 'learning_rate': '9.95e-06', 'epoch': '2.256'}

 14%|█▍        | 282/2000 [41:46<4:13:26,  8.85s/it]
 14%|█▍        | 283/2000 [41:54<4:13:40,  8.86s/it]
                                                    
{'loss': '0.9159', 'grad_norm': '0.24', 'learning_rate': '9.949e-06', 'epoch': '2.264'}

 14%|█▍        | 283/2000 [41:54<4:13:40,  8.86s/it]
 14%|█▍        | 284/2000 [42:03<4:15:26,  8.93s/it]
                                                    
{'loss': '0.9294', 'grad_norm': '0.6759', 'learning_rate': '9.948e-06', 'epoch': '2.272'}

 14%|█▍        | 284/2000 [42:04<4:15:26,  8.93s/it]
 14%|█▍        | 285/2000 [42:12<4:10:07,  8.75s/it]
                                                    
{'loss': '0.6034', 'grad_norm': '0.3366', 'learning_rate': '9.946e-06', 'epoch': '2.28'}

 14%|█▍        | 285/2000 [42:12<4:10:07,  8.75s/it]
 14%|█▍        | 286/2000 [42:20<4:04:10,  8.55s/it]
                                                    
{'loss': '0.659', 'grad_norm': '0.4152', 'learning_rate': '9.945e-06', 'epoch': '2.288'}

 14%|█▍        | 286/2000 [42:20<4:04:10,  8.55s/it]
 14%|█▍        | 287/2000 [42:29<4:04:41,  8.57s/it]
                                                    
{'loss': '0.8524', 'grad_norm': '0.3012', 'learning_rate': '9.944e-06', 'epoch': '2.296'}

 14%|█▍        | 287/2000 [42:29<4:04:41,  8.57s/it]
 14%|█▍        | 288/2000 [42:39<4:18:16,  9.05s/it]
                                                    
{'loss': '0.6182', 'grad_norm': '0.5131', 'learning_rate': '9.942e-06', 'epoch': '2.304'}

 14%|█▍        | 288/2000 [42:39<4:18:16,  9.05s/it]
 14%|█▍        | 289/2000 [42:47<4:12:31,  8.86s/it]
                                                    
{'loss': '0.9412', 'grad_norm': '0.2283', 'learning_rate': '9.941e-06', 'epoch': '2.312'}

 14%|█▍        | 289/2000 [42:47<4:12:31,  8.86s/it]
 14%|█▍        | 290/2000 [42:57<4:19:35,  9.11s/it]
                                                    
{'loss': '0.71', 'grad_norm': '0.2187', 'learning_rate': '9.94e-06', 'epoch': '2.32'}

 14%|█▍        | 290/2000 [42:57<4:19:35,  9.11s/it]
 15%|█▍        | 291/2000 [43:06<4:23:19,  9.24s/it]
                                                    
{'loss': '0.6689', 'grad_norm': '0.2582', 'learning_rate': '9.938e-06', 'epoch': '2.328'}

 15%|█▍        | 291/2000 [43:06<4:23:19,  9.24s/it]
 15%|█▍        | 292/2000 [43:15<4:16:00,  8.99s/it]
                                                    
{'loss': '0.6885', 'grad_norm': '0.3936', 'learning_rate': '9.937e-06', 'epoch': '2.336'}

 15%|█▍        | 292/2000 [43:15<4:16:00,  8.99s/it]
 15%|█▍        | 293/2000 [43:24<4:13:51,  8.92s/it]
                                                    
{'loss': '0.9116', 'grad_norm': '0.4693', 'learning_rate': '9.936e-06', 'epoch': '2.344'}

 15%|█▍        | 293/2000 [43:24<4:13:51,  8.92s/it]
 15%|█▍        | 294/2000 [43:32<4:09:14,  8.77s/it]
                                                    
{'loss': '0.8174', 'grad_norm': '0.3365', 'learning_rate': '9.934e-06', 'epoch': '2.352'}

 15%|█▍        | 294/2000 [43:32<4:09:14,  8.77s/it]
 15%|█▍        | 295/2000 [43:40<4:05:01,  8.62s/it]
                                                    
{'loss': '0.7754', 'grad_norm': '0.4031', 'learning_rate': '9.933e-06', 'epoch': '2.36'}

 15%|█▍        | 295/2000 [43:40<4:05:01,  8.62s/it]
 15%|█▍        | 296/2000 [43:49<4:08:30,  8.75s/it]
                                                    
{'loss': '0.5129', 'grad_norm': '0.4552', 'learning_rate': '9.931e-06', 'epoch': '2.368'}

 15%|█▍        | 296/2000 [43:49<4:08:30,  8.75s/it]
 15%|█▍        | 297/2000 [43:58<4:06:16,  8.68s/it]
                                                    
{'loss': '0.777', 'grad_norm': '0.2897', 'learning_rate': '9.93e-06', 'epoch': '2.376'}

 15%|█▍        | 297/2000 [43:58<4:06:16,  8.68s/it]
 15%|█▍        | 298/2000 [44:06<4:04:53,  8.63s/it]
                                                    
{'loss': '0.9839', 'grad_norm': '0.3875', 'learning_rate': '9.929e-06', 'epoch': '2.384'}

 15%|█▍        | 298/2000 [44:06<4:04:53,  8.63s/it]
 15%|█▍        | 299/2000 [44:15<4:02:58,  8.57s/it]
                                                    
{'loss': '0.6981', 'grad_norm': '0.2917', 'learning_rate': '9.927e-06', 'epoch': '2.392'}

 15%|█▍        | 299/2000 [44:15<4:02:58,  8.57s/it]
 15%|█▌        | 300/2000 [44:23<4:02:07,  8.55s/it]
                                                    
{'loss': '0.7036', 'grad_norm': '0.4454', 'learning_rate': '9.926e-06', 'epoch': '2.4'}

 15%|█▌        | 300/2000 [44:23<4:02:07,  8.55s/it]
 15%|█▌        | 301/2000 [44:32<4:08:00,  8.76s/it]
                                                    
{'loss': '0.9849', 'grad_norm': '0.2107', 'learning_rate': '9.924e-06', 'epoch': '2.408'}

 15%|█▌        | 301/2000 [44:33<4:08:00,  8.76s/it]
 15%|█▌        | 302/2000 [44:41<4:08:09,  8.77s/it]
                                                    
{'loss': '0.7', 'grad_norm': '0.5478', 'learning_rate': '9.923e-06', 'epoch': '2.416'}

 15%|█▌        | 302/2000 [44:41<4:08:09,  8.77s/it]
 15%|█▌        | 303/2000 [44:50<4:11:19,  8.89s/it]
                                                    
{'loss': '0.8008', 'grad_norm': '0.2817', 'learning_rate': '9.921e-06', 'epoch': '2.424'}

 15%|█▌        | 303/2000 [44:50<4:11:19,  8.89s/it]
 15%|█▌        | 304/2000 [44:59<4:06:52,  8.73s/it]
                                                    
{'loss': '0.7637', 'grad_norm': '0.431', 'learning_rate': '9.919e-06', 'epoch': '2.432'}

 15%|█▌        | 304/2000 [44:59<4:06:52,  8.73s/it]
 15%|█▌        | 305/2000 [45:08<4:07:43,  8.77s/it]
                                                    
{'loss': '0.6962', 'grad_norm': '0.2804', 'learning_rate': '9.918e-06', 'epoch': '2.44'}

 15%|█▌        | 305/2000 [45:08<4:07:43,  8.77s/it]
 15%|█▌        | 306/2000 [45:15<3:59:28,  8.48s/it]
                                                    
{'loss': '0.8494', 'grad_norm': '0.3181', 'learning_rate': '9.916e-06', 'epoch': '2.448'}

 15%|█▌        | 306/2000 [45:16<3:59:28,  8.48s/it]
 15%|█▌        | 307/2000 [45:25<4:06:13,  8.73s/it]
                                                    
{'loss': '0.8455', 'grad_norm': '0.1869', 'learning_rate': '9.915e-06', 'epoch': '2.456'}

 15%|█▌        | 307/2000 [45:25<4:06:13,  8.73s/it]
 15%|█▌        | 308/2000 [45:34<4:09:25,  8.84s/it]
                                                    
{'loss': '1.036', 'grad_norm': '0.2245', 'learning_rate': '9.913e-06', 'epoch': '2.464'}

 15%|█▌        | 308/2000 [45:34<4:09:25,  8.84s/it]
 15%|█▌        | 309/2000 [45:42<4:04:38,  8.68s/it]
                                                    
{'loss': '0.7526', 'grad_norm': '0.27', 'learning_rate': '9.911e-06', 'epoch': '2.472'}

 15%|█▌        | 309/2000 [45:42<4:04:38,  8.68s/it]
 16%|█▌        | 310/2000 [45:50<4:01:15,  8.57s/it]
                                                    
{'loss': '0.7498', 'grad_norm': '0.2563', 'learning_rate': '9.91e-06', 'epoch': '2.48'}

 16%|█▌        | 310/2000 [45:51<4:01:15,  8.57s/it]
 16%|█▌        | 311/2000 [46:00<4:10:09,  8.89s/it]
                                                    
{'loss': '0.9036', 'grad_norm': '0.2185', 'learning_rate': '9.908e-06', 'epoch': '2.488'}

 16%|█▌        | 311/2000 [46:00<4:10:09,  8.89s/it]
 16%|█▌        | 312/2000 [46:09<4:08:09,  8.82s/it]
                                                    
{'loss': '1.004', 'grad_norm': '0.3178', 'learning_rate': '9.906e-06', 'epoch': '2.496'}

 16%|█▌        | 312/2000 [46:09<4:08:09,  8.82s/it]
 16%|█▌        | 313/2000 [46:17<4:06:21,  8.76s/it]
                                                    
{'loss': '1.087', 'grad_norm': '0.4277', 'learning_rate': '9.905e-06', 'epoch': '2.504'}

 16%|█▌        | 313/2000 [46:17<4:06:21,  8.76s/it]
 16%|█▌        | 314/2000 [46:26<4:05:04,  8.72s/it]
                                                    
{'loss': '0.8917', 'grad_norm': '1.635', 'learning_rate': '9.903e-06', 'epoch': '2.512'}

 16%|█▌        | 314/2000 [46:26<4:05:04,  8.72s/it]
 16%|█▌        | 315/2000 [46:35<4:09:47,  8.89s/it]
                                                    
{'loss': '0.7007', 'grad_norm': '0.2223', 'learning_rate': '9.901e-06', 'epoch': '2.52'}

 16%|█▌        | 315/2000 [46:35<4:09:47,  8.89s/it]
 16%|█▌        | 316/2000 [46:44<4:06:48,  8.79s/it]
                                                    
{'loss': '0.7363', 'grad_norm': '0.3771', 'learning_rate': '9.9e-06', 'epoch': '2.528'}

 16%|█▌        | 316/2000 [46:44<4:06:48,  8.79s/it]
 16%|█▌        | 317/2000 [46:53<4:07:30,  8.82s/it]
                                                    
{'loss': '0.9005', 'grad_norm': '0.2544', 'learning_rate': '9.898e-06', 'epoch': '2.536'}

 16%|█▌        | 317/2000 [46:53<4:07:30,  8.82s/it]
 16%|█▌        | 318/2000 [47:02<4:08:31,  8.87s/it]
                                                    
{'loss': '0.8777', 'grad_norm': '0.1471', 'learning_rate': '9.896e-06', 'epoch': '2.544'}

 16%|█▌        | 318/2000 [47:02<4:08:31,  8.87s/it]
 16%|█▌        | 319/2000 [47:10<4:02:08,  8.64s/it]
                                                    
{'loss': '0.9705', 'grad_norm': '0.29', 'learning_rate': '9.894e-06', 'epoch': '2.552'}

 16%|█▌        | 319/2000 [47:10<4:02:08,  8.64s/it]
 16%|█▌        | 320/2000 [47:19<4:06:29,  8.80s/it]
                                                    
{'loss': '1.089', 'grad_norm': '0.537', 'learning_rate': '9.893e-06', 'epoch': '2.56'}

 16%|█▌        | 320/2000 [47:19<4:06:29,  8.80s/it]
 16%|█▌        | 321/2000 [47:28<4:05:53,  8.79s/it]
                                                    
{'loss': '0.7737', 'grad_norm': '0.3047', 'learning_rate': '9.891e-06', 'epoch': '2.568'}

 16%|█▌        | 321/2000 [47:28<4:05:53,  8.79s/it]
 16%|█▌        | 322/2000 [47:37<4:08:49,  8.90s/it]
                                                    
{'loss': '0.7801', 'grad_norm': '0.1854', 'learning_rate': '9.889e-06', 'epoch': '2.576'}

 16%|█▌        | 322/2000 [47:37<4:08:49,  8.90s/it]
 16%|█▌        | 323/2000 [47:45<4:04:19,  8.74s/it]
                                                    
{'loss': '0.8285', 'grad_norm': '0.3431', 'learning_rate': '9.887e-06', 'epoch': '2.584'}

 16%|█▌        | 323/2000 [47:45<4:04:19,  8.74s/it]
 16%|█▌        | 324/2000 [47:54<4:02:21,  8.68s/it]
                                                    
{'loss': '0.8086', 'grad_norm': '0.4085', 'learning_rate': '9.885e-06', 'epoch': '2.592'}

 16%|█▌        | 324/2000 [47:54<4:02:21,  8.68s/it]
 16%|█▋        | 325/2000 [48:03<4:07:14,  8.86s/it]
                                                    
{'loss': '0.8818', 'grad_norm': '0.3524', 'learning_rate': '9.883e-06', 'epoch': '2.6'}

 16%|█▋        | 325/2000 [48:03<4:07:14,  8.86s/it]
 16%|█▋        | 326/2000 [48:12<4:05:23,  8.80s/it]
                                                    
{'loss': '1.12', 'grad_norm': '0.3883', 'learning_rate': '9.881e-06', 'epoch': '2.608'}

 16%|█▋        | 326/2000 [48:12<4:05:23,  8.80s/it]
 16%|█▋        | 327/2000 [48:21<4:05:59,  8.82s/it]
                                                    
{'loss': '0.7758', 'grad_norm': '0.2495', 'learning_rate': '9.88e-06', 'epoch': '2.616'}

 16%|█▋        | 327/2000 [48:21<4:05:59,  8.82s/it]
 16%|█▋        | 328/2000 [48:30<4:07:48,  8.89s/it]
                                                    
{'loss': '0.8624', 'grad_norm': '0.4041', 'learning_rate': '9.878e-06', 'epoch': '2.624'}

 16%|█▋        | 328/2000 [48:30<4:07:48,  8.89s/it]
 16%|█▋        | 329/2000 [48:38<4:01:37,  8.68s/it]
                                                    
{'loss': '0.8835', 'grad_norm': '0.288', 'learning_rate': '9.876e-06', 'epoch': '2.632'}

 16%|█▋        | 329/2000 [48:38<4:01:37,  8.68s/it]
 16%|█▋        | 330/2000 [48:46<4:00:25,  8.64s/it]
                                                    
{'loss': '0.8347', 'grad_norm': '0.3485', 'learning_rate': '9.874e-06', 'epoch': '2.64'}

 16%|█▋        | 330/2000 [48:46<4:00:25,  8.64s/it]
 17%|█▋        | 331/2000 [48:55<3:56:05,  8.49s/it]
                                                    
{'loss': '0.6418', 'grad_norm': '0.3099', 'learning_rate': '9.872e-06', 'epoch': '2.648'}

 17%|█▋        | 331/2000 [48:55<3:56:05,  8.49s/it]
 17%|█▋        | 332/2000 [49:03<3:59:31,  8.62s/it]
                                                    
{'loss': '0.9661', 'grad_norm': '0.2304', 'learning_rate': '9.87e-06', 'epoch': '2.656'}

 17%|█▋        | 332/2000 [49:04<3:59:31,  8.62s/it]
 17%|█▋        | 333/2000 [49:12<4:00:45,  8.67s/it]
                                                    
{'loss': '1.016', 'grad_norm': '0.2714', 'learning_rate': '9.868e-06', 'epoch': '2.664'}

 17%|█▋        | 333/2000 [49:12<4:00:45,  8.67s/it]
 17%|█▋        | 334/2000 [49:21<4:04:15,  8.80s/it]
                                                    
{'loss': '1.233', 'grad_norm': '0.477', 'learning_rate': '9.866e-06', 'epoch': '2.672'}

 17%|█▋        | 334/2000 [49:21<4:04:15,  8.80s/it]
 17%|█▋        | 335/2000 [49:30<4:03:59,  8.79s/it]
                                                    
{'loss': '0.8434', 'grad_norm': '0.4829', 'learning_rate': '9.864e-06', 'epoch': '2.68'}

 17%|█▋        | 335/2000 [49:30<4:03:59,  8.79s/it]
 17%|█▋        | 336/2000 [49:38<4:00:01,  8.65s/it]
                                                    
{'loss': '0.9391', 'grad_norm': '0.2668', 'learning_rate': '9.862e-06', 'epoch': '2.688'}

 17%|█▋        | 336/2000 [49:39<4:00:01,  8.65s/it]
 17%|█▋        | 337/2000 [49:46<3:54:16,  8.45s/it]
                                                    
{'loss': '0.7109', 'grad_norm': '0.2998', 'learning_rate': '9.86e-06', 'epoch': '2.696'}

 17%|█▋        | 337/2000 [49:47<3:54:16,  8.45s/it]
 17%|█▋        | 338/2000 [49:55<3:56:37,  8.54s/it]
                                                    
{'loss': '0.5881', 'grad_norm': '0.3289', 'learning_rate': '9.858e-06', 'epoch': '2.704'}

 17%|█▋        | 338/2000 [49:55<3:56:37,  8.54s/it]
 17%|█▋        | 339/2000 [50:04<3:54:30,  8.47s/it]
                                                    
{'loss': '0.5631', 'grad_norm': '0.3053', 'learning_rate': '9.856e-06', 'epoch': '2.712'}

 17%|█▋        | 339/2000 [50:04<3:54:30,  8.47s/it]
 17%|█▋        | 340/2000 [50:13<4:05:49,  8.89s/it]
                                                    
{'loss': '1.014', 'grad_norm': '0.5005', 'learning_rate': '9.854e-06', 'epoch': '2.72'}

 17%|█▋        | 340/2000 [50:13<4:05:49,  8.89s/it]
 17%|█▋        | 341/2000 [50:22<4:06:20,  8.91s/it]
                                                    
{'loss': '0.6845', 'grad_norm': '0.1124', 'learning_rate': '9.851e-06', 'epoch': '2.728'}

 17%|█▋        | 341/2000 [50:22<4:06:20,  8.91s/it]
 17%|█▋        | 342/2000 [50:31<4:03:26,  8.81s/it]
                                                    
{'loss': '0.8984', 'grad_norm': '0.2869', 'learning_rate': '9.849e-06', 'epoch': '2.736'}

 17%|█▋        | 342/2000 [50:31<4:03:26,  8.81s/it]
 17%|█▋        | 343/2000 [50:39<4:00:26,  8.71s/it]
                                                    
{'loss': '0.7262', 'grad_norm': '0.3944', 'learning_rate': '9.847e-06', 'epoch': '2.744'}

 17%|█▋        | 343/2000 [50:39<4:00:26,  8.71s/it]
 17%|█▋        | 344/2000 [50:48<4:00:39,  8.72s/it]
                                                    
{'loss': '0.8787', 'grad_norm': '0.3014', 'learning_rate': '9.845e-06', 'epoch': '2.752'}

 17%|█▋        | 344/2000 [50:48<4:00:39,  8.72s/it]
 17%|█▋        | 345/2000 [50:57<4:02:02,  8.78s/it]
                                                    
{'loss': '0.7842', 'grad_norm': '0.3197', 'learning_rate': '9.843e-06', 'epoch': '2.76'}

 17%|█▋        | 345/2000 [50:57<4:02:02,  8.78s/it]
 17%|█▋        | 346/2000 [51:06<4:01:59,  8.78s/it]
                                                    
{'loss': '0.8318', 'grad_norm': '0.256', 'learning_rate': '9.841e-06', 'epoch': '2.768'}

 17%|█▋        | 346/2000 [51:06<4:01:59,  8.78s/it]
 17%|█▋        | 347/2000 [51:15<4:01:26,  8.76s/it]
                                                    
{'loss': '0.6618', 'grad_norm': '0.1889', 'learning_rate': '9.839e-06', 'epoch': '2.776'}

 17%|█▋        | 347/2000 [51:15<4:01:26,  8.76s/it]
 17%|█▋        | 348/2000 [51:23<4:02:29,  8.81s/it]
                                                    
{'loss': '0.6404', 'grad_norm': '0.2311', 'learning_rate': '9.836e-06', 'epoch': '2.784'}

 17%|█▋        | 348/2000 [51:24<4:02:29,  8.81s/it]
 17%|█▋        | 349/2000 [51:33<4:06:54,  8.97s/it]
                                                    
{'loss': '0.7747', 'grad_norm': '0.3397', 'learning_rate': '9.834e-06', 'epoch': '2.792'}

 17%|█▋        | 349/2000 [51:33<4:06:54,  8.97s/it]
 18%|█▊        | 350/2000 [51:41<4:02:51,  8.83s/it]
                                                    
{'loss': '1.135', 'grad_norm': '0.3386', 'learning_rate': '9.832e-06', 'epoch': '2.8'}

 18%|█▊        | 350/2000 [51:41<4:02:51,  8.83s/it]
 18%|█▊        | 351/2000 [51:51<4:08:01,  9.02s/it]
                                                    
{'loss': '0.8375', 'grad_norm': '0.4167', 'learning_rate': '9.83e-06', 'epoch': '2.808'}

 18%|█▊        | 351/2000 [51:51<4:08:01,  9.02s/it]
 18%|█▊        | 352/2000 [52:00<4:05:53,  8.95s/it]
                                                    
{'loss': '0.7465', 'grad_norm': '0.3858', 'learning_rate': '9.827e-06', 'epoch': '2.816'}

 18%|█▊        | 352/2000 [52:00<4:05:53,  8.95s/it]
 18%|█▊        | 353/2000 [52:08<4:01:58,  8.82s/it]
                                                    
{'loss': '0.6837', 'grad_norm': '0.265', 'learning_rate': '9.825e-06', 'epoch': '2.824'}

 18%|█▊        | 353/2000 [52:08<4:01:58,  8.82s/it]
 18%|█▊        | 354/2000 [52:17<4:06:03,  8.97s/it]
                                                    
{'loss': '0.7521', 'grad_norm': '0.4813', 'learning_rate': '9.823e-06', 'epoch': '2.832'}

 18%|█▊        | 354/2000 [52:18<4:06:03,  8.97s/it]
 18%|█▊        | 355/2000 [52:26<4:01:50,  8.82s/it]
                                                    
{'loss': '0.9268', 'grad_norm': '0.1889', 'learning_rate': '9.82e-06', 'epoch': '2.84'}

 18%|█▊        | 355/2000 [52:26<4:01:50,  8.82s/it]
 18%|█▊        | 356/2000 [52:35<4:01:36,  8.82s/it]
                                                    
{'loss': '0.9518', 'grad_norm': '0.1365', 'learning_rate': '9.818e-06', 'epoch': '2.848'}

 18%|█▊        | 356/2000 [52:35<4:01:36,  8.82s/it]
 18%|█▊        | 357/2000 [52:44<4:05:55,  8.98s/it]
                                                    
{'loss': '0.7378', 'grad_norm': '0.3873', 'learning_rate': '9.816e-06', 'epoch': '2.856'}

 18%|█▊        | 357/2000 [52:44<4:05:55,  8.98s/it]
 18%|█▊        | 358/2000 [52:52<4:00:47,  8.80s/it]
                                                    
{'loss': '0.7031', 'grad_norm': '0.289', 'learning_rate': '9.813e-06', 'epoch': '2.864'}

 18%|█▊        | 358/2000 [52:53<4:00:47,  8.80s/it]
 18%|█▊        | 359/2000 [53:01<3:58:37,  8.72s/it]
                                                    
{'loss': '0.8584', 'grad_norm': '0.4612', 'learning_rate': '9.811e-06', 'epoch': '2.872'}

 18%|█▊        | 359/2000 [53:01<3:58:37,  8.72s/it]
 18%|█▊        | 360/2000 [53:10<4:02:57,  8.89s/it]
                                                    
{'loss': '1.181', 'grad_norm': '0.2885', 'learning_rate': '9.809e-06', 'epoch': '2.88'}

 18%|█▊        | 360/2000 [53:10<4:02:57,  8.89s/it]
 18%|█▊        | 361/2000 [53:19<3:58:27,  8.73s/it]
                                                    
{'loss': '0.8364', 'grad_norm': '0.3955', 'learning_rate': '9.806e-06', 'epoch': '2.888'}

 18%|█▊        | 361/2000 [53:19<3:58:27,  8.73s/it]
 18%|█▊        | 362/2000 [53:28<4:03:59,  8.94s/it]
                                                    
{'loss': '0.7168', 'grad_norm': '0.2405', 'learning_rate': '9.804e-06', 'epoch': '2.896'}

 18%|█▊        | 362/2000 [53:28<4:03:59,  8.94s/it]
 18%|█▊        | 363/2000 [53:37<4:07:15,  9.06s/it]
                                                    
{'loss': '0.8647', 'grad_norm': '0.37', 'learning_rate': '9.801e-06', 'epoch': '2.904'}

 18%|█▊        | 363/2000 [53:37<4:07:15,  9.06s/it]
 18%|█▊        | 364/2000 [53:46<4:00:39,  8.83s/it]
                                                    
{'loss': '0.9272', 'grad_norm': '0.3097', 'learning_rate': '9.799e-06', 'epoch': '2.912'}

 18%|█▊        | 364/2000 [53:46<4:00:39,  8.83s/it]
 18%|█▊        | 365/2000 [53:55<4:08:04,  9.10s/it]
                                                    
{'loss': '0.6951', 'grad_norm': '0.2477', 'learning_rate': '9.797e-06', 'epoch': '2.92'}

 18%|█▊        | 365/2000 [53:55<4:08:04,  9.10s/it]
 18%|█▊        | 366/2000 [54:04<4:03:03,  8.92s/it]
                                                    
{'loss': '0.7627', 'grad_norm': '0.4486', 'learning_rate': '9.794e-06', 'epoch': '2.928'}

 18%|█▊        | 366/2000 [54:04<4:03:03,  8.92s/it]
 18%|█▊        | 367/2000 [54:12<3:59:09,  8.79s/it]
                                                    
{'loss': '0.5786', 'grad_norm': '0.2271', 'learning_rate': '9.792e-06', 'epoch': '2.936'}

 18%|█▊        | 367/2000 [54:12<3:59:09,  8.79s/it]
 18%|█▊        | 368/2000 [54:22<4:05:50,  9.04s/it]
                                                    
{'loss': '0.6887', 'grad_norm': '0.6301', 'learning_rate': '9.789e-06', 'epoch': '2.944'}

 18%|█▊        | 368/2000 [54:22<4:05:50,  9.04s/it]
 18%|█▊        | 369/2000 [54:31<4:01:21,  8.88s/it]
                                                    
{'loss': '0.5273', 'grad_norm': '0.208', 'learning_rate': '9.787e-06', 'epoch': '2.952'}

 18%|█▊        | 369/2000 [54:31<4:01:21,  8.88s/it]
 18%|█▊        | 370/2000 [54:39<4:01:12,  8.88s/it]
                                                    
{'loss': '0.7017', 'grad_norm': '0.4965', 'learning_rate': '9.784e-06', 'epoch': '2.96'}

 18%|█▊        | 370/2000 [54:39<4:01:12,  8.88s/it]
 19%|█▊        | 371/2000 [54:49<4:04:36,  9.01s/it]
                                                    
{'loss': '0.629', 'grad_norm': '0.1945', 'learning_rate': '9.782e-06', 'epoch': '2.968'}

 19%|█▊        | 371/2000 [54:49<4:04:36,  9.01s/it]
 19%|█▊        | 372/2000 [54:57<3:58:45,  8.80s/it]
                                                    
{'loss': '0.9141', 'grad_norm': '0.273', 'learning_rate': '9.779e-06', 'epoch': '2.976'}

 19%|█▊        | 372/2000 [54:57<3:58:45,  8.80s/it]
 19%|█▊        | 373/2000 [55:06<3:58:20,  8.79s/it]
                                                    
{'loss': '0.659', 'grad_norm': '0.2356', 'learning_rate': '9.776e-06', 'epoch': '2.984'}

 19%|█▊        | 373/2000 [55:06<3:58:20,  8.79s/it]
 19%|█▊        | 374/2000 [55:15<4:03:37,  8.99s/it]
                                                    
{'loss': '0.7161', 'grad_norm': '0.2719', 'learning_rate': '9.774e-06', 'epoch': '2.992'}

 19%|█▊        | 374/2000 [55:15<4:03:37,  8.99s/it]
 19%|█▉        | 375/2000 [55:24<4:01:36,  8.92s/it]
                                                    
{'loss': '0.9469', 'grad_norm': '0.3575', 'learning_rate': '9.771e-06', 'epoch': '3'}

 19%|█▉        | 375/2000 [55:24<4:01:36,  8.92s/it]
 19%|█▉        | 376/2000 [55:34<4:13:59,  9.38s/it]
                                                    
{'loss': '0.5438', 'grad_norm': '0.2812', 'learning_rate': '9.769e-06', 'epoch': '3.008'}

 19%|█▉        | 376/2000 [55:35<4:13:59,  9.38s/it]
 19%|█▉        | 377/2000 [55:44<4:12:38,  9.34s/it]
                                                    
{'loss': '0.7341', 'grad_norm': '0.2435', 'learning_rate': '9.766e-06', 'epoch': '3.016'}

 19%|█▉        | 377/2000 [55:44<4:12:38,  9.34s/it]
 19%|█▉        | 378/2000 [55:52<4:00:36,  8.90s/it]
                                                    
{'loss': '0.7563', 'grad_norm': '0.3697', 'learning_rate': '9.763e-06', 'epoch': '3.024'}

 19%|█▉        | 378/2000 [55:52<4:00:36,  8.90s/it]
 19%|█▉        | 379/2000 [56:01<4:05:32,  9.09s/it]
                                                    
{'loss': '0.8955', 'grad_norm': '0.4191', 'learning_rate': '9.761e-06', 'epoch': '3.032'}

 19%|█▉        | 379/2000 [56:01<4:05:32,  9.09s/it]
 19%|█▉        | 380/2000 [56:10<4:07:08,  9.15s/it]
                                                    
{'loss': '0.9272', 'grad_norm': '0.2189', 'learning_rate': '9.758e-06', 'epoch': '3.04'}

 19%|█▉        | 380/2000 [56:10<4:07:08,  9.15s/it]
 19%|█▉        | 381/2000 [56:18<3:57:36,  8.81s/it]
                                                    
{'loss': '0.6408', 'grad_norm': '0.3365', 'learning_rate': '9.755e-06', 'epoch': '3.048'}

 19%|█▉        | 381/2000 [56:19<3:57:36,  8.81s/it]
 19%|█▉        | 382/2000 [56:28<4:05:05,  9.09s/it]
                                                    
{'loss': '0.7126', 'grad_norm': '0.1884', 'learning_rate': '9.753e-06', 'epoch': '3.056'}

 19%|█▉        | 382/2000 [56:28<4:05:05,  9.09s/it]
 19%|█▉        | 383/2000 [56:37<4:00:55,  8.94s/it]
                                                    
{'loss': '0.8266', 'grad_norm': '0.4261', 'learning_rate': '9.75e-06', 'epoch': '3.064'}

 19%|█▉        | 383/2000 [56:37<4:00:55,  8.94s/it]
 19%|█▉        | 384/2000 [56:46<4:02:12,  8.99s/it]
                                                    
{'loss': '1.051', 'grad_norm': '0.3199', 'learning_rate': '9.747e-06', 'epoch': '3.072'}

 19%|█▉        | 384/2000 [56:46<4:02:12,  8.99s/it]
 19%|█▉        | 385/2000 [56:55<4:02:53,  9.02s/it]
                                                    
{'loss': '0.7876', 'grad_norm': '0.3609', 'learning_rate': '9.744e-06', 'epoch': '3.08'}

 19%|█▉        | 385/2000 [56:55<4:02:53,  9.02s/it]
 19%|█▉        | 386/2000 [57:03<3:58:10,  8.85s/it]
                                                    
{'loss': '0.7935', 'grad_norm': '0.1915', 'learning_rate': '9.742e-06', 'epoch': '3.088'}

 19%|█▉        | 386/2000 [57:04<3:58:10,  8.85s/it]
 19%|█▉        | 387/2000 [57:13<4:03:43,  9.07s/it]
                                                    
{'loss': '0.6249', 'grad_norm': '0.2746', 'learning_rate': '9.739e-06', 'epoch': '3.096'}

 19%|█▉        | 387/2000 [57:13<4:03:43,  9.07s/it]
 19%|█▉        | 388/2000 [57:22<4:00:16,  8.94s/it]
                                                    
{'loss': '0.6265', 'grad_norm': '0.2615', 'learning_rate': '9.736e-06', 'epoch': '3.104'}

 19%|█▉        | 388/2000 [57:22<4:00:16,  8.94s/it]
 19%|█▉        | 389/2000 [57:30<3:57:10,  8.83s/it]
                                                    
{'loss': '0.8694', 'grad_norm': '0.2006', 'learning_rate': '9.733e-06', 'epoch': '3.112'}

 19%|█▉        | 389/2000 [57:30<3:57:10,  8.83s/it]
 20%|█▉        | 390/2000 [57:40<4:01:30,  9.00s/it]
                                                    
{'loss': '0.8291', 'grad_norm': '0.3818', 'learning_rate': '9.73e-06', 'epoch': '3.12'}

 20%|█▉        | 390/2000 [57:40<4:01:30,  9.00s/it]
 20%|█▉        | 391/2000 [57:49<4:02:50,  9.06s/it]
                                                    
{'loss': '0.6084', 'grad_norm': '0.2461', 'learning_rate': '9.728e-06', 'epoch': '3.128'}

 20%|█▉        | 391/2000 [57:49<4:02:50,  9.06s/it]
 20%|█▉        | 392/2000 [57:58<4:03:05,  9.07s/it]
                                                    
{'loss': '0.7844', 'grad_norm': '0.1599', 'learning_rate': '9.725e-06', 'epoch': '3.136'}

 20%|█▉        | 392/2000 [57:58<4:03:05,  9.07s/it]
 20%|█▉        | 393/2000 [58:07<4:00:04,  8.96s/it]
                                                    
{'loss': '0.4451', 'grad_norm': '0.2368', 'learning_rate': '9.722e-06', 'epoch': '3.144'}

 20%|█▉        | 393/2000 [58:07<4:00:04,  8.96s/it]
 20%|█▉        | 394/2000 [58:15<3:53:25,  8.72s/it]
                                                    
{'loss': '0.7218', 'grad_norm': '0.2662', 'learning_rate': '9.719e-06', 'epoch': '3.152'}

 20%|█▉        | 394/2000 [58:15<3:53:25,  8.72s/it]
 20%|█▉        | 395/2000 [58:23<3:49:44,  8.59s/it]
                                                    
{'loss': '0.781', 'grad_norm': '0.2623', 'learning_rate': '9.716e-06', 'epoch': '3.16'}

 20%|█▉        | 395/2000 [58:23<3:49:44,  8.59s/it]
 20%|█▉        | 396/2000 [58:32<3:56:25,  8.84s/it]
                                                    
{'loss': '0.8659', 'grad_norm': '0.3077', 'learning_rate': '9.713e-06', 'epoch': '3.168'}

 20%|█▉        | 396/2000 [58:32<3:56:25,  8.84s/it]
 20%|█▉        | 397/2000 [58:41<3:51:33,  8.67s/it]
                                                    
{'loss': '0.9258', 'grad_norm': '0.4035', 'learning_rate': '9.71e-06', 'epoch': '3.176'}

 20%|█▉        | 397/2000 [58:41<3:51:33,  8.67s/it]
 20%|█▉        | 398/2000 [58:49<3:47:41,  8.53s/it]
                                                    
{'loss': '0.706', 'grad_norm': '0.2808', 'learning_rate': '9.707e-06', 'epoch': '3.184'}

 20%|█▉        | 398/2000 [58:49<3:47:41,  8.53s/it]
 20%|█▉        | 399/2000 [58:58<3:53:21,  8.75s/it]
                                                    
{'loss': '0.701', 'grad_norm': '0.2831', 'learning_rate': '9.704e-06', 'epoch': '3.192'}

 20%|█▉        | 399/2000 [58:58<3:53:21,  8.75s/it]
 20%|██        | 400/2000 [59:07<3:53:29,  8.76s/it]
                                                    
{'loss': '1.063', 'grad_norm': '0.4042', 'learning_rate': '9.701e-06', 'epoch': '3.2'}

 20%|██        | 400/2000 [59:07<3:53:29,  8.76s/it]
 20%|██        | 401/2000 [59:16<3:58:35,  8.95s/it]
                                                    
{'loss': '0.8074', 'grad_norm': '0.4145', 'learning_rate': '9.698e-06', 'epoch': '3.208'}

 20%|██        | 401/2000 [59:16<3:58:35,  8.95s/it]
 20%|██        | 402/2000 [59:25<3:54:54,  8.82s/it]
                                                    
{'loss': '0.7383', 'grad_norm': '0.453', 'learning_rate': '9.695e-06', 'epoch': '3.216'}

 20%|██        | 402/2000 [59:25<3:54:54,  8.82s/it]
 20%|██        | 403/2000 [59:33<3:46:27,  8.51s/it]
                                                    
{'loss': '0.5853', 'grad_norm': '0.3565', 'learning_rate': '9.692e-06', 'epoch': '3.224'}

 20%|██        | 403/2000 [59:33<3:46:27,  8.51s/it]
 20%|██        | 404/2000 [59:43<4:00:09,  9.03s/it]
                                                    
{'loss': '0.8425', 'grad_norm': '0.3203', 'learning_rate': '9.689e-06', 'epoch': '3.232'}

 20%|██        | 404/2000 [59:43<4:00:09,  9.03s/it]
 20%|██        | 405/2000 [59:52<3:58:25,  8.97s/it]
                                                    
{'loss': '0.8409', 'grad_norm': '0.1833', 'learning_rate': '9.686e-06', 'epoch': '3.24'}

 20%|██        | 405/2000 [59:52<3:58:25,  8.97s/it]
 20%|██        | 406/2000 [1:00:00<3:55:28,  8.86s/it]
                                                      
{'loss': '0.8411', 'grad_norm': '0.3163', 'learning_rate': '9.683e-06', 'epoch': '3.248'}

 20%|██        | 406/2000 [1:00:00<3:55:28,  8.86s/it]
 20%|██        | 407/2000 [1:00:09<3:53:06,  8.78s/it]
                                                      
{'loss': '0.7202', 'grad_norm': '0.2293', 'learning_rate': '9.68e-06', 'epoch': '3.256'}

 20%|██        | 407/2000 [1:00:09<3:53:06,  8.78s/it]
 20%|██        | 408/2000 [1:00:18<3:54:52,  8.85s/it]
                                                      
{'loss': '0.8011', 'grad_norm': '0.2434', 'learning_rate': '9.677e-06', 'epoch': '3.264'}

 20%|██        | 408/2000 [1:00:18<3:54:52,  8.85s/it]
 20%|██        | 409/2000 [1:00:27<3:52:35,  8.77s/it]
                                                      
{'loss': '0.9194', 'grad_norm': '0.5128', 'learning_rate': '9.674e-06', 'epoch': '3.272'}

 20%|██        | 409/2000 [1:00:27<3:52:35,  8.77s/it]
 20%|██        | 410/2000 [1:00:35<3:52:31,  8.77s/it]
                                                      
{'loss': '0.8587', 'grad_norm': '0.2647', 'learning_rate': '9.671e-06', 'epoch': '3.28'}

 20%|██        | 410/2000 [1:00:35<3:52:31,  8.77s/it]
 21%|██        | 411/2000 [1:00:44<3:51:26,  8.74s/it]
                                                      
{'loss': '0.8188', 'grad_norm': '0.7449', 'learning_rate': '9.668e-06', 'epoch': '3.288'}

 21%|██        | 411/2000 [1:00:44<3:51:26,  8.74s/it]
 21%|██        | 412/2000 [1:00:52<3:42:00,  8.39s/it]
                                                      
{'loss': '0.6909', 'grad_norm': '0.3221', 'learning_rate': '9.665e-06', 'epoch': '3.296'}

 21%|██        | 412/2000 [1:00:52<3:42:00,  8.39s/it]
 21%|██        | 413/2000 [1:01:01<3:47:51,  8.61s/it]
                                                      
{'loss': '0.9492', 'grad_norm': '0.2657', 'learning_rate': '9.662e-06', 'epoch': '3.304'}

 21%|██        | 413/2000 [1:01:01<3:47:51,  8.61s/it]
 21%|██        | 414/2000 [1:01:10<3:55:15,  8.90s/it]
                                                      
{'loss': '0.7751', 'grad_norm': '0.2208', 'learning_rate': '9.658e-06', 'epoch': '3.312'}

 21%|██        | 414/2000 [1:01:10<3:55:15,  8.90s/it]
 21%|██        | 415/2000 [1:01:19<3:54:00,  8.86s/it]
                                                      
{'loss': '0.8917', 'grad_norm': '0.3626', 'learning_rate': '9.655e-06', 'epoch': '3.32'}

 21%|██        | 415/2000 [1:01:19<3:54:00,  8.86s/it]
 21%|██        | 416/2000 [1:01:29<3:59:25,  9.07s/it]
                                                      
{'loss': '0.9675', 'grad_norm': '0.1643', 'learning_rate': '9.652e-06', 'epoch': '3.328'}

 21%|██        | 416/2000 [1:01:29<3:59:25,  9.07s/it]
 21%|██        | 417/2000 [1:01:38<4:00:05,  9.10s/it]
                                                      
{'loss': '0.7065', 'grad_norm': '0.2925', 'learning_rate': '9.649e-06', 'epoch': '3.336'}

 21%|██        | 417/2000 [1:01:38<4:00:05,  9.10s/it]
 21%|██        | 418/2000 [1:01:46<3:51:32,  8.78s/it]
                                                      
{'loss': '0.7454', 'grad_norm': '0.3211', 'learning_rate': '9.646e-06', 'epoch': '3.344'}

 21%|██        | 418/2000 [1:01:46<3:51:32,  8.78s/it]
 21%|██        | 419/2000 [1:01:56<4:00:10,  9.11s/it]
                                                      
{'loss': '1.003', 'grad_norm': '0.2297', 'learning_rate': '9.642e-06', 'epoch': '3.352'}

 21%|██        | 419/2000 [1:01:56<4:00:10,  9.11s/it]
 21%|██        | 420/2000 [1:02:05<4:02:24,  9.21s/it]
                                                      
{'loss': '0.8344', 'grad_norm': '0.3251', 'learning_rate': '9.639e-06', 'epoch': '3.36'}

 21%|██        | 420/2000 [1:02:05<4:02:24,  9.21s/it]
 21%|██        | 421/2000 [1:02:14<3:56:53,  9.00s/it]
                                                      
{'loss': '0.9204', 'grad_norm': '0.4102', 'learning_rate': '9.636e-06', 'epoch': '3.368'}

 21%|██        | 421/2000 [1:02:14<3:56:53,  9.00s/it]
 21%|██        | 422/2000 [1:02:23<3:56:21,  8.99s/it]
                                                      
{'loss': '0.7056', 'grad_norm': '0.2758', 'learning_rate': '9.633e-06', 'epoch': '3.376'}

 21%|██        | 422/2000 [1:02:23<3:56:21,  8.99s/it]
 21%|██        | 423/2000 [1:02:31<3:50:31,  8.77s/it]
                                                      
{'loss': '0.5405', 'grad_norm': '0.2558', 'learning_rate': '9.629e-06', 'epoch': '3.384'}

 21%|██        | 423/2000 [1:02:31<3:50:31,  8.77s/it]
 21%|██        | 424/2000 [1:02:40<3:53:03,  8.87s/it]
                                                      
{'loss': '0.8544', 'grad_norm': '0.1829', 'learning_rate': '9.626e-06', 'epoch': '3.392'}

 21%|██        | 424/2000 [1:02:40<3:53:03,  8.87s/it]
 21%|██▏       | 425/2000 [1:02:49<3:54:37,  8.94s/it]
                                                      
{'loss': '0.7577', 'grad_norm': '0.284', 'learning_rate': '9.623e-06', 'epoch': '3.4'}

 21%|██▏       | 425/2000 [1:02:49<3:54:37,  8.94s/it]
 21%|██▏       | 426/2000 [1:02:58<3:52:07,  8.85s/it]
                                                      
{'loss': '0.6428', 'grad_norm': '0.4096', 'learning_rate': '9.619e-06', 'epoch': '3.408'}

 21%|██▏       | 426/2000 [1:02:58<3:52:07,  8.85s/it]
 21%|██▏       | 427/2000 [1:03:07<3:56:59,  9.04s/it]
                                                      
{'loss': '0.668', 'grad_norm': '0.3163', 'learning_rate': '9.616e-06', 'epoch': '3.416'}

 21%|██▏       | 427/2000 [1:03:07<3:56:59,  9.04s/it]
 21%|██▏       | 428/2000 [1:03:16<3:58:15,  9.09s/it]
                                                      
{'loss': '0.8999', 'grad_norm': '0.2296', 'learning_rate': '9.613e-06', 'epoch': '3.424'}

 21%|██▏       | 428/2000 [1:03:16<3:58:15,  9.09s/it]
 21%|██▏       | 429/2000 [1:03:25<3:54:12,  8.95s/it]
                                                      
{'loss': '0.7097', 'grad_norm': '0.206', 'learning_rate': '9.609e-06', 'epoch': '3.432'}

 21%|██▏       | 429/2000 [1:03:25<3:54:12,  8.95s/it]
 22%|██▏       | 430/2000 [1:03:34<3:53:31,  8.92s/it]
                                                      
{'loss': '0.8822', 'grad_norm': '0.2634', 'learning_rate': '9.606e-06', 'epoch': '3.44'}

 22%|██▏       | 430/2000 [1:03:34<3:53:31,  8.92s/it]
 22%|██▏       | 431/2000 [1:03:42<3:48:19,  8.73s/it]
                                                      
{'loss': '0.9509', 'grad_norm': '0.5545', 'learning_rate': '9.603e-06', 'epoch': '3.448'}

 22%|██▏       | 431/2000 [1:03:42<3:48:19,  8.73s/it]
 22%|██▏       | 432/2000 [1:03:51<3:48:46,  8.75s/it]
                                                      
{'loss': '0.8518', 'grad_norm': '0.3099', 'learning_rate': '9.599e-06', 'epoch': '3.456'}

 22%|██▏       | 432/2000 [1:03:51<3:48:46,  8.75s/it]
 22%|██▏       | 433/2000 [1:04:00<3:52:48,  8.91s/it]
                                                      
{'loss': '0.597', 'grad_norm': '0.2565', 'learning_rate': '9.596e-06', 'epoch': '3.464'}

 22%|██▏       | 433/2000 [1:04:00<3:52:48,  8.91s/it]
 22%|██▏       | 434/2000 [1:04:09<3:49:42,  8.80s/it]
                                                      
{'loss': '0.6552', 'grad_norm': '1.027', 'learning_rate': '9.592e-06', 'epoch': '3.472'}

 22%|██▏       | 434/2000 [1:04:09<3:49:42,  8.80s/it]
 22%|██▏       | 435/2000 [1:04:18<3:51:47,  8.89s/it]
                                                      
{'loss': '0.8635', 'grad_norm': '0.2668', 'learning_rate': '9.589e-06', 'epoch': '3.48'}

 22%|██▏       | 435/2000 [1:04:18<3:51:47,  8.89s/it]
 22%|██▏       | 436/2000 [1:04:27<3:55:39,  9.04s/it]
                                                      
{'loss': '0.9211', 'grad_norm': '0.1526', 'learning_rate': '9.585e-06', 'epoch': '3.488'}

 22%|██▏       | 436/2000 [1:04:27<3:55:39,  9.04s/it]
 22%|██▏       | 437/2000 [1:04:36<3:49:59,  8.83s/it]
                                                      
{'loss': '0.876', 'grad_norm': '0.3872', 'learning_rate': '9.582e-06', 'epoch': '3.496'}

 22%|██▏       | 437/2000 [1:04:36<3:49:59,  8.83s/it]
 22%|██▏       | 438/2000 [1:04:45<3:51:09,  8.88s/it]
                                                      
{'loss': '0.9006', 'grad_norm': '0.2867', 'learning_rate': '9.578e-06', 'epoch': '3.504'}

 22%|██▏       | 438/2000 [1:04:45<3:51:09,  8.88s/it]
 22%|██▏       | 439/2000 [1:04:53<3:47:56,  8.76s/it]
                                                      
{'loss': '0.7784', 'grad_norm': '0.1528', 'learning_rate': '9.575e-06', 'epoch': '3.512'}

 22%|██▏       | 439/2000 [1:04:53<3:47:56,  8.76s/it]
 22%|██▏       | 440/2000 [1:05:02<3:45:34,  8.68s/it]
                                                      
{'loss': '0.6929', 'grad_norm': '0.3671', 'learning_rate': '9.571e-06', 'epoch': '3.52'}

 22%|██▏       | 440/2000 [1:05:02<3:45:34,  8.68s/it]
 22%|██▏       | 441/2000 [1:05:10<3:46:41,  8.72s/it]
                                                      
{'loss': '0.7072', 'grad_norm': '0.2036', 'learning_rate': '9.568e-06', 'epoch': '3.528'}

 22%|██▏       | 441/2000 [1:05:10<3:46:41,  8.72s/it]
 22%|██▏       | 442/2000 [1:05:18<3:39:50,  8.47s/it]
                                                      
{'loss': '0.9487', 'grad_norm': '0.3266', 'learning_rate': '9.564e-06', 'epoch': '3.536'}

 22%|██▏       | 442/2000 [1:05:18<3:39:50,  8.47s/it]
 22%|██▏       | 443/2000 [1:05:28<3:48:06,  8.79s/it]
                                                      
{'loss': '0.7377', 'grad_norm': '0.3487', 'learning_rate': '9.561e-06', 'epoch': '3.544'}

 22%|██▏       | 443/2000 [1:05:28<3:48:06,  8.79s/it]
 22%|██▏       | 444/2000 [1:05:36<3:45:39,  8.70s/it]
                                                      
{'loss': '0.8665', 'grad_norm': '0.2994', 'learning_rate': '9.557e-06', 'epoch': '3.552'}

 22%|██▏       | 444/2000 [1:05:36<3:45:39,  8.70s/it]
 22%|██▏       | 445/2000 [1:05:46<3:50:23,  8.89s/it]
                                                      
{'loss': '0.6125', 'grad_norm': '0.1961', 'learning_rate': '9.553e-06', 'epoch': '3.56'}

 22%|██▏       | 445/2000 [1:05:46<3:50:23,  8.89s/it]
 22%|██▏       | 446/2000 [1:05:55<3:52:13,  8.97s/it]
                                                      
{'loss': '0.6284', 'grad_norm': '0.7472', 'learning_rate': '9.55e-06', 'epoch': '3.568'}

 22%|██▏       | 446/2000 [1:05:55<3:52:13,  8.97s/it]
 22%|██▏       | 447/2000 [1:06:03<3:46:48,  8.76s/it]
                                                      
{'loss': '0.6772', 'grad_norm': '0.3569', 'learning_rate': '9.546e-06', 'epoch': '3.576'}

 22%|██▏       | 447/2000 [1:06:03<3:46:48,  8.76s/it]
 22%|██▏       | 448/2000 [1:06:11<3:43:22,  8.64s/it]
                                                      
{'loss': '0.9404', 'grad_norm': '0.2217', 'learning_rate': '9.543e-06', 'epoch': '3.584'}
