
  0%|          | 1/2000 [00:43<24:00:25, 43.23s/it]
                                                   
{'loss': '1.415', 'grad_norm': '0.4793', 'learning_rate': '1e-06', 'epoch': '0.01587'}

  0%|          | 2/2000 [00:55<13:55:23, 25.09s/it]
                                                   
{'loss': '1.989', 'grad_norm': '1.011', 'learning_rate': '1e-06', 'epoch': '0.03175'}

  0%|          | 3/2000 [01:12<11:49:44, 21.32s/it]
                                                   
{'loss': '1.464', 'grad_norm': '0.4225', 'learning_rate': '1e-06', 'epoch': '0.04762'}

  0%|          | 4/2000 [01:20<8:57:57, 16.17s/it] 
                                                  
{'loss': '1.54', 'grad_norm': '0.5569', 'learning_rate': '1e-06', 'epoch': '0.06349'}

  0%|          | 5/2000 [01:38<9:15:05, 16.69s/it]
                                                  
{'loss': '1.469', 'grad_norm': '0.4291', 'learning_rate': '1e-06', 'epoch': '0.07937'}

  0%|          | 6/2000 [01:48<8:04:35, 14.58s/it]
                                                  
{'loss': '1.555', 'grad_norm': '0.473', 'learning_rate': '1e-06', 'epoch': '0.09524'}

  0%|          | 7/2000 [01:58<7:09:17, 12.92s/it]
                                                  
{'loss': '1.346', 'grad_norm': '0.5389', 'learning_rate': '1e-06', 'epoch': '0.1111'}

  0%|          | 8/2000 [02:09<6:54:37, 12.49s/it]
                                                  
{'loss': '1.385', 'grad_norm': '0.4589', 'learning_rate': '1e-06', 'epoch': '0.127'}

  0%|          | 9/2000 [02:20<6:34:32, 11.89s/it]
                                                  
{'loss': '1.512', 'grad_norm': '0.3702', 'learning_rate': '1e-06', 'epoch': '0.1429'}

  0%|          | 10/2000 [02:31<6:20:26, 11.47s/it]
                                                   
{'loss': '1.683', 'grad_norm': '0.566', 'learning_rate': '1e-06', 'epoch': '0.1587'}

  1%|          | 11/2000 [02:40<6:01:20, 10.90s/it]
                                                   
{'loss': '1.536', 'grad_norm': '0.4649', 'learning_rate': '1e-06', 'epoch': '0.1746'}

  1%|          | 12/2000 [02:49<5:40:06, 10.26s/it]
                                                   
{'loss': '1.546', 'grad_norm': '0.4546', 'learning_rate': '1e-06', 'epoch': '0.1905'}

  1%|          | 13/2000 [03:00<5:51:49, 10.62s/it]
                                                   
{'loss': '1.527', 'grad_norm': '0.3959', 'learning_rate': '1e-06', 'epoch': '0.2063'}

  1%|          | 14/2000 [03:09<5:33:06, 10.06s/it]
                                                   
{'loss': '1.564', 'grad_norm': '0.5041', 'learning_rate': '1e-06', 'epoch': '0.2222'}

  1%|          | 15/2000 [03:18<5:18:45,  9.64s/it]
                                                   
{'loss': '1.5', 'grad_norm': '0.584', 'learning_rate': '1e-06', 'epoch': '0.2381'}

  1%|          | 16/2000 [03:30<5:46:35, 10.48s/it]
                                                   
{'loss': '1.477', 'grad_norm': '0.5061', 'learning_rate': '1e-06', 'epoch': '0.254'}

  1%|          | 17/2000 [03:39<5:30:30, 10.00s/it]
                                                   
{'loss': '1.581', 'grad_norm': '0.553', 'learning_rate': '1e-06', 'epoch': '0.2698'}

  1%|          | 17/2000 [03:39<5:30:30, 10.00s/it]
  1%|          | 18/2000 [03:50<5:34:25, 10.12s/it]
                                                   
{'loss': '1.685', 'grad_norm': '0.746', 'learning_rate': '1e-06', 'epoch': '0.2857'}

  1%|          | 19/2000 [04:00<5:41:13, 10.34s/it]
                                                   
{'loss': '1.433', 'grad_norm': '0.4109', 'learning_rate': '1e-06', 'epoch': '0.3016'}

  1%|          | 19/2000 [04:00<5:41:13, 10.34s/it]
  1%|          | 20/2000 [04:09<5:23:59,  9.82s/it]
                                                   
{'loss': '1.505', 'grad_norm': '0.5934', 'learning_rate': '1e-06', 'epoch': '0.3175'}

  1%|          | 21/2000 [04:20<5:38:40, 10.27s/it]
                                                   
{'loss': '1.25', 'grad_norm': '0.4217', 'learning_rate': '1e-06', 'epoch': '0.3333'}

  1%|          | 22/2000 [04:38<6:49:55, 12.43s/it]
                                                   
{'loss': '1.39', 'grad_norm': '0.5271', 'learning_rate': '1e-06', 'epoch': '0.3492'}

  1%|          | 23/2000 [04:46<6:10:22, 11.24s/it]
                                                   
{'loss': '1.708', 'grad_norm': '0.7042', 'learning_rate': '1e-06', 'epoch': '0.3651'}

  1%|          | 24/2000 [04:58<6:16:04, 11.42s/it]
                                                   
{'loss': '1.52', 'grad_norm': '0.7338', 'learning_rate': '1e-06', 'epoch': '0.381'}

  1%|▏         | 25/2000 [05:07<5:53:25, 10.74s/it]
                                                   
{'loss': '1.444', 'grad_norm': '0.353', 'learning_rate': '1e-06', 'epoch': '0.3968'}

  1%|▏         | 26/2000 [05:17<5:43:24, 10.44s/it]
                                                   
{'loss': '1.494', 'grad_norm': '0.511', 'learning_rate': '1e-06', 'epoch': '0.4127'}

  1%|▏         | 27/2000 [05:28<5:45:30, 10.51s/it]
                                                   
{'loss': '1.318', 'grad_norm': '0.4297', 'learning_rate': '1e-06', 'epoch': '0.4286'}

  1%|▏         | 28/2000 [05:36<5:28:41, 10.00s/it]
                                                   
{'loss': '1.446', 'grad_norm': '0.3938', 'learning_rate': '1e-06', 'epoch': '0.4444'}

  1%|▏         | 28/2000 [05:36<5:28:41, 10.00s/it]
  1%|▏         | 29/2000 [05:47<5:32:51, 10.13s/it]
                                                   
{'loss': '1.429', 'grad_norm': '0.4291', 'learning_rate': '1e-06', 'epoch': '0.4603'}

  1%|▏         | 29/2000 [05:47<5:32:51, 10.13s/it]
  2%|▏         | 30/2000 [05:57<5:29:05, 10.02s/it]
                                                   
{'loss': '1.565', 'grad_norm': '0.5565', 'learning_rate': '1e-06', 'epoch': '0.4762'}

  2%|▏         | 31/2000 [06:06<5:23:45,  9.87s/it]
                                                   
{'loss': '1.602', 'grad_norm': '0.5047', 'learning_rate': '1e-06', 'epoch': '0.4921'}

  2%|▏         | 31/2000 [06:06<5:23:45,  9.87s/it]
  2%|▏         | 32/2000 [06:17<5:31:42, 10.11s/it]
                                                   
{'loss': '1.444', 'grad_norm': '0.4991', 'learning_rate': '1e-06', 'epoch': '0.5079'}

  2%|▏         | 32/2000 [06:17<5:31:42, 10.11s/it]
  2%|▏         | 33/2000 [06:26<5:19:45,  9.75s/it]
                                                   
{'loss': '1.462', 'grad_norm': '0.4219', 'learning_rate': '1e-06', 'epoch': '0.5238'}

  2%|▏         | 34/2000 [06:45<6:51:14, 12.55s/it]
                                                   
{'loss': '1.718', 'grad_norm': '0.6484', 'learning_rate': '1e-06', 'epoch': '0.5397'}

  2%|▏         | 34/2000 [06:45<6:51:14, 12.55s/it]
  2%|▏         | 35/2000 [06:55<6:26:43, 11.81s/it]
                                                   
{'loss': '1.177', 'grad_norm': '0.3578', 'learning_rate': '1e-06', 'epoch': '0.5556'}

  2%|▏         | 35/2000 [06:55<6:26:43, 11.81s/it]
  2%|▏         | 36/2000 [07:04<6:03:23, 11.10s/it]
                                                   
{'loss': '1.336', 'grad_norm': '0.4036', 'learning_rate': '1e-06', 'epoch': '0.5714'}

  2%|▏         | 36/2000 [07:04<6:03:23, 11.10s/it]
  2%|▏         | 37/2000 [07:16<6:03:41, 11.12s/it]
                                                   
{'loss': '1.447', 'grad_norm': '0.5293', 'learning_rate': '1e-06', 'epoch': '0.5873'}

  2%|▏         | 37/2000 [07:16<6:03:41, 11.12s/it]
  2%|▏         | 38/2000 [07:25<5:48:04, 10.64s/it]
                                                   
{'loss': '1.386', 'grad_norm': '0.3628', 'learning_rate': '1e-06', 'epoch': '0.6032'}

  2%|▏         | 38/2000 [07:25<5:48:04, 10.64s/it]
  2%|▏         | 39/2000 [07:34<5:35:44, 10.27s/it]
                                                   
{'loss': '1.696', 'grad_norm': '0.7139', 'learning_rate': '1e-06', 'epoch': '0.619'}

  2%|▏         | 40/2000 [07:45<5:42:09, 10.47s/it]
                                                   
{'loss': '1.453', 'grad_norm': '0.4316', 'learning_rate': '1e-06', 'epoch': '0.6349'}

  2%|▏         | 41/2000 [07:57<5:49:09, 10.69s/it]
                                                   
{'loss': '1.32', 'grad_norm': '0.3084', 'learning_rate': '1e-06', 'epoch': '0.6508'}

  2%|▏         | 42/2000 [08:09<6:07:34, 11.26s/it]
                                                   
{'loss': '1.31', 'grad_norm': '0.2865', 'learning_rate': '1e-06', 'epoch': '0.6667'}

  2%|▏         | 42/2000 [08:09<6:07:34, 11.26s/it]
  2%|▏         | 43/2000 [08:19<5:52:11, 10.80s/it]
                                                   
{'loss': '1.475', 'grad_norm': '0.5115', 'learning_rate': '1e-06', 'epoch': '0.6825'}

  2%|▏         | 43/2000 [08:19<5:52:11, 10.80s/it]
  2%|▏         | 44/2000 [08:29<5:40:30, 10.44s/it]
                                                   
{'loss': '1.509', 'grad_norm': '0.6405', 'learning_rate': '1e-06', 'epoch': '0.6984'}

  2%|▏         | 44/2000 [08:29<5:40:30, 10.44s/it]
  2%|▏         | 45/2000 [08:39<5:44:38, 10.58s/it]
                                                   
{'loss': '1.697', 'grad_norm': '0.4993', 'learning_rate': '1e-06', 'epoch': '0.7143'}

  2%|▏         | 46/2000 [08:49<5:31:53, 10.19s/it]
                                                   
{'loss': '1.495', 'grad_norm': '0.4893', 'learning_rate': '1e-06', 'epoch': '0.7302'}

  2%|▏         | 46/2000 [08:49<5:31:53, 10.19s/it]
  2%|▏         | 47/2000 [08:59<5:32:07, 10.20s/it]
                                                   
{'loss': '1.197', 'grad_norm': '0.4206', 'learning_rate': '1e-06', 'epoch': '0.746'}

  2%|▏         | 48/2000 [09:10<5:38:13, 10.40s/it]
                                                   
{'loss': '1.2', 'grad_norm': '0.3521', 'learning_rate': '1e-06', 'epoch': '0.7619'}

  2%|▏         | 48/2000 [09:10<5:38:13, 10.40s/it]
  2%|▏         | 49/2000 [09:19<5:27:06, 10.06s/it]
                                                   
{'loss': '1.419', 'grad_norm': '0.352', 'learning_rate': '1e-06', 'epoch': '0.7778'}

  2%|▏         | 49/2000 [09:19<5:27:06, 10.06s/it]
  2%|▎         | 50/2000 [09:29<5:30:30, 10.17s/it]
                                                   
{'loss': '1.529', 'grad_norm': '0.5933', 'learning_rate': '1e-06', 'epoch': '0.7937'}

  2%|▎         | 50/2000 [09:30<5:30:30, 10.17s/it]
  3%|▎         | 51/2000 [09:40<5:29:30, 10.14s/it]
                                                   
{'loss': '1.414', 'grad_norm': '0.3489', 'learning_rate': '1e-06', 'epoch': '0.8095'}

  3%|▎         | 52/2000 [09:49<5:23:43,  9.97s/it]
                                                   
{'loss': '1.621', 'grad_norm': '0.6612', 'learning_rate': '1e-06', 'epoch': '0.8254'}

  3%|▎         | 52/2000 [09:49<5:23:43,  9.97s/it]
  3%|▎         | 53/2000 [10:00<5:30:27, 10.18s/it]
                                                   
{'loss': '1.327', 'grad_norm': '0.4923', 'learning_rate': '1e-06', 'epoch': '0.8413'}

  3%|▎         | 54/2000 [10:12<5:47:07, 10.70s/it]
                                                   
{'loss': '1.785', 'grad_norm': '0.7523', 'learning_rate': '1e-06', 'epoch': '0.8571'}

  3%|▎         | 54/2000 [10:12<5:47:07, 10.70s/it]
  3%|▎         | 55/2000 [10:22<5:38:01, 10.43s/it]
                                                   
{'loss': '1.779', 'grad_norm': '0.5398', 'learning_rate': '1e-06', 'epoch': '0.873'}

  3%|▎         | 55/2000 [10:22<5:38:01, 10.43s/it]
  3%|▎         | 56/2000 [10:33<5:44:13, 10.62s/it]
                                                   
{'loss': '1.557', 'grad_norm': '0.6467', 'learning_rate': '1e-06', 'epoch': '0.8889'}

  3%|▎         | 56/2000 [10:33<5:44:13, 10.62s/it]
  3%|▎         | 57/2000 [10:42<5:30:28, 10.20s/it]
                                                   
{'loss': '1.533', 'grad_norm': '0.5402', 'learning_rate': '1e-06', 'epoch': '0.9048'}

  3%|▎         | 58/2000 [10:53<5:35:12, 10.36s/it]
                                                   
{'loss': '1.428', 'grad_norm': '0.2732', 'learning_rate': '1e-06', 'epoch': '0.9206'}

  3%|▎         | 59/2000 [11:03<5:35:02, 10.36s/it]
                                                   
{'loss': '1.36', 'grad_norm': '0.3455', 'learning_rate': '1e-06', 'epoch': '0.9365'}

  3%|▎         | 59/2000 [11:03<5:35:02, 10.36s/it]
  3%|▎         | 60/2000 [11:12<5:23:17, 10.00s/it]
                                                   
{'loss': '1.777', 'grad_norm': '0.9465', 'learning_rate': '1e-06', 'epoch': '0.9524'}

  3%|▎         | 60/2000 [11:12<5:23:17, 10.00s/it]
  3%|▎         | 61/2000 [11:22<5:25:47, 10.08s/it]
                                                   
{'loss': '1.289', 'grad_norm': '0.3442', 'learning_rate': '1e-06', 'epoch': '0.9683'}

  3%|▎         | 61/2000 [11:22<5:25:47, 10.08s/it]
  3%|▎         | 62/2000 [11:32<5:25:54, 10.09s/it]
                                                   
{'loss': '1.296', 'grad_norm': '0.4782', 'learning_rate': '1e-06', 'epoch': '0.9841'}

  3%|▎         | 62/2000 [11:32<5:25:54, 10.09s/it]
  3%|▎         | 63/2000 [11:43<5:26:47, 10.12s/it]
                                                   
{'loss': '1.383', 'grad_norm': '0.4457', 'learning_rate': '1e-06', 'epoch': '1'}

  3%|▎         | 63/2000 [11:43<5:26:47, 10.12s/it]
  3%|▎         | 64/2000 [11:54<5:43:12, 10.64s/it]
                                                   
{'loss': '1.473', 'grad_norm': '0.361', 'learning_rate': '1e-06', 'epoch': '1.016'}

  3%|▎         | 65/2000 [12:05<5:44:08, 10.67s/it]
                                                   
{'loss': '1.312', 'grad_norm': '0.3143', 'learning_rate': '1e-06', 'epoch': '1.032'}

  3%|▎         | 65/2000 [12:05<5:44:08, 10.67s/it]
  3%|▎         | 66/2000 [12:15<5:30:45, 10.26s/it]
                                                   
{'loss': '1.36', 'grad_norm': '0.5153', 'learning_rate': '1e-06', 'epoch': '1.048'}

  3%|▎         | 66/2000 [12:15<5:30:45, 10.26s/it]
  3%|▎         | 67/2000 [12:25<5:31:24, 10.29s/it]
                                                   
{'loss': '1.369', 'grad_norm': '0.4638', 'learning_rate': '1e-06', 'epoch': '1.063'}

  3%|▎         | 67/2000 [12:25<5:31:24, 10.29s/it]
  3%|▎         | 68/2000 [12:34<5:24:16, 10.07s/it]
                                                   
{'loss': '1.71', 'grad_norm': '0.6758', 'learning_rate': '1e-06', 'epoch': '1.079'}

  3%|▎         | 69/2000 [12:48<5:53:13, 10.98s/it]
                                                   
{'loss': '1.446', 'grad_norm': '0.5451', 'learning_rate': '1e-06', 'epoch': '1.095'}

  3%|▎         | 69/2000 [12:48<5:53:13, 10.98s/it]
  4%|▎         | 70/2000 [12:58<5:44:21, 10.71s/it]
                                                   
{'loss': '1.552', 'grad_norm': '0.5928', 'learning_rate': '1e-06', 'epoch': '1.111'}

  4%|▎         | 70/2000 [12:58<5:44:21, 10.71s/it]
  4%|▎         | 71/2000 [13:08<5:37:26, 10.50s/it]
                                                   
{'loss': '1.28', 'grad_norm': '0.5195', 'learning_rate': '1e-06', 'epoch': '1.127'}

  4%|▎         | 71/2000 [13:08<5:37:26, 10.50s/it]
  4%|▎         | 72/2000 [13:17<5:29:58, 10.27s/it]
                                                   
{'loss': '1.936', 'grad_norm': '0.9048', 'learning_rate': '1e-06', 'epoch': '1.143'}

  4%|▎         | 72/2000 [13:17<5:29:58, 10.27s/it]
  4%|▎         | 73/2000 [13:27<5:19:20,  9.94s/it]
                                                   
{'loss': '1.475', 'grad_norm': '0.5451', 'learning_rate': '1e-06', 'epoch': '1.159'}

  4%|▎         | 73/2000 [13:27<5:19:20,  9.94s/it]
  4%|▎         | 74/2000 [13:37<5:22:43, 10.05s/it]
                                                   
{'loss': '1.416', 'grad_norm': '0.5874', 'learning_rate': '1e-06', 'epoch': '1.175'}

  4%|▍         | 75/2000 [13:48<5:29:45, 10.28s/it]
                                                   
{'loss': '1.597', 'grad_norm': '0.4179', 'learning_rate': '1e-06', 'epoch': '1.19'}

  4%|▍         | 75/2000 [13:48<5:29:45, 10.28s/it]
  4%|▍         | 76/2000 [13:58<5:30:25, 10.30s/it]
                                                   
{'loss': '1.667', 'grad_norm': '0.6396', 'learning_rate': '1e-06', 'epoch': '1.206'}

  4%|▍         | 76/2000 [13:58<5:30:25, 10.30s/it]
  4%|▍         | 77/2000 [14:08<5:25:02, 10.14s/it]
                                                   
{'loss': '1.318', 'grad_norm': '0.6545', 'learning_rate': '1e-06', 'epoch': '1.222'}

  4%|▍         | 77/2000 [14:08<5:25:02, 10.14s/it]
  4%|▍         | 78/2000 [14:18<5:27:35, 10.23s/it]
                                                   
{'loss': '1.402', 'grad_norm': '0.3556', 'learning_rate': '1e-06', 'epoch': '1.238'}

  4%|▍         | 78/2000 [14:18<5:27:35, 10.23s/it]
  4%|▍         | 79/2000 [14:28<5:24:03, 10.12s/it]
                                                   
{'loss': '1.302', 'grad_norm': '0.7023', 'learning_rate': '1e-06', 'epoch': '1.254'}

  4%|▍         | 79/2000 [14:28<5:24:03, 10.12s/it]
  4%|▍         | 80/2000 [14:39<5:32:21, 10.39s/it]
                                                   
{'loss': '1.25', 'grad_norm': '0.2775', 'learning_rate': '1e-06', 'epoch': '1.27'}

  4%|▍         | 80/2000 [14:39<5:32:21, 10.39s/it]
  4%|▍         | 81/2000 [14:49<5:27:01, 10.22s/it]
                                                   
{'loss': '1.499', 'grad_norm': '0.4468', 'learning_rate': '1e-06', 'epoch': '1.286'}

  4%|▍         | 82/2000 [15:01<5:43:49, 10.76s/it]
                                                   
{'loss': '1.547', 'grad_norm': '0.5071', 'learning_rate': '1e-06', 'epoch': '1.302'}

  4%|▍         | 82/2000 [15:01<5:43:49, 10.76s/it]
  4%|▍         | 83/2000 [15:11<5:39:21, 10.62s/it]
                                                   
{'loss': '1.239', 'grad_norm': '0.4761', 'learning_rate': '1e-06', 'epoch': '1.317'}

  4%|▍         | 83/2000 [15:11<5:39:21, 10.62s/it]
  4%|▍         | 84/2000 [15:20<5:24:06, 10.15s/it]
                                                   
{'loss': '1.731', 'grad_norm': '0.8079', 'learning_rate': '1e-06', 'epoch': '1.333'}

  4%|▍         | 84/2000 [15:20<5:24:06, 10.15s/it]
  4%|▍         | 85/2000 [15:30<5:19:34, 10.01s/it]
                                                   
{'loss': '1.23', 'grad_norm': '0.4006', 'learning_rate': '1e-06', 'epoch': '1.349'}

  4%|▍         | 85/2000 [15:30<5:19:34, 10.01s/it]
  4%|▍         | 86/2000 [15:41<5:33:32, 10.46s/it]
                                                   
{'loss': '1.385', 'grad_norm': '0.2965', 'learning_rate': '1e-06', 'epoch': '1.365'}

  4%|▍         | 86/2000 [15:41<5:33:32, 10.46s/it]
  4%|▍         | 87/2000 [15:51<5:23:45, 10.15s/it]
                                                   
{'loss': '1.418', 'grad_norm': '0.5152', 'learning_rate': '1e-06', 'epoch': '1.381'}

  4%|▍         | 87/2000 [15:51<5:23:45, 10.15s/it]
  4%|▍         | 88/2000 [16:01<5:18:09,  9.98s/it]
                                                   
{'loss': '1.632', 'grad_norm': '0.6269', 'learning_rate': '1e-06', 'epoch': '1.397'}

  4%|▍         | 89/2000 [16:11<5:24:40, 10.19s/it]
                                                   
{'loss': '1.275', 'grad_norm': '0.4467', 'learning_rate': '1e-06', 'epoch': '1.413'}

  4%|▍         | 89/2000 [16:11<5:24:40, 10.19s/it]
  4%|▍         | 90/2000 [16:21<5:19:13, 10.03s/it]
                                                   
{'loss': '1.46', 'grad_norm': '0.4368', 'learning_rate': '1e-06', 'epoch': '1.429'}

  5%|▍         | 91/2000 [16:33<5:38:24, 10.64s/it]
                                                   
{'loss': '1.183', 'grad_norm': '0.3281', 'learning_rate': '1e-06', 'epoch': '1.444'}

  5%|▍         | 91/2000 [16:33<5:38:24, 10.64s/it]
  5%|▍         | 92/2000 [16:43<5:33:00, 10.47s/it]
                                                   
{'loss': '1.59', 'grad_norm': '0.7998', 'learning_rate': '1e-06', 'epoch': '1.46'}

  5%|▍         | 92/2000 [16:43<5:33:00, 10.47s/it]
  5%|▍         | 93/2000 [16:52<5:21:53, 10.13s/it]
                                                   
{'loss': '1.498', 'grad_norm': '0.56', 'learning_rate': '1e-06', 'epoch': '1.476'}

  5%|▍         | 93/2000 [16:53<5:21:53, 10.13s/it]
  5%|▍         | 94/2000 [17:02<5:21:41, 10.13s/it]
                                                   
{'loss': '1.588', 'grad_norm': '1.061', 'learning_rate': '1e-06', 'epoch': '1.492'}

  5%|▍         | 94/2000 [17:02<5:21:41, 10.13s/it]
  5%|▍         | 95/2000 [17:12<5:18:06, 10.02s/it]
                                                   
{'loss': '1.526', 'grad_norm': '0.5033', 'learning_rate': '1e-06', 'epoch': '1.508'}

  5%|▍         | 95/2000 [17:12<5:18:06, 10.02s/it]
  5%|▍         | 96/2000 [17:22<5:19:55, 10.08s/it]
                                                   
{'loss': '1.187', 'grad_norm': '0.3859', 'learning_rate': '1e-06', 'epoch': '1.524'}

  5%|▍         | 96/2000 [17:22<5:19:55, 10.08s/it]
  5%|▍         | 97/2000 [17:32<5:15:12,  9.94s/it]
                                                   
{'loss': '1.512', 'grad_norm': '0.4733', 'learning_rate': '1e-06', 'epoch': '1.54'}

  5%|▍         | 97/2000 [17:32<5:15:12,  9.94s/it]
  5%|▍         | 98/2000 [17:42<5:19:49, 10.09s/it]
                                                   
{'loss': '1.435', 'grad_norm': '0.4313', 'learning_rate': '1e-06', 'epoch': '1.556'}

  5%|▍         | 99/2000 [17:53<5:23:58, 10.23s/it]
                                                   
{'loss': '1.438', 'grad_norm': '0.5272', 'learning_rate': '1e-06', 'epoch': '1.571'}

  5%|▍         | 99/2000 [17:53<5:23:58, 10.23s/it]
  5%|▌         | 100/2000 [18:03<5:18:01, 10.04s/it]
                                                    
{'loss': '1.289', 'grad_norm': '0.499', 'learning_rate': '1e-06', 'epoch': '1.587'}

  5%|▌         | 100/2000 [18:03<5:18:01, 10.04s/it]
  5%|▌         | 101/2000 [18:12<5:12:31,  9.87s/it]
                                                    
{'loss': '1.548', 'grad_norm': '0.5641', 'learning_rate': '1e-06', 'epoch': '1.603'}

  5%|▌         | 101/2000 [18:12<5:12:31,  9.87s/it]
  5%|▌         | 102/2000 [18:23<5:18:12, 10.06s/it]
                                                    
{'loss': '1.531', 'grad_norm': '0.5769', 'learning_rate': '1e-06', 'epoch': '1.619'}

  5%|▌         | 102/2000 [18:23<5:18:12, 10.06s/it]
  5%|▌         | 103/2000 [18:32<5:11:05,  9.84s/it]
                                                    
{'loss': '1.512', 'grad_norm': '0.734', 'learning_rate': '1e-06', 'epoch': '1.635'}

  5%|▌         | 104/2000 [18:42<5:17:01, 10.03s/it]
                                                    
{'loss': '1.373', 'grad_norm': '0.463', 'learning_rate': '1e-06', 'epoch': '1.651'}

  5%|▌         | 104/2000 [18:43<5:17:01, 10.03s/it]
  5%|▌         | 105/2000 [18:53<5:21:55, 10.19s/it]
                                                    
{'loss': '1.353', 'grad_norm': '0.5058', 'learning_rate': '1e-06', 'epoch': '1.667'}

  5%|▌         | 105/2000 [18:53<5:21:55, 10.19s/it]
  5%|▌         | 106/2000 [19:02<5:12:35,  9.90s/it]
                                                    
{'loss': '1.874', 'grad_norm': '1.044', 'learning_rate': '1e-06', 'epoch': '1.683'}

  5%|▌         | 106/2000 [19:02<5:12:35,  9.90s/it]
  5%|▌         | 107/2000 [19:12<5:13:17,  9.93s/it]
                                                    
{'loss': '1.672', 'grad_norm': '0.6723', 'learning_rate': '1e-06', 'epoch': '1.698'}

  5%|▌         | 107/2000 [19:12<5:13:17,  9.93s/it]
  5%|▌         | 108/2000 [19:22<5:10:51,  9.86s/it]
                                                    
{'loss': '1.294', 'grad_norm': '0.3877', 'learning_rate': '1e-06', 'epoch': '1.714'}

  5%|▌         | 108/2000 [19:22<5:10:51,  9.86s/it]
  5%|▌         | 109/2000 [19:33<5:18:36, 10.11s/it]
                                                    
{'loss': '1.474', 'grad_norm': '0.608', 'learning_rate': '1e-06', 'epoch': '1.73'}

  5%|▌         | 109/2000 [19:33<5:18:36, 10.11s/it]
  6%|▌         | 110/2000 [19:42<5:14:45,  9.99s/it]
                                                    
{'loss': '1.315', 'grad_norm': '0.3937', 'learning_rate': '1e-06', 'epoch': '1.746'}

  6%|▌         | 110/2000 [19:42<5:14:45,  9.99s/it]
  6%|▌         | 111/2000 [19:52<5:16:15, 10.05s/it]
                                                    
{'loss': '1.453', 'grad_norm': '0.6723', 'learning_rate': '1e-06', 'epoch': '1.762'}

  6%|▌         | 111/2000 [19:53<5:16:15, 10.05s/it]
  6%|▌         | 112/2000 [20:03<5:16:06, 10.05s/it]
                                                    
{'loss': '1.38', 'grad_norm': '0.4885', 'learning_rate': '1e-06', 'epoch': '1.778'}

  6%|▌         | 112/2000 [20:03<5:16:06, 10.05s/it]
  6%|▌         | 113/2000 [20:12<5:10:59,  9.89s/it]
                                                    
{'loss': '1.456', 'grad_norm': '0.782', 'learning_rate': '1e-06', 'epoch': '1.794'}

  6%|▌         | 113/2000 [20:12<5:10:59,  9.89s/it]
  6%|▌         | 114/2000 [20:22<5:13:25,  9.97s/it]
                                                    
{'loss': '1.754', 'grad_norm': '0.9297', 'learning_rate': '1e-06', 'epoch': '1.81'}

  6%|▌         | 114/2000 [20:22<5:13:25,  9.97s/it]
  6%|▌         | 115/2000 [20:32<5:14:11, 10.00s/it]
                                                    
{'loss': '1.509', 'grad_norm': '0.5095', 'learning_rate': '1e-06', 'epoch': '1.825'}

  6%|▌         | 115/2000 [20:32<5:14:11, 10.00s/it]
  6%|▌         | 116/2000 [20:42<5:09:23,  9.85s/it]
                                                    
{'loss': '1.306', 'grad_norm': '0.5599', 'learning_rate': '1e-06', 'epoch': '1.841'}

  6%|▌         | 116/2000 [20:42<5:09:23,  9.85s/it]
  6%|▌         | 117/2000 [20:53<5:19:04, 10.17s/it]
                                                    
{'loss': '1.331', 'grad_norm': '0.5599', 'learning_rate': '1e-06', 'epoch': '1.857'}

  6%|▌         | 117/2000 [20:53<5:19:04, 10.17s/it]
  6%|▌         | 118/2000 [21:03<5:17:10, 10.11s/it]
                                                    
{'loss': '1.442', 'grad_norm': '0.3786', 'learning_rate': '1e-06', 'epoch': '1.873'}

  6%|▌         | 118/2000 [21:03<5:17:10, 10.11s/it]
  6%|▌         | 119/2000 [21:13<5:22:00, 10.27s/it]
                                                    
{'loss': '1.647', 'grad_norm': '0.4249', 'learning_rate': '1e-06', 'epoch': '1.889'}

  6%|▌         | 119/2000 [21:13<5:22:00, 10.27s/it]
  6%|▌         | 120/2000 [21:24<5:21:30, 10.26s/it]
                                                    
{'loss': '1.488', 'grad_norm': '0.6949', 'learning_rate': '1e-06', 'epoch': '1.905'}

  6%|▌         | 120/2000 [21:24<5:21:30, 10.26s/it]
  6%|▌         | 121/2000 [21:33<5:17:17, 10.13s/it]
                                                    
{'loss': '1.292', 'grad_norm': '0.3868', 'learning_rate': '1e-06', 'epoch': '1.921'}

  6%|▌         | 121/2000 [21:33<5:17:17, 10.13s/it]
  6%|▌         | 122/2000 [21:43<5:08:46,  9.86s/it]
                                                    
{'loss': '1.569', 'grad_norm': '0.5644', 'learning_rate': '1e-06', 'epoch': '1.937'}

  6%|▌         | 122/2000 [21:43<5:08:46,  9.86s/it]
  6%|▌         | 123/2000 [21:52<5:06:48,  9.81s/it]
                                                    
{'loss': '1.367', 'grad_norm': '0.7061', 'learning_rate': '1e-06', 'epoch': '1.952'}

  6%|▌         | 123/2000 [21:52<5:06:48,  9.81s/it]
  6%|▌         | 124/2000 [22:03<5:13:55, 10.04s/it]
                                                    
{'loss': '1.158', 'grad_norm': '0.4654', 'learning_rate': '1e-06', 'epoch': '1.968'}

  6%|▌         | 124/2000 [22:03<5:13:55, 10.04s/it]
  6%|▋         | 125/2000 [22:13<5:13:57, 10.05s/it]
                                                    
{'loss': '1.406', 'grad_norm': '0.5912', 'learning_rate': '1e-06', 'epoch': '1.984'}

  6%|▋         | 125/2000 [22:13<5:13:57, 10.05s/it]
  6%|▋         | 126/2000 [22:23<5:11:10,  9.96s/it]
                                                    
{'loss': '1.378', 'grad_norm': '0.348', 'learning_rate': '1e-06', 'epoch': '2'}

  6%|▋         | 126/2000 [22:23<5:11:10,  9.96s/it]
  6%|▋         | 127/2000 [22:34<5:26:46, 10.47s/it]
                                                    
{'loss': '1.33', 'grad_norm': '0.7502', 'learning_rate': '1e-06', 'epoch': '2.016'}

  6%|▋         | 127/2000 [22:34<5:26:46, 10.47s/it]
  6%|▋         | 128/2000 [22:45<5:28:36, 10.53s/it]
                                                    
{'loss': '1.382', 'grad_norm': '0.59', 'learning_rate': '1e-06', 'epoch': '2.032'}

  6%|▋         | 128/2000 [22:45<5:28:36, 10.53s/it]
  6%|▋         | 129/2000 [22:55<5:26:17, 10.46s/it]
                                                    
{'loss': '1.251', 'grad_norm': '0.3831', 'learning_rate': '1e-06', 'epoch': '2.048'}

  6%|▋         | 129/2000 [22:55<5:26:17, 10.46s/it]
  6%|▋         | 130/2000 [23:05<5:17:36, 10.19s/it]
                                                    
{'loss': '1.481', 'grad_norm': '0.5714', 'learning_rate': '1e-06', 'epoch': '2.063'}

  6%|▋         | 130/2000 [23:05<5:17:36, 10.19s/it]
  7%|▋         | 131/2000 [23:15<5:20:12, 10.28s/it]
                                                    
{'loss': '1.257', 'grad_norm': '0.4419', 'learning_rate': '1e-06', 'epoch': '2.079'}

  7%|▋         | 131/2000 [23:15<5:20:12, 10.28s/it]
  7%|▋         | 132/2000 [23:24<5:08:57,  9.92s/it]
                                                    
{'loss': '1.366', 'grad_norm': '0.7022', 'learning_rate': '1e-06', 'epoch': '2.095'}

  7%|▋         | 132/2000 [23:25<5:08:57,  9.92s/it]
  7%|▋         | 133/2000 [23:34<5:07:39,  9.89s/it]
                                                    
{'loss': '1.231', 'grad_norm': '0.5338', 'learning_rate': '1e-06', 'epoch': '2.111'}

  7%|▋         | 133/2000 [23:34<5:07:39,  9.89s/it]
  7%|▋         | 134/2000 [23:44<5:08:57,  9.93s/it]
                                                    
{'loss': '1.66', 'grad_norm': '0.8367', 'learning_rate': '1e-06', 'epoch': '2.127'}

  7%|▋         | 134/2000 [23:44<5:08:57,  9.93s/it]
  7%|▋         | 135/2000 [23:54<5:04:17,  9.79s/it]
                                                    
{'loss': '1.498', 'grad_norm': '0.9183', 'learning_rate': '1e-06', 'epoch': '2.143'}

  7%|▋         | 136/2000 [24:06<5:28:31, 10.57s/it]
                                                    
{'loss': '1.4', 'grad_norm': '0.5719', 'learning_rate': '1e-06', 'epoch': '2.159'}

  7%|▋         | 136/2000 [24:06<5:28:31, 10.57s/it]
  7%|▋         | 137/2000 [24:16<5:21:28, 10.35s/it]
                                                    
{'loss': '1.602', 'grad_norm': '0.7836', 'learning_rate': '1e-06', 'epoch': '2.175'}

  7%|▋         | 137/2000 [24:16<5:21:28, 10.35s/it]
  7%|▋         | 138/2000 [24:25<5:12:36, 10.07s/it]
                                                    
{'loss': '1.178', 'grad_norm': '0.3218', 'learning_rate': '1e-06', 'epoch': '2.19'}

  7%|▋         | 138/2000 [24:25<5:12:36, 10.07s/it]
  7%|▋         | 139/2000 [24:36<5:14:13, 10.13s/it]
                                                    
{'loss': '1.414', 'grad_norm': '0.5651', 'learning_rate': '1e-06', 'epoch': '2.206'}

  7%|▋         | 139/2000 [24:36<5:14:13, 10.13s/it]
  7%|▋         | 140/2000 [24:46<5:11:44, 10.06s/it]
                                                    
{'loss': '1.43', 'grad_norm': '0.4593', 'learning_rate': '1e-06', 'epoch': '2.222'}

  7%|▋         | 140/2000 [24:46<5:11:44, 10.06s/it]
  7%|▋         | 141/2000 [24:55<5:09:34,  9.99s/it]
                                                    
{'loss': '1.315', 'grad_norm': '0.5481', 'learning_rate': '1e-06', 'epoch': '2.238'}

  7%|▋         | 141/2000 [24:55<5:09:34,  9.99s/it]
  7%|▋         | 142/2000 [25:05<5:08:40,  9.97s/it]
                                                    
{'loss': '1.476', 'grad_norm': '0.6793', 'learning_rate': '1e-06', 'epoch': '2.254'}

  7%|▋         | 142/2000 [25:06<5:08:40,  9.97s/it]
  7%|▋         | 143/2000 [25:16<5:11:28, 10.06s/it]
                                                    
{'loss': '1.482', 'grad_norm': '0.9027', 'learning_rate': '1e-06', 'epoch': '2.27'}

  7%|▋         | 143/2000 [25:16<5:11:28, 10.06s/it]
  7%|▋         | 144/2000 [25:25<5:02:08,  9.77s/it]
                                                    
{'loss': '1.552', 'grad_norm': '0.9812', 'learning_rate': '1e-06', 'epoch': '2.286'}

  7%|▋         | 145/2000 [25:36<5:13:34, 10.14s/it]
                                                    
{'loss': '1.387', 'grad_norm': '0.6826', 'learning_rate': '1e-06', 'epoch': '2.302'}

  7%|▋         | 146/2000 [25:46<5:11:35, 10.08s/it]
                                                    
{'loss': '1.182', 'grad_norm': '0.3271', 'learning_rate': '1e-06', 'epoch': '2.317'}

  7%|▋         | 146/2000 [25:46<5:11:35, 10.08s/it]
  7%|▋         | 147/2000 [25:56<5:16:57, 10.26s/it]
                                                    
{'loss': '1.395', 'grad_norm': '0.6577', 'learning_rate': '1e-06', 'epoch': '2.333'}

  7%|▋         | 147/2000 [25:56<5:16:57, 10.26s/it]
  7%|▋         | 148/2000 [26:06<5:11:01, 10.08s/it]
                                                    
{'loss': '1.403', 'grad_norm': '0.4858', 'learning_rate': '1e-06', 'epoch': '2.349'}

  7%|▋         | 148/2000 [26:06<5:11:01, 10.08s/it]
  7%|▋         | 149/2000 [26:15<5:02:47,  9.82s/it]
                                                    
{'loss': '1.652', 'grad_norm': '1.251', 'learning_rate': '1e-06', 'epoch': '2.365'}

  7%|▋         | 149/2000 [26:15<5:02:47,  9.82s/it]
  8%|▊         | 150/2000 [26:25<5:03:24,  9.84s/it]
                                                    
{'loss': '1.516', 'grad_norm': '0.5824', 'learning_rate': '1e-06', 'epoch': '2.381'}

  8%|▊         | 150/2000 [26:25<5:03:24,  9.84s/it]
  8%|▊         | 151/2000 [26:35<5:01:57,  9.80s/it]
                                                    
{'loss': '1.411', 'grad_norm': '0.7546', 'learning_rate': '1e-06', 'epoch': '2.397'}

  8%|▊         | 151/2000 [26:35<5:01:57,  9.80s/it]
  8%|▊         | 152/2000 [26:45<5:02:18,  9.82s/it]
                                                    
{'loss': '1.484', 'grad_norm': '0.6442', 'learning_rate': '1e-06', 'epoch': '2.413'}

  8%|▊         | 152/2000 [26:45<5:02:18,  9.82s/it]
  8%|▊         | 153/2000 [26:56<5:14:34, 10.22s/it]
                                                    
{'loss': '1.232', 'grad_norm': '0.4571', 'learning_rate': '1e-06', 'epoch': '2.429'}

  8%|▊         | 153/2000 [26:56<5:14:34, 10.22s/it]
  8%|▊         | 154/2000 [27:05<5:00:50,  9.78s/it]
                                                    
{'loss': '1.356', 'grad_norm': '0.5586', 'learning_rate': '1e-06', 'epoch': '2.444'}

  8%|▊         | 154/2000 [27:05<5:00:50,  9.78s/it]
  8%|▊         | 155/2000 [27:15<5:10:38, 10.10s/it]
                                                    
{'loss': '1.258', 'grad_norm': '0.2667', 'learning_rate': '1e-06', 'epoch': '2.46'}

  8%|▊         | 155/2000 [27:15<5:10:38, 10.10s/it]
  8%|▊         | 156/2000 [27:25<5:08:04, 10.02s/it]
                                                    
{'loss': '1.303', 'grad_norm': '0.5257', 'learning_rate': '1e-06', 'epoch': '2.476'}

  8%|▊         | 156/2000 [27:25<5:08:04, 10.02s/it]
  8%|▊         | 157/2000 [27:34<5:00:27,  9.78s/it]
                                                    
{'loss': '1.372', 'grad_norm': '0.3266', 'learning_rate': '1e-06', 'epoch': '2.492'}

  8%|▊         | 157/2000 [27:35<5:00:27,  9.78s/it]
  8%|▊         | 158/2000 [27:45<5:11:11, 10.14s/it]
                                                    
{'loss': '1.866', 'grad_norm': '0.8564', 'learning_rate': '1e-06', 'epoch': '2.508'}

  8%|▊         | 158/2000 [27:45<5:11:11, 10.14s/it]
  8%|▊         | 159/2000 [27:55<5:07:26, 10.02s/it]
                                                    
{'loss': '1.409', 'grad_norm': '0.6491', 'learning_rate': '1e-06', 'epoch': '2.524'}

  8%|▊         | 159/2000 [27:55<5:07:26, 10.02s/it]
  8%|▊         | 160/2000 [28:06<5:10:18, 10.12s/it]
                                                    
{'loss': '1.302', 'grad_norm': '0.3035', 'learning_rate': '1e-06', 'epoch': '2.54'}

  8%|▊         | 160/2000 [28:06<5:10:18, 10.12s/it]
  8%|▊         | 161/2000 [28:16<5:12:20, 10.19s/it]
                                                    
{'loss': '1.535', 'grad_norm': '0.4642', 'learning_rate': '1e-06', 'epoch': '2.556'}

  8%|▊         | 161/2000 [28:16<5:12:20, 10.19s/it]
  8%|▊         | 162/2000 [28:26<5:06:57, 10.02s/it]
                                                    
{'loss': '1.16', 'grad_norm': '0.3486', 'learning_rate': '1e-06', 'epoch': '2.571'}

  8%|▊         | 162/2000 [28:26<5:06:57, 10.02s/it]
  8%|▊         | 163/2000 [28:36<5:09:56, 10.12s/it]
                                                    
{'loss': '1.552', 'grad_norm': '0.656', 'learning_rate': '1e-06', 'epoch': '2.587'}

  8%|▊         | 163/2000 [28:36<5:09:56, 10.12s/it]
  8%|▊         | 164/2000 [28:46<5:06:32, 10.02s/it]
                                                    
{'loss': '1.558', 'grad_norm': '0.702', 'learning_rate': '1e-06', 'epoch': '2.603'}

  8%|▊         | 164/2000 [28:46<5:06:32, 10.02s/it]
  8%|▊         | 165/2000 [28:55<5:04:44,  9.96s/it]
                                                    
{'loss': '1.387', 'grad_norm': '0.5271', 'learning_rate': '1e-06', 'epoch': '2.619'}

  8%|▊         | 165/2000 [28:56<5:04:44,  9.96s/it]
  8%|▊         | 166/2000 [29:06<5:12:22, 10.22s/it]
                                                    
{'loss': '1.354', 'grad_norm': '0.4892', 'learning_rate': '1e-06', 'epoch': '2.635'}

  8%|▊         | 166/2000 [29:06<5:12:22, 10.22s/it]
  8%|▊         | 167/2000 [29:16<5:07:03, 10.05s/it]
                                                    
{'loss': '1.354', 'grad_norm': '0.5399', 'learning_rate': '1e-06', 'epoch': '2.651'}

  8%|▊         | 168/2000 [29:26<5:06:26, 10.04s/it]
                                                    
{'loss': '1.663', 'grad_norm': '0.5095', 'learning_rate': '1e-06', 'epoch': '2.667'}

  8%|▊         | 168/2000 [29:26<5:06:26, 10.04s/it]
  8%|▊         | 169/2000 [29:37<5:16:18, 10.37s/it]
                                                    
{'loss': '1.524', 'grad_norm': '0.926', 'learning_rate': '1e-06', 'epoch': '2.683'}

  8%|▊         | 169/2000 [29:37<5:16:18, 10.37s/it]
  8%|▊         | 170/2000 [29:46<5:01:37,  9.89s/it]
                                                    
{'loss': '1.414', 'grad_norm': '0.8453', 'learning_rate': '1e-06', 'epoch': '2.698'}

  8%|▊         | 170/2000 [29:46<5:01:37,  9.89s/it]
  9%|▊         | 171/2000 [29:56<5:05:03, 10.01s/it]
                                                    
{'loss': '1.404', 'grad_norm': '0.6469', 'learning_rate': '1e-06', 'epoch': '2.714'}

  9%|▊         | 172/2000 [30:07<5:13:39, 10.30s/it]
                                                    
{'loss': '1.199', 'grad_norm': '0.3501', 'learning_rate': '1e-06', 'epoch': '2.73'}

  9%|▊         | 172/2000 [30:07<5:13:39, 10.30s/it]
  9%|▊         | 173/2000 [30:16<4:56:04,  9.72s/it]
                                                    
{'loss': '1.514', 'grad_norm': '0.6842', 'learning_rate': '1e-06', 'epoch': '2.746'}

  9%|▊         | 173/2000 [30:16<4:56:04,  9.72s/it]
  9%|▊         | 174/2000 [30:27<5:14:39, 10.34s/it]
                                                    
{'loss': '1.203', 'grad_norm': '0.4306', 'learning_rate': '1e-06', 'epoch': '2.762'}

  9%|▊         | 174/2000 [30:27<5:14:39, 10.34s/it]
  9%|▉         | 175/2000 [30:37<5:08:58, 10.16s/it]
                                                    
{'loss': '1.165', 'grad_norm': '0.5054', 'learning_rate': '1e-06', 'epoch': '2.778'}

  9%|▉         | 175/2000 [30:37<5:08:58, 10.16s/it]
  9%|▉         | 176/2000 [30:47<5:04:29, 10.02s/it]
                                                    
{'loss': '1.437', 'grad_norm': '0.4887', 'learning_rate': '1e-06', 'epoch': '2.794'}

  9%|▉         | 177/2000 [31:00<5:31:15, 10.90s/it]
                                                    
{'loss': '1.447', 'grad_norm': '0.6852', 'learning_rate': '1e-06', 'epoch': '2.81'}

  9%|▉         | 177/2000 [31:00<5:31:15, 10.90s/it]
  9%|▉         | 178/2000 [31:10<5:22:14, 10.61s/it]
                                                    
{'loss': '1.342', 'grad_norm': '0.7753', 'learning_rate': '1e-06', 'epoch': '2.825'}

  9%|▉         | 178/2000 [31:10<5:22:14, 10.61s/it]
  9%|▉         | 179/2000 [31:20<5:16:52, 10.44s/it]
                                                    
{'loss': '1.174', 'grad_norm': '0.1895', 'learning_rate': '1e-06', 'epoch': '2.841'}

  9%|▉         | 179/2000 [31:20<5:16:52, 10.44s/it]
  9%|▉         | 180/2000 [31:30<5:11:32, 10.27s/it]
                                                    
{'loss': '1.478', 'grad_norm': '0.6367', 'learning_rate': '1e-06', 'epoch': '2.857'}

  9%|▉         | 180/2000 [31:30<5:11:32, 10.27s/it]
  9%|▉         | 181/2000 [31:40<5:08:52, 10.19s/it]
                                                    
{'loss': '1.514', 'grad_norm': '0.5055', 'learning_rate': '1e-06', 'epoch': '2.873'}

  9%|▉         | 181/2000 [31:40<5:08:52, 10.19s/it]
  9%|▉         | 182/2000 [31:50<5:11:51, 10.29s/it]
                                                    
{'loss': '1.3', 'grad_norm': '0.5377', 'learning_rate': '1e-06', 'epoch': '2.889'}

  9%|▉         | 182/2000 [31:50<5:11:51, 10.29s/it]
  9%|▉         | 183/2000 [32:00<5:04:55, 10.07s/it]
                                                    
{'loss': '1.448', 'grad_norm': '0.6172', 'learning_rate': '1e-06', 'epoch': '2.905'}

  9%|▉         | 183/2000 [32:00<5:04:55, 10.07s/it]
  9%|▉         | 184/2000 [32:09<5:02:51, 10.01s/it]
                                                    
{'loss': '1.237', 'grad_norm': '0.5332', 'learning_rate': '1e-06', 'epoch': '2.921'}

  9%|▉         | 184/2000 [32:10<5:02:51, 10.01s/it]
  9%|▉         | 185/2000 [32:19<5:01:46,  9.98s/it]
                                                    
{'loss': '1.46', 'grad_norm': '0.9159', 'learning_rate': '1e-06', 'epoch': '2.937'}

  9%|▉         | 185/2000 [32:19<5:01:46,  9.98s/it]
  9%|▉         | 186/2000 [32:29<5:01:32,  9.97s/it]
                                                    
{'loss': '1.442', 'grad_norm': '1.03', 'learning_rate': '1e-06', 'epoch': '2.952'}

  9%|▉         | 186/2000 [32:29<5:01:32,  9.97s/it]
  9%|▉         | 187/2000 [32:39<4:56:15,  9.80s/it]
                                                    
{'loss': '1.32', 'grad_norm': '0.6184', 'learning_rate': '1e-06', 'epoch': '2.968'}

  9%|▉         | 187/2000 [32:39<4:56:15,  9.80s/it]
  9%|▉         | 188/2000 [32:49<5:02:04, 10.00s/it]
                                                    
{'loss': '1.116', 'grad_norm': '0.4894', 'learning_rate': '1e-06', 'epoch': '2.984'}

  9%|▉         | 189/2000 [33:00<5:08:17, 10.21s/it]
                                                    
{'loss': '1.388', 'grad_norm': '0.7519', 'learning_rate': '1e-06', 'epoch': '3'}

  9%|▉         | 189/2000 [33:00<5:08:17, 10.21s/it]
 10%|▉         | 190/2000 [33:12<5:24:32, 10.76s/it]
                                                    
{'loss': '1.29', 'grad_norm': '0.6248', 'learning_rate': '1e-06', 'epoch': '3.016'}

 10%|▉         | 190/2000 [33:12<5:24:32, 10.76s/it]
 10%|▉         | 191/2000 [33:22<5:17:28, 10.53s/it]
                                                    
{'loss': '1.407', 'grad_norm': '0.5902', 'learning_rate': '1e-06', 'epoch': '3.032'}

 10%|▉         | 191/2000 [33:22<5:17:28, 10.53s/it]
 10%|▉         | 192/2000 [33:32<5:16:46, 10.51s/it]
                                                    
{'loss': '1.368', 'grad_norm': '0.5922', 'learning_rate': '1e-06', 'epoch': '3.048'}

 10%|▉         | 192/2000 [33:32<5:16:46, 10.51s/it]
 10%|▉         | 193/2000 [33:43<5:13:07, 10.40s/it]
                                                    
{'loss': '1.156', 'grad_norm': '0.5059', 'learning_rate': '1e-06', 'epoch': '3.063'}

 10%|▉         | 193/2000 [33:43<5:13:07, 10.40s/it]
 10%|▉         | 194/2000 [33:53<5:11:31, 10.35s/it]
                                                    
{'loss': '1.42', 'grad_norm': '0.666', 'learning_rate': '1e-06', 'epoch': '3.079'}

 10%|▉         | 194/2000 [33:53<5:11:31, 10.35s/it]
 10%|▉         | 195/2000 [34:03<5:11:00, 10.34s/it]
                                                    
{'loss': '1.142', 'grad_norm': '0.4185', 'learning_rate': '1e-06', 'epoch': '3.095'}

 10%|▉         | 195/2000 [34:03<5:11:00, 10.34s/it]
 10%|▉         | 196/2000 [34:13<5:03:57, 10.11s/it]
                                                    
{'loss': '1.144', 'grad_norm': '0.3949', 'learning_rate': '1e-06', 'epoch': '3.111'}

 10%|▉         | 196/2000 [34:13<5:03:57, 10.11s/it]
 10%|▉         | 197/2000 [34:23<5:02:25, 10.06s/it]
                                                    
{'loss': '1.365', 'grad_norm': '0.6917', 'learning_rate': '1e-06', 'epoch': '3.127'}

 10%|▉         | 197/2000 [34:23<5:02:25, 10.06s/it]
 10%|▉         | 198/2000 [34:34<5:13:28, 10.44s/it]
                                                    
{'loss': '1.142', 'grad_norm': '0.4626', 'learning_rate': '1e-06', 'epoch': '3.143'}

 10%|▉         | 198/2000 [34:34<5:13:28, 10.44s/it]
 10%|▉         | 199/2000 [34:43<4:59:33,  9.98s/it]
                                                    
{'loss': '1.257', 'grad_norm': '0.4593', 'learning_rate': '1e-06', 'epoch': '3.159'}

 10%|▉         | 199/2000 [34:43<4:59:33,  9.98s/it]
 10%|█         | 200/2000 [34:53<4:59:46,  9.99s/it]
                                                    
{'loss': '1.305', 'grad_norm': '0.4072', 'learning_rate': '1e-06', 'epoch': '3.175'}

 10%|█         | 200/2000 [34:53<4:59:46,  9.99s/it]
 10%|█         | 201/2000 [35:04<5:10:25, 10.35s/it]
                                                    
{'loss': '1.181', 'grad_norm': '0.6013', 'learning_rate': '1e-06', 'epoch': '3.19'}

 10%|█         | 201/2000 [35:04<5:10:25, 10.35s/it]
 10%|█         | 202/2000 [35:14<5:02:41, 10.10s/it]
                                                    
{'loss': '1.455', 'grad_norm': '0.5242', 'learning_rate': '1e-06', 'epoch': '3.206'}

 10%|█         | 202/2000 [35:14<5:02:41, 10.10s/it]
 10%|█         | 203/2000 [35:24<5:02:10, 10.09s/it]
                                                    
{'loss': '1.429', 'grad_norm': '0.9136', 'learning_rate': '1e-06', 'epoch': '3.222'}

 10%|█         | 204/2000 [35:37<5:28:27, 10.97s/it]
                                                    
{'loss': '1.26', 'grad_norm': '0.464', 'learning_rate': '1e-06', 'epoch': '3.238'}

 10%|█         | 204/2000 [35:37<5:28:27, 10.97s/it]
 10%|█         | 205/2000 [35:46<5:12:07, 10.43s/it]
                                                    
{'loss': '1.258', 'grad_norm': '0.5677', 'learning_rate': '1e-06', 'epoch': '3.254'}

 10%|█         | 205/2000 [35:46<5:12:07, 10.43s/it]
 10%|█         | 206/2000 [35:56<5:11:05, 10.40s/it]
                                                    
{'loss': '1.708', 'grad_norm': '0.8602', 'learning_rate': '1e-06', 'epoch': '3.27'}

 10%|█         | 206/2000 [35:56<5:11:05, 10.40s/it]
 10%|█         | 207/2000 [36:06<5:01:24, 10.09s/it]
                                                    
{'loss': '1.586', 'grad_norm': '0.9868', 'learning_rate': '1e-06', 'epoch': '3.286'}

 10%|█         | 207/2000 [36:06<5:01:24, 10.09s/it]
 10%|█         | 208/2000 [36:16<5:02:58, 10.14s/it]
                                                    
{'loss': '1.356', 'grad_norm': '0.599', 'learning_rate': '1e-06', 'epoch': '3.302'}

 10%|█         | 208/2000 [36:16<5:02:58, 10.14s/it]
 10%|█         | 209/2000 [36:26<5:01:42, 10.11s/it]
                                                    
{'loss': '1.262', 'grad_norm': '0.4678', 'learning_rate': '1e-06', 'epoch': '3.317'}

 10%|█         | 210/2000 [36:36<5:04:53, 10.22s/it]
                                                    
{'loss': '1.146', 'grad_norm': '0.318', 'learning_rate': '1e-06', 'epoch': '3.333'}

 10%|█         | 210/2000 [36:36<5:04:53, 10.22s/it]
 11%|█         | 211/2000 [36:47<5:07:38, 10.32s/it]
                                                    
{'loss': '1.291', 'grad_norm': '0.4407', 'learning_rate': '1e-06', 'epoch': '3.349'}

 11%|█         | 212/2000 [36:57<5:08:15, 10.34s/it]
                                                    
{'loss': '1.439', 'grad_norm': '0.5804', 'learning_rate': '1e-06', 'epoch': '3.365'}

 11%|█         | 212/2000 [36:57<5:08:15, 10.34s/it]
 11%|█         | 213/2000 [37:07<5:01:53, 10.14s/it]
                                                    
{'loss': '1.185', 'grad_norm': '0.6579', 'learning_rate': '1e-06', 'epoch': '3.381'}

 11%|█         | 213/2000 [37:07<5:01:53, 10.14s/it]
 11%|█         | 214/2000 [37:17<5:03:16, 10.19s/it]
                                                    
{'loss': '1.286', 'grad_norm': '0.5218', 'learning_rate': '1e-06', 'epoch': '3.397'}

 11%|█         | 214/2000 [37:17<5:03:16, 10.19s/it]
 11%|█         | 215/2000 [37:27<5:02:44, 10.18s/it]
                                                    
{'loss': '1.351', 'grad_norm': '0.8109', 'learning_rate': '1e-06', 'epoch': '3.413'}

 11%|█         | 215/2000 [37:27<5:02:44, 10.18s/it]
 11%|█         | 216/2000 [37:38<5:05:24, 10.27s/it]
                                                    
{'loss': '1.193', 'grad_norm': '0.4589', 'learning_rate': '1e-06', 'epoch': '3.429'}

 11%|█         | 216/2000 [37:38<5:05:24, 10.27s/it]
 11%|█         | 217/2000 [37:48<5:03:18, 10.21s/it]
                                                    
{'loss': '1.494', 'grad_norm': '0.6477', 'learning_rate': '1e-06', 'epoch': '3.444'}

 11%|█         | 217/2000 [37:48<5:03:18, 10.21s/it]
 11%|█         | 218/2000 [37:57<4:54:27,  9.91s/it]
                                                    
{'loss': '1.297', 'grad_norm': '0.5038', 'learning_rate': '1e-06', 'epoch': '3.46'}

 11%|█         | 218/2000 [37:57<4:54:27,  9.91s/it]
 11%|█         | 219/2000 [38:08<5:00:12, 10.11s/it]
                                                    
{'loss': '1.681', 'grad_norm': '0.9667', 'learning_rate': '1e-06', 'epoch': '3.476'}

 11%|█         | 219/2000 [38:08<5:00:12, 10.11s/it]
 11%|█         | 220/2000 [38:18<4:58:37, 10.07s/it]
                                                    
{'loss': '1.26', 'grad_norm': '0.4169', 'learning_rate': '1e-06', 'epoch': '3.492'}

 11%|█         | 220/2000 [38:18<4:58:37, 10.07s/it]
 11%|█         | 221/2000 [38:28<4:58:56, 10.08s/it]
                                                    
{'loss': '1.22', 'grad_norm': '0.3275', 'learning_rate': '1e-06', 'epoch': '3.508'}

 11%|█         | 221/2000 [38:28<4:58:56, 10.08s/it]
 11%|█         | 222/2000 [38:37<4:54:01,  9.92s/it]
                                                    
{'loss': '1.309', 'grad_norm': '0.7767', 'learning_rate': '1e-06', 'epoch': '3.524'}

 11%|█         | 222/2000 [38:37<4:54:01,  9.92s/it]
 11%|█         | 223/2000 [38:47<4:49:19,  9.77s/it]
                                                    
{'loss': '1.394', 'grad_norm': '0.566', 'learning_rate': '1e-06', 'epoch': '3.54'}

 11%|█         | 223/2000 [38:47<4:49:19,  9.77s/it]
 11%|█         | 224/2000 [38:58<5:00:21, 10.15s/it]
                                                    
{'loss': '1.131', 'grad_norm': '0.4483', 'learning_rate': '1e-06', 'epoch': '3.556'}

 11%|█         | 224/2000 [38:58<5:00:21, 10.15s/it]
 11%|█▏        | 225/2000 [39:08<4:59:51, 10.14s/it]
                                                    
{'loss': '1.686', 'grad_norm': '1.229', 'learning_rate': '1e-06', 'epoch': '3.571'}

 11%|█▏        | 225/2000 [39:08<4:59:51, 10.14s/it]
 11%|█▏        | 226/2000 [39:17<4:47:03,  9.71s/it]
                                                    
{'loss': '1.325', 'grad_norm': '0.4261', 'learning_rate': '1e-06', 'epoch': '3.587'}

 11%|█▏        | 226/2000 [39:17<4:47:03,  9.71s/it]
 11%|█▏        | 227/2000 [39:27<4:55:30, 10.00s/it]
                                                    
{'loss': '1.385', 'grad_norm': '0.6686', 'learning_rate': '1e-06', 'epoch': '3.603'}

 11%|█▏        | 228/2000 [39:39<5:14:18, 10.64s/it]
                                                    
{'loss': '1.194', 'grad_norm': '0.5744', 'learning_rate': '1e-06', 'epoch': '3.619'}

 11%|█▏        | 228/2000 [39:39<5:14:18, 10.64s/it]
 11%|█▏        | 229/2000 [39:49<5:04:00, 10.30s/it]
                                                    
{'loss': '1.368', 'grad_norm': '0.6407', 'learning_rate': '1e-06', 'epoch': '3.635'}

 11%|█▏        | 229/2000 [39:49<5:04:00, 10.30s/it]
 12%|█▏        | 230/2000 [39:59<5:03:47, 10.30s/it]
                                                    
{'loss': '1.417', 'grad_norm': '0.6617', 'learning_rate': '1e-06', 'epoch': '3.651'}

 12%|█▏        | 230/2000 [39:59<5:03:47, 10.30s/it]
 12%|█▏        | 231/2000 [40:09<4:55:55, 10.04s/it]
                                                    
{'loss': '1.42', 'grad_norm': '0.5601', 'learning_rate': '1e-06', 'epoch': '3.667'}

 12%|█▏        | 231/2000 [40:09<4:55:55, 10.04s/it]
 12%|█▏        | 232/2000 [40:19<4:56:30, 10.06s/it]
                                                    
{'loss': '1.094', 'grad_norm': '0.2982', 'learning_rate': '1e-06', 'epoch': '3.683'}

 12%|█▏        | 232/2000 [40:19<4:56:30, 10.06s/it]
 12%|█▏        | 233/2000 [40:29<4:58:28, 10.14s/it]
                                                    
{'loss': '1.237', 'grad_norm': '0.6846', 'learning_rate': '1e-06', 'epoch': '3.698'}

 12%|█▏        | 233/2000 [40:29<4:58:28, 10.14s/it]
 12%|█▏        | 234/2000 [40:40<5:01:27, 10.24s/it]
                                                    
{'loss': '1.209', 'grad_norm': '0.3123', 'learning_rate': '1e-06', 'epoch': '3.714'}

 12%|█▏        | 234/2000 [40:40<5:01:27, 10.24s/it]
 12%|█▏        | 235/2000 [40:50<4:59:09, 10.17s/it]
                                                    
{'loss': '1.183', 'grad_norm': '0.5877', 'learning_rate': '1e-06', 'epoch': '3.73'}

 12%|█▏        | 235/2000 [40:50<4:59:09, 10.17s/it]
 12%|█▏        | 236/2000 [40:59<4:54:05, 10.00s/it]
                                                    
{'loss': '1.277', 'grad_norm': '0.3553', 'learning_rate': '1e-06', 'epoch': '3.746'}

 12%|█▏        | 236/2000 [40:59<4:54:05, 10.00s/it]
 12%|█▏        | 237/2000 [41:09<4:54:10, 10.01s/it]
                                                    
{'loss': '1.321', 'grad_norm': '0.5992', 'learning_rate': '1e-06', 'epoch': '3.762'}

 12%|█▏        | 237/2000 [41:09<4:54:10, 10.01s/it]
 12%|█▏        | 238/2000 [41:20<4:57:38, 10.14s/it]
                                                    
{'loss': '1.38', 'grad_norm': '0.7756', 'learning_rate': '1e-06', 'epoch': '3.778'}

 12%|█▏        | 238/2000 [41:20<4:57:38, 10.14s/it]
 12%|█▏        | 239/2000 [41:29<4:48:09,  9.82s/it]
                                                    
{'loss': '1.32', 'grad_norm': '1.058', 'learning_rate': '1e-06', 'epoch': '3.794'}

 12%|█▏        | 239/2000 [41:29<4:48:09,  9.82s/it]
 12%|█▏        | 240/2000 [41:39<4:54:39, 10.04s/it]
                                                    
{'loss': '1.504', 'grad_norm': '0.5555', 'learning_rate': '1e-06', 'epoch': '3.81'}

 12%|█▏        | 240/2000 [41:39<4:54:39, 10.04s/it]
 12%|█▏        | 241/2000 [41:49<4:51:37,  9.95s/it]
                                                    
{'loss': '1.118', 'grad_norm': '0.7153', 'learning_rate': '1e-06', 'epoch': '3.825'}

 12%|█▏        | 241/2000 [41:49<4:51:37,  9.95s/it]
 12%|█▏        | 242/2000 [41:59<4:50:27,  9.91s/it]
                                                    
{'loss': '1.31', 'grad_norm': '0.8896', 'learning_rate': '1e-06', 'epoch': '3.841'}

 12%|█▏        | 242/2000 [41:59<4:50:27,  9.91s/it]
 12%|█▏        | 243/2000 [42:08<4:43:43,  9.69s/it]
                                                    
{'loss': '1.341', 'grad_norm': '0.6623', 'learning_rate': '1e-06', 'epoch': '3.857'}

 12%|█▏        | 243/2000 [42:08<4:43:43,  9.69s/it]
 12%|█▏        | 244/2000 [42:18<4:47:25,  9.82s/it]
                                                    
{'loss': '1.388', 'grad_norm': '0.667', 'learning_rate': '1e-06', 'epoch': '3.873'}

 12%|█▏        | 244/2000 [42:18<4:47:25,  9.82s/it]
 12%|█▏        | 245/2000 [42:28<4:47:28,  9.83s/it]
                                                    
{'loss': '1.328', 'grad_norm': '0.7896', 'learning_rate': '1e-06', 'epoch': '3.889'}

 12%|█▏        | 245/2000 [42:28<4:47:28,  9.83s/it]
 12%|█▏        | 246/2000 [42:38<4:51:11,  9.96s/it]
                                                    
{'loss': '1.328', 'grad_norm': '0.4301', 'learning_rate': '1e-06', 'epoch': '3.905'}

 12%|█▏        | 246/2000 [42:38<4:51:11,  9.96s/it]
 12%|█▏        | 247/2000 [42:48<4:44:55,  9.75s/it]
                                                    
{'loss': '1.525', 'grad_norm': '0.6044', 'learning_rate': '1e-06', 'epoch': '3.921'}

 12%|█▏        | 247/2000 [42:48<4:44:55,  9.75s/it]
 12%|█▏        | 248/2000 [42:58<4:47:58,  9.86s/it]
                                                    
{'loss': '1.414', 'grad_norm': '1.164', 'learning_rate': '1e-06', 'epoch': '3.937'}

 12%|█▏        | 248/2000 [42:58<4:47:58,  9.86s/it]
 12%|█▏        | 249/2000 [43:07<4:45:16,  9.78s/it]
                                                    
{'loss': '1.37', 'grad_norm': '0.6857', 'learning_rate': '1e-06', 'epoch': '3.952'}

 12%|█▏        | 249/2000 [43:07<4:45:16,  9.78s/it]
 12%|█▎        | 250/2000 [43:18<4:52:23, 10.03s/it]
                                                    
{'loss': '1.258', 'grad_norm': '0.5046', 'learning_rate': '1e-06', 'epoch': '3.968'}

 12%|█▎        | 250/2000 [43:18<4:52:23, 10.03s/it]
 13%|█▎        | 251/2000 [43:28<4:50:15,  9.96s/it]
                                                    
{'loss': '1.409', 'grad_norm': '0.8614', 'learning_rate': '1e-06', 'epoch': '3.984'}

 13%|█▎        | 251/2000 [43:28<4:50:15,  9.96s/it]
 13%|█▎        | 252/2000 [43:38<4:54:45, 10.12s/it]
                                                    
{'loss': '1.207', 'grad_norm': '0.6677', 'learning_rate': '1e-06', 'epoch': '4'}

 13%|█▎        | 252/2000 [43:38<4:54:45, 10.12s/it]
 13%|█▎        | 253/2000 [43:51<5:14:24, 10.80s/it]
                                                    
{'loss': '1.235', 'grad_norm': '0.5278', 'learning_rate': '1e-06', 'epoch': '4.016'}

 13%|█▎        | 253/2000 [43:51<5:14:24, 10.80s/it]
 13%|█▎        | 254/2000 [44:00<5:02:58, 10.41s/it]
                                                    
{'loss': '1.284', 'grad_norm': '0.6748', 'learning_rate': '1e-06', 'epoch': '4.032'}

 13%|█▎        | 255/2000 [44:10<5:02:42, 10.41s/it]
                                                    
{'loss': '1.21', 'grad_norm': '0.7175', 'learning_rate': '1e-06', 'epoch': '4.048'}

 13%|█▎        | 255/2000 [44:10<5:02:42, 10.41s/it]
 13%|█▎        | 256/2000 [44:21<5:02:38, 10.41s/it]
                                                    
{'loss': '1.087', 'grad_norm': '0.4932', 'learning_rate': '1e-06', 'epoch': '4.063'}

 13%|█▎        | 256/2000 [44:21<5:02:38, 10.41s/it]
 13%|█▎        | 257/2000 [44:31<4:58:09, 10.26s/it]
                                                    
{'loss': '1.249', 'grad_norm': '0.5641', 'learning_rate': '1e-06', 'epoch': '4.079'}

 13%|█▎        | 257/2000 [44:31<4:58:09, 10.26s/it]
 13%|█▎        | 258/2000 [44:40<4:52:58, 10.09s/it]
                                                    
{'loss': '1.325', 'grad_norm': '0.736', 'learning_rate': '1e-06', 'epoch': '4.095'}

 13%|█▎        | 258/2000 [44:40<4:52:58, 10.09s/it]
 13%|█▎        | 259/2000 [44:50<4:49:26,  9.97s/it]
                                                    
{'loss': '1.322', 'grad_norm': '0.5923', 'learning_rate': '1e-06', 'epoch': '4.111'}

 13%|█▎        | 259/2000 [44:50<4:49:26,  9.97s/it]
 13%|█▎        | 260/2000 [45:00<4:48:33,  9.95s/it]
                                                    
{'loss': '1.258', 'grad_norm': '0.5842', 'learning_rate': '1e-06', 'epoch': '4.127'}

 13%|█▎        | 260/2000 [45:00<4:48:33,  9.95s/it]
 13%|█▎        | 261/2000 [45:10<4:49:06,  9.97s/it]
                                                    
{'loss': '1.551', 'grad_norm': '0.8925', 'learning_rate': '1e-06', 'epoch': '4.143'}

 13%|█▎        | 261/2000 [45:10<4:49:06,  9.97s/it]
 13%|█▎        | 262/2000 [45:20<4:52:47, 10.11s/it]
                                                    
{'loss': '1.104', 'grad_norm': '0.3399', 'learning_rate': '1e-06', 'epoch': '4.159'}

 13%|█▎        | 262/2000 [45:21<4:52:47, 10.11s/it]
 13%|█▎        | 263/2000 [45:30<4:51:03, 10.05s/it]
                                                    
{'loss': '1.242', 'grad_norm': '0.8266', 'learning_rate': '1e-06', 'epoch': '4.175'}

 13%|█▎        | 263/2000 [45:30<4:51:03, 10.05s/it]
 13%|█▎        | 264/2000 [45:40<4:50:03, 10.02s/it]
                                                    
{'loss': '1.548', 'grad_norm': '1.332', 'learning_rate': '1e-06', 'epoch': '4.19'}

 13%|█▎        | 264/2000 [45:40<4:50:03, 10.02s/it]
 13%|█▎        | 265/2000 [45:51<4:51:32, 10.08s/it]
                                                    
{'loss': '1.139', 'grad_norm': '0.4635', 'learning_rate': '1e-06', 'epoch': '4.206'}

 13%|█▎        | 265/2000 [45:51<4:51:32, 10.08s/it]
 13%|█▎        | 266/2000 [46:00<4:48:39,  9.99s/it]
                                                    
{'loss': '1.192', 'grad_norm': '0.4957', 'learning_rate': '1e-06', 'epoch': '4.222'}

 13%|█▎        | 266/2000 [46:00<4:48:39,  9.99s/it]
 13%|█▎        | 267/2000 [46:11<4:55:48, 10.24s/it]
                                                    
{'loss': '1.255', 'grad_norm': '0.4955', 'learning_rate': '1e-06', 'epoch': '4.238'}

 13%|█▎        | 267/2000 [46:11<4:55:48, 10.24s/it]
 13%|█▎        | 268/2000 [46:21<4:50:14, 10.05s/it]
                                                    
{'loss': '1.795', 'grad_norm': '0.7716', 'learning_rate': '1e-06', 'epoch': '4.254'}

 13%|█▎        | 268/2000 [46:21<4:50:14, 10.05s/it]
 13%|█▎        | 269/2000 [46:31<4:51:30, 10.10s/it]
                                                    
{'loss': '1.09', 'grad_norm': '0.3602', 'learning_rate': '1e-06', 'epoch': '4.27'}

 13%|█▎        | 269/2000 [46:31<4:51:30, 10.10s/it]
 14%|█▎        | 270/2000 [46:42<5:02:18, 10.48s/it]
                                                    
{'loss': '1.31', 'grad_norm': '0.7204', 'learning_rate': '1e-06', 'epoch': '4.286'}

 14%|█▎        | 270/2000 [46:42<5:02:18, 10.48s/it]
 14%|█▎        | 271/2000 [46:52<4:50:22, 10.08s/it]
                                                    
{'loss': '1.395', 'grad_norm': '0.6062', 'learning_rate': '1e-06', 'epoch': '4.302'}

 14%|█▎        | 271/2000 [46:52<4:50:22, 10.08s/it]
 14%|█▎        | 272/2000 [47:02<4:50:42, 10.09s/it]
                                                    
{'loss': '1.385', 'grad_norm': '0.6386', 'learning_rate': '1e-06', 'epoch': '4.317'}

 14%|█▎        | 272/2000 [47:02<4:50:42, 10.09s/it]
 14%|█▎        | 273/2000 [47:13<4:59:32, 10.41s/it]
                                                    
{'loss': '1.172', 'grad_norm': '0.5881', 'learning_rate': '1e-06', 'epoch': '4.333'}

 14%|█▎        | 273/2000 [47:13<4:59:32, 10.41s/it]
 14%|█▎        | 274/2000 [47:22<4:50:14, 10.09s/it]
                                                    
{'loss': '1.396', 'grad_norm': '0.4944', 'learning_rate': '1e-06', 'epoch': '4.349'}

 14%|█▎        | 274/2000 [47:22<4:50:14, 10.09s/it]
 14%|█▍        | 275/2000 [47:33<4:53:35, 10.21s/it]
                                                    
{'loss': '1.184', 'grad_norm': '0.5984', 'learning_rate': '1e-06', 'epoch': '4.365'}

 14%|█▍        | 275/2000 [47:33<4:53:35, 10.21s/it]
 14%|█▍        | 276/2000 [47:42<4:49:36, 10.08s/it]
                                                    
{'loss': '1.328', 'grad_norm': '0.6966', 'learning_rate': '1e-06', 'epoch': '4.381'}

 14%|█▍        | 276/2000 [47:42<4:49:36, 10.08s/it]
 14%|█▍        | 277/2000 [47:52<4:47:43, 10.02s/it]
                                                    
{'loss': '1.127', 'grad_norm': '0.6742', 'learning_rate': '1e-06', 'epoch': '4.397'}

 14%|█▍        | 277/2000 [47:52<4:47:43, 10.02s/it]
 14%|█▍        | 278/2000 [48:03<4:54:29, 10.26s/it]
                                                    
{'loss': '1.192', 'grad_norm': '0.5424', 'learning_rate': '1e-06', 'epoch': '4.413'}

 14%|█▍        | 278/2000 [48:03<4:54:29, 10.26s/it]
 14%|█▍        | 279/2000 [48:13<4:48:48, 10.07s/it]
                                                    
{'loss': '1.318', 'grad_norm': '0.5732', 'learning_rate': '1e-06', 'epoch': '4.429'}

 14%|█▍        | 279/2000 [48:13<4:48:48, 10.07s/it]
 14%|█▍        | 280/2000 [48:22<4:40:35,  9.79s/it]
                                                    
{'loss': '1.114', 'grad_norm': '0.7555', 'learning_rate': '1e-06', 'epoch': '4.444'}

 14%|█▍        | 280/2000 [48:22<4:40:35,  9.79s/it]
 14%|█▍        | 281/2000 [48:33<4:51:08, 10.16s/it]
                                                    
{'loss': '1.117', 'grad_norm': '0.3799', 'learning_rate': '1e-06', 'epoch': '4.46'}

 14%|█▍        | 281/2000 [48:33<4:51:08, 10.16s/it]
 14%|█▍        | 282/2000 [48:43<4:49:56, 10.13s/it]
                                                    
{'loss': '1.245', 'grad_norm': '0.5359', 'learning_rate': '1e-06', 'epoch': '4.476'}

 14%|█▍        | 282/2000 [48:43<4:49:56, 10.13s/it]
 14%|█▍        | 283/2000 [48:52<4:44:09,  9.93s/it]
                                                    
{'loss': '1.165', 'grad_norm': '0.4464', 'learning_rate': '1e-06', 'epoch': '4.492'}

 14%|█▍        | 283/2000 [48:53<4:44:09,  9.93s/it]
 14%|█▍        | 284/2000 [49:03<4:45:39,  9.99s/it]
                                                    
{'loss': '1.413', 'grad_norm': '1.019', 'learning_rate': '1e-06', 'epoch': '4.508'}

 14%|█▍        | 284/2000 [49:03<4:45:39,  9.99s/it]
 14%|█▍        | 285/2000 [49:13<4:47:11, 10.05s/it]
                                                    
{'loss': '1.356', 'grad_norm': '0.7596', 'learning_rate': '1e-06', 'epoch': '4.524'}

 14%|█▍        | 285/2000 [49:13<4:47:11, 10.05s/it]
 14%|█▍        | 286/2000 [49:23<4:50:53, 10.18s/it]
                                                    
{'loss': '1.138', 'grad_norm': '0.5702', 'learning_rate': '1e-06', 'epoch': '4.54'}

 14%|█▍        | 286/2000 [49:23<4:50:53, 10.18s/it]
 14%|█▍        | 287/2000 [49:33<4:49:21, 10.14s/it]
                                                    
{'loss': '1.211', 'grad_norm': '0.934', 'learning_rate': '1e-06', 'epoch': '4.556'}

 14%|█▍        | 287/2000 [49:33<4:49:21, 10.14s/it]
 14%|█▍        | 288/2000 [49:43<4:48:57, 10.13s/it]
                                                    
{'loss': '1.29', 'grad_norm': '0.8576', 'learning_rate': '1e-06', 'epoch': '4.571'}

 14%|█▍        | 288/2000 [49:43<4:48:57, 10.13s/it]
 14%|█▍        | 289/2000 [49:53<4:48:37, 10.12s/it]
                                                    
{'loss': '1.241', 'grad_norm': '0.6451', 'learning_rate': '1e-06', 'epoch': '4.587'}

 14%|█▍        | 289/2000 [49:54<4:48:37, 10.12s/it]
 14%|█▍        | 290/2000 [50:03<4:44:45,  9.99s/it]
                                                    
{'loss': '1.432', 'grad_norm': '0.9527', 'learning_rate': '1e-06', 'epoch': '4.603'}

 14%|█▍        | 290/2000 [50:03<4:44:45,  9.99s/it]
 15%|█▍        | 291/2000 [50:13<4:46:56, 10.07s/it]
                                                    
{'loss': '1.193', 'grad_norm': '0.5173', 'learning_rate': '1e-06', 'epoch': '4.619'}

 15%|█▍        | 291/2000 [50:14<4:46:56, 10.07s/it]
 15%|█▍        | 292/2000 [50:23<4:44:26,  9.99s/it]
                                                    
{'loss': '1.463', 'grad_norm': '1.188', 'learning_rate': '1e-06', 'epoch': '4.635'}

 15%|█▍        | 292/2000 [50:23<4:44:26,  9.99s/it]
 15%|█▍        | 293/2000 [50:34<4:47:53, 10.12s/it]
                                                    
{'loss': '1.246', 'grad_norm': '0.555', 'learning_rate': '1e-06', 'epoch': '4.651'}

 15%|█▍        | 293/2000 [50:34<4:47:53, 10.12s/it]
 15%|█▍        | 294/2000 [50:44<4:46:47, 10.09s/it]
                                                    
{'loss': '1.256', 'grad_norm': '0.7727', 'learning_rate': '1e-06', 'epoch': '4.667'}

 15%|█▍        | 294/2000 [50:44<4:46:47, 10.09s/it]
 15%|█▍        | 295/2000 [50:54<4:48:49, 10.16s/it]
                                                    
{'loss': '1.193', 'grad_norm': '0.4038', 'learning_rate': '1e-06', 'epoch': '4.683'}

 15%|█▍        | 295/2000 [50:54<4:48:49, 10.16s/it]
 15%|█▍        | 296/2000 [51:04<4:45:27, 10.05s/it]
                                                    
{'loss': '1.159', 'grad_norm': '0.38', 'learning_rate': '1e-06', 'epoch': '4.698'}

 15%|█▍        | 296/2000 [51:04<4:45:27, 10.05s/it]
 15%|█▍        | 297/2000 [51:13<4:40:04,  9.87s/it]
                                                    
{'loss': '1.317', 'grad_norm': '0.6815', 'learning_rate': '1e-06', 'epoch': '4.714'}

 15%|█▍        | 297/2000 [51:13<4:40:04,  9.87s/it]
 15%|█▍        | 298/2000 [51:23<4:42:03,  9.94s/it]
                                                    
{'loss': '1.277', 'grad_norm': '0.3683', 'learning_rate': '1e-06', 'epoch': '4.73'}

 15%|█▍        | 298/2000 [51:23<4:42:03,  9.94s/it]
 15%|█▍        | 299/2000 [51:33<4:43:00,  9.98s/it]
                                                    
{'loss': '1.126', 'grad_norm': '0.4144', 'learning_rate': '1e-06', 'epoch': '4.746'}

 15%|█▍        | 299/2000 [51:34<4:43:00,  9.98s/it]
 15%|█▌        | 300/2000 [51:44<4:45:16, 10.07s/it]
                                                    
{'loss': '1.261', 'grad_norm': '0.6475', 'learning_rate': '1e-06', 'epoch': '4.762'}

 15%|█▌        | 300/2000 [51:44<4:45:16, 10.07s/it]
 15%|█▌        | 301/2000 [51:53<4:40:23,  9.90s/it]
                                                    
{'loss': '1.223', 'grad_norm': '0.7355', 'learning_rate': '1e-06', 'epoch': '4.778'}

 15%|█▌        | 301/2000 [51:53<4:40:23,  9.90s/it]
 15%|█▌        | 302/2000 [52:03<4:40:37,  9.92s/it]
                                                    
{'loss': '1.095', 'grad_norm': '0.4526', 'learning_rate': '1e-06', 'epoch': '4.794'}

 15%|█▌        | 302/2000 [52:03<4:40:37,  9.92s/it]
 15%|█▌        | 303/2000 [52:13<4:39:50,  9.89s/it]
                                                    
{'loss': '1.175', 'grad_norm': '0.4767', 'learning_rate': '1e-06', 'epoch': '4.81'}

 15%|█▌        | 303/2000 [52:13<4:39:50,  9.89s/it]
 15%|█▌        | 304/2000 [52:23<4:40:17,  9.92s/it]
                                                    
{'loss': '1.417', 'grad_norm': '0.6512', 'learning_rate': '1e-06', 'epoch': '4.825'}

 15%|█▌        | 304/2000 [52:23<4:40:17,  9.92s/it]
 15%|█▌        | 305/2000 [52:32<4:35:24,  9.75s/it]
                                                    
{'loss': '0.9329', 'grad_norm': '0.3955', 'learning_rate': '1e-06', 'epoch': '4.841'}

 15%|█▌        | 305/2000 [52:32<4:35:24,  9.75s/it]
 15%|█▌        | 306/2000 [52:43<4:47:04, 10.17s/it]
                                                    
{'loss': '1.258', 'grad_norm': '0.386', 'learning_rate': '1e-06', 'epoch': '4.857'}

 15%|█▌        | 306/2000 [52:44<4:47:04, 10.17s/it]
 15%|█▌        | 307/2000 [52:53<4:44:22, 10.08s/it]
                                                    
{'loss': '1.205', 'grad_norm': '0.5441', 'learning_rate': '1e-06', 'epoch': '4.873'}

 15%|█▌        | 307/2000 [52:53<4:44:22, 10.08s/it]
 15%|█▌        | 308/2000 [53:03<4:39:16,  9.90s/it]
                                                    
{'loss': '1.198', 'grad_norm': '0.3852', 'learning_rate': '1e-06', 'epoch': '4.889'}

 15%|█▌        | 308/2000 [53:03<4:39:16,  9.90s/it]
 15%|█▌        | 309/2000 [53:12<4:34:55,  9.75s/it]
                                                    
{'loss': '1.281', 'grad_norm': '0.699', 'learning_rate': '1e-06', 'epoch': '4.905'}

 15%|█▌        | 309/2000 [53:12<4:34:55,  9.75s/it]
 16%|█▌        | 310/2000 [53:22<4:34:12,  9.74s/it]
                                                    
{'loss': '1.334', 'grad_norm': '1.017', 'learning_rate': '1e-06', 'epoch': '4.921'}

 16%|█▌        | 310/2000 [53:22<4:34:12,  9.74s/it]
 16%|█▌        | 311/2000 [53:32<4:37:21,  9.85s/it]
                                                    
{'loss': '1.315', 'grad_norm': '0.6413', 'learning_rate': '1e-06', 'epoch': '4.937'}

 16%|█▌        | 311/2000 [53:32<4:37:21,  9.85s/it]
 16%|█▌        | 312/2000 [53:42<4:36:09,  9.82s/it]
                                                    
{'loss': '1.143', 'grad_norm': '0.5603', 'learning_rate': '1e-06', 'epoch': '4.952'}

 16%|█▌        | 313/2000 [53:54<4:53:42, 10.45s/it]
                                                    
{'loss': '1.207', 'grad_norm': '0.6707', 'learning_rate': '1e-06', 'epoch': '4.968'}

 16%|█▌        | 313/2000 [53:54<4:53:42, 10.45s/it]
 16%|█▌        | 314/2000 [54:04<4:54:35, 10.48s/it]
                                                    
{'loss': '0.8835', 'grad_norm': '0.3985', 'learning_rate': '1e-06', 'epoch': '4.984'}

 16%|█▌        | 314/2000 [54:04<4:54:35, 10.48s/it]
 16%|█▌        | 315/2000 [54:15<4:52:52, 10.43s/it]
                                                    
{'loss': '1.371', 'grad_norm': '0.6737', 'learning_rate': '1e-06', 'epoch': '5'}

 16%|█▌        | 315/2000 [54:15<4:52:52, 10.43s/it]
 16%|█▌        | 316/2000 [54:25<4:54:57, 10.51s/it]
                                                    
{'loss': '1.045', 'grad_norm': '0.4067', 'learning_rate': '1e-06', 'epoch': '5.016'}

 16%|█▌        | 316/2000 [54:25<4:54:57, 10.51s/it]
 16%|█▌        | 317/2000 [54:36<5:00:27, 10.71s/it]
                                                    
{'loss': '1.169', 'grad_norm': '0.6835', 'learning_rate': '1e-06', 'epoch': '5.032'}

 16%|█▌        | 317/2000 [54:36<5:00:27, 10.71s/it]
 16%|█▌        | 318/2000 [54:46<4:51:38, 10.40s/it]
                                                    
{'loss': '1.27', 'grad_norm': '0.7924', 'learning_rate': '1e-06', 'epoch': '5.048'}

 16%|█▌        | 318/2000 [54:46<4:51:38, 10.40s/it]
 16%|█▌        | 319/2000 [54:56<4:50:45, 10.38s/it]
                                                    
{'loss': '1.168', 'grad_norm': '0.4641', 'learning_rate': '1e-06', 'epoch': '5.063'}

 16%|█▌        | 319/2000 [54:57<4:50:45, 10.38s/it]
 16%|█▌        | 320/2000 [55:07<4:48:06, 10.29s/it]
                                                    
{'loss': '1.004', 'grad_norm': '0.383', 'learning_rate': '1e-06', 'epoch': '5.079'}

 16%|█▌        | 320/2000 [55:07<4:48:06, 10.29s/it]
 16%|█▌        | 321/2000 [55:16<4:44:08, 10.15s/it]
                                                    
{'loss': '1.342', 'grad_norm': '0.5907', 'learning_rate': '1e-06', 'epoch': '5.095'}

 16%|█▌        | 321/2000 [55:16<4:44:08, 10.15s/it]
 16%|█▌        | 322/2000 [55:27<4:50:23, 10.38s/it]
                                                    
{'loss': '1.251', 'grad_norm': '0.5825', 'learning_rate': '1e-06', 'epoch': '5.111'}

 16%|█▌        | 322/2000 [55:27<4:50:23, 10.38s/it]
 16%|█▌        | 323/2000 [55:36<4:40:09, 10.02s/it]
                                                    
{'loss': '1.272', 'grad_norm': '0.6952', 'learning_rate': '1e-06', 'epoch': '5.127'}

 16%|█▌        | 323/2000 [55:37<4:40:09, 10.02s/it]
 16%|█▌        | 324/2000 [55:47<4:42:25, 10.11s/it]
                                                    
{'loss': '1.046', 'grad_norm': '0.4132', 'learning_rate': '1e-06', 'epoch': '5.143'}

 16%|█▌        | 324/2000 [55:47<4:42:25, 10.11s/it]
 16%|█▋        | 325/2000 [55:58<4:47:35, 10.30s/it]
                                                    
{'loss': '1.025', 'grad_norm': '0.6356', 'learning_rate': '1e-06', 'epoch': '5.159'}

 16%|█▋        | 325/2000 [55:58<4:47:35, 10.30s/it]
 16%|█▋        | 326/2000 [56:07<4:42:23, 10.12s/it]
                                                    
{'loss': '1.195', 'grad_norm': '0.7524', 'learning_rate': '1e-06', 'epoch': '5.175'}

 16%|█▋        | 326/2000 [56:07<4:42:23, 10.12s/it]
 16%|█▋        | 327/2000 [56:17<4:42:45, 10.14s/it]
                                                    
{'loss': '1.211', 'grad_norm': '0.7722', 'learning_rate': '1e-06', 'epoch': '5.19'}

 16%|█▋        | 327/2000 [56:17<4:42:45, 10.14s/it]
 16%|█▋        | 328/2000 [56:27<4:37:24,  9.96s/it]
                                                    
{'loss': '1.028', 'grad_norm': '0.386', 'learning_rate': '1e-06', 'epoch': '5.206'}

 16%|█▋        | 328/2000 [56:27<4:37:24,  9.96s/it]
 16%|█▋        | 329/2000 [56:38<4:43:29, 10.18s/it]
                                                    
{'loss': '1.085', 'grad_norm': '0.6427', 'learning_rate': '1e-06', 'epoch': '5.222'}

 16%|█▋        | 329/2000 [56:38<4:43:29, 10.18s/it]
 16%|█▋        | 330/2000 [56:47<4:39:19, 10.04s/it]
                                                    
{'loss': '1.179', 'grad_norm': '0.6347', 'learning_rate': '1e-06', 'epoch': '5.238'}

 16%|█▋        | 330/2000 [56:47<4:39:19, 10.04s/it]
 17%|█▋        | 331/2000 [56:58<4:41:27, 10.12s/it]
                                                    
{'loss': '1.262', 'grad_norm': '0.8316', 'learning_rate': '1e-06', 'epoch': '5.254'}

 17%|█▋        | 331/2000 [56:58<4:41:27, 10.12s/it]
 17%|█▋        | 332/2000 [57:07<4:37:45,  9.99s/it]
                                                    
{'loss': '1.366', 'grad_norm': '0.5178', 'learning_rate': '1e-06', 'epoch': '5.27'}

 17%|█▋        | 332/2000 [57:07<4:37:45,  9.99s/it]
 17%|█▋        | 333/2000 [57:17<4:35:13,  9.91s/it]
                                                    
{'loss': '0.9962', 'grad_norm': '0.5381', 'learning_rate': '1e-06', 'epoch': '5.286'}

 17%|█▋        | 333/2000 [57:17<4:35:13,  9.91s/it]
 17%|█▋        | 334/2000 [57:27<4:38:07, 10.02s/it]
                                                    
{'loss': '1.058', 'grad_norm': '0.7048', 'learning_rate': '1e-06', 'epoch': '5.302'}

 17%|█▋        | 334/2000 [57:27<4:38:07, 10.02s/it]
 17%|█▋        | 335/2000 [57:38<4:43:24, 10.21s/it]
                                                    
{'loss': '1.166', 'grad_norm': '0.5638', 'learning_rate': '1e-06', 'epoch': '5.317'}

 17%|█▋        | 335/2000 [57:38<4:43:24, 10.21s/it]
 17%|█▋        | 336/2000 [57:48<4:39:23, 10.07s/it]
                                                    
{'loss': '1.04', 'grad_norm': '0.9326', 'learning_rate': '1e-06', 'epoch': '5.333'}

 17%|█▋        | 336/2000 [57:48<4:39:23, 10.07s/it]
 17%|█▋        | 337/2000 [57:58<4:39:09, 10.07s/it]
                                                    
{'loss': '1.242', 'grad_norm': '0.4949', 'learning_rate': '1e-06', 'epoch': '5.349'}

 17%|█▋        | 337/2000 [57:58<4:39:09, 10.07s/it]
 17%|█▋        | 338/2000 [58:07<4:34:37,  9.91s/it]
                                                    
{'loss': '1.219', 'grad_norm': '0.9781', 'learning_rate': '1e-06', 'epoch': '5.365'}

 17%|█▋        | 338/2000 [58:07<4:34:37,  9.91s/it]
 17%|█▋        | 339/2000 [58:17<4:35:11,  9.94s/it]
                                                    
{'loss': '1.202', 'grad_norm': '0.4947', 'learning_rate': '1e-06', 'epoch': '5.381'}

 17%|█▋        | 339/2000 [58:17<4:35:11,  9.94s/it]
 17%|█▋        | 340/2000 [58:27<4:36:20,  9.99s/it]
                                                    
{'loss': '1.299', 'grad_norm': '0.5925', 'learning_rate': '1e-06', 'epoch': '5.397'}

 17%|█▋        | 340/2000 [58:28<4:36:20,  9.99s/it]
 17%|█▋        | 341/2000 [58:37<4:30:54,  9.80s/it]
                                                    
{'loss': '1.496', 'grad_norm': '1.307', 'learning_rate': '1e-06', 'epoch': '5.413'}

 17%|█▋        | 341/2000 [58:37<4:30:54,  9.80s/it]
 17%|█▋        | 342/2000 [58:48<4:38:33, 10.08s/it]
                                                    
{'loss': '1.304', 'grad_norm': '0.6057', 'learning_rate': '1e-06', 'epoch': '5.429'}

 17%|█▋        | 342/2000 [58:48<4:38:33, 10.08s/it]
 17%|█▋        | 343/2000 [58:57<4:35:26,  9.97s/it]
                                                    
{'loss': '1.097', 'grad_norm': '0.4846', 'learning_rate': '1e-06', 'epoch': '5.444'}

 17%|█▋        | 343/2000 [58:57<4:35:26,  9.97s/it]
 17%|█▋        | 344/2000 [59:08<4:41:49, 10.21s/it]
                                                    
{'loss': '1.292', 'grad_norm': '0.3463', 'learning_rate': '1e-06', 'epoch': '5.46'}

 17%|█▋        | 344/2000 [59:08<4:41:49, 10.21s/it]
 17%|█▋        | 345/2000 [59:18<4:38:43, 10.10s/it]
                                                    
{'loss': '1.344', 'grad_norm': '0.7466', 'learning_rate': '1e-06', 'epoch': '5.476'}

 17%|█▋        | 345/2000 [59:18<4:38:43, 10.10s/it]
 17%|█▋        | 346/2000 [59:28<4:42:27, 10.25s/it]
                                                    
{'loss': '1.244', 'grad_norm': '0.6572', 'learning_rate': '1e-06', 'epoch': '5.492'}

 17%|█▋        | 346/2000 [59:29<4:42:27, 10.25s/it]
 17%|█▋        | 347/2000 [59:38<4:39:59, 10.16s/it]
                                                    
{'loss': '1.457', 'grad_norm': '1.053', 'learning_rate': '1e-06', 'epoch': '5.508'}

 17%|█▋        | 347/2000 [59:39<4:39:59, 10.16s/it]
 17%|█▋        | 348/2000 [59:48<4:37:40, 10.08s/it]
                                                    
{'loss': '1.296', 'grad_norm': '0.6518', 'learning_rate': '1e-06', 'epoch': '5.524'}

 17%|█▋        | 348/2000 [59:48<4:37:40, 10.08s/it]
 17%|█▋        | 349/2000 [59:59<4:43:42, 10.31s/it]
                                                    
{'loss': '1.114', 'grad_norm': '0.5989', 'learning_rate': '1e-06', 'epoch': '5.54'}

 17%|█▋        | 349/2000 [59:59<4:43:42, 10.31s/it]
 18%|█▊        | 350/2000 [1:00:09<4:42:11, 10.26s/it]
                                                      
{'loss': '1.058', 'grad_norm': '0.6871', 'learning_rate': '1e-06', 'epoch': '5.556'}

 18%|█▊        | 350/2000 [1:00:09<4:42:11, 10.26s/it]
 18%|█▊        | 351/2000 [1:00:19<4:38:39, 10.14s/it]
                                                      
{'loss': '1.309', 'grad_norm': '0.752', 'learning_rate': '1e-06', 'epoch': '5.571'}

 18%|█▊        | 351/2000 [1:00:19<4:38:39, 10.14s/it]
 18%|█▊        | 352/2000 [1:00:30<4:41:13, 10.24s/it]
                                                      
{'loss': '1.129', 'grad_norm': '0.6381', 'learning_rate': '1e-06', 'epoch': '5.587'}

 18%|█▊        | 352/2000 [1:00:30<4:41:13, 10.24s/it]
 18%|█▊        | 353/2000 [1:00:39<4:37:31, 10.11s/it]
                                                      
{'loss': '1.311', 'grad_norm': '0.6171', 'learning_rate': '1e-06', 'epoch': '5.603'}

 18%|█▊        | 353/2000 [1:00:40<4:37:31, 10.11s/it]
 18%|█▊        | 354/2000 [1:00:49<4:35:29, 10.04s/it]
                                                      
{'loss': '1.056', 'grad_norm': '0.7808', 'learning_rate': '1e-06', 'epoch': '5.619'}

 18%|█▊        | 354/2000 [1:00:49<4:35:29, 10.04s/it]
 18%|█▊        | 355/2000 [1:00:59<4:35:56, 10.06s/it]
                                                      
{'loss': '0.8988', 'grad_norm': '0.5017', 'learning_rate': '1e-06', 'epoch': '5.635'}

 18%|█▊        | 355/2000 [1:01:00<4:35:56, 10.06s/it]
 18%|█▊        | 356/2000 [1:01:09<4:30:08,  9.86s/it]
                                                      
{'loss': '1.005', 'grad_norm': '0.688', 'learning_rate': '1e-06', 'epoch': '5.651'}

 18%|█▊        | 356/2000 [1:01:09<4:30:08,  9.86s/it]
 18%|█▊        | 357/2000 [1:01:20<4:38:51, 10.18s/it]
                                                      
{'loss': '1.22', 'grad_norm': '0.3509', 'learning_rate': '1e-06', 'epoch': '5.667'}

 18%|█▊        | 357/2000 [1:01:20<4:38:51, 10.18s/it]
 18%|█▊        | 358/2000 [1:01:29<4:31:51,  9.93s/it]
                                                      
{'loss': '1.274', 'grad_norm': '0.909', 'learning_rate': '1e-06', 'epoch': '5.683'}

 18%|█▊        | 358/2000 [1:01:29<4:31:51,  9.93s/it]
 18%|█▊        | 359/2000 [1:01:39<4:30:07,  9.88s/it]
                                                      
{'loss': '1.206', 'grad_norm': '0.522', 'learning_rate': '1e-06', 'epoch': '5.698'}

 18%|█▊        | 359/2000 [1:01:39<4:30:07,  9.88s/it]
 18%|█▊        | 360/2000 [1:01:50<4:38:45, 10.20s/it]
                                                      
{'loss': '1.229', 'grad_norm': '0.3311', 'learning_rate': '1e-06', 'epoch': '5.714'}

 18%|█▊        | 360/2000 [1:01:50<4:38:45, 10.20s/it]
 18%|█▊        | 361/2000 [1:02:00<4:35:03, 10.07s/it]
                                                      
{'loss': '1.204', 'grad_norm': '0.6784', 'learning_rate': '1e-06', 'epoch': '5.73'}

 18%|█▊        | 361/2000 [1:02:00<4:35:03, 10.07s/it]
 18%|█▊        | 362/2000 [1:02:10<4:36:39, 10.13s/it]
                                                      
{'loss': '1.047', 'grad_norm': '0.4915', 'learning_rate': '1e-06', 'epoch': '5.746'}

 18%|█▊        | 362/2000 [1:02:10<4:36:39, 10.13s/it]
 18%|█▊        | 363/2000 [1:02:21<4:43:49, 10.40s/it]
                                                      
{'loss': '1.44', 'grad_norm': '0.9123', 'learning_rate': '1e-06', 'epoch': '5.762'}

 18%|█▊        | 363/2000 [1:02:21<4:43:49, 10.40s/it]
 18%|█▊        | 364/2000 [1:02:30<4:33:59, 10.05s/it]
                                                      
{'loss': '1.247', 'grad_norm': '0.4457', 'learning_rate': '1e-06', 'epoch': '5.778'}

 18%|█▊        | 364/2000 [1:02:30<4:33:59, 10.05s/it]
 18%|█▊        | 365/2000 [1:02:41<4:40:59, 10.31s/it]
                                                      
{'loss': '1.249', 'grad_norm': '0.4788', 'learning_rate': '1e-06', 'epoch': '5.794'}

 18%|█▊        | 365/2000 [1:02:41<4:40:59, 10.31s/it]
 18%|█▊        | 366/2000 [1:02:51<4:39:46, 10.27s/it]
                                                      
{'loss': '1.176', 'grad_norm': '0.435', 'learning_rate': '1e-06', 'epoch': '5.81'}

 18%|█▊        | 366/2000 [1:02:51<4:39:46, 10.27s/it]
 18%|█▊        | 367/2000 [1:03:02<4:41:29, 10.34s/it]
                                                      
{'loss': '1.178', 'grad_norm': '0.576', 'learning_rate': '1e-06', 'epoch': '5.825'}

 18%|█▊        | 367/2000 [1:03:02<4:41:29, 10.34s/it]
 18%|█▊        | 368/2000 [1:03:12<4:38:45, 10.25s/it]
                                                      
{'loss': '1.05', 'grad_norm': '0.6296', 'learning_rate': '1e-06', 'epoch': '5.841'}

 18%|█▊        | 368/2000 [1:03:12<4:38:45, 10.25s/it]
 18%|█▊        | 369/2000 [1:03:21<4:33:06, 10.05s/it]
                                                      
{'loss': '1.318', 'grad_norm': '0.5159', 'learning_rate': '1e-06', 'epoch': '5.857'}

 18%|█▊        | 369/2000 [1:03:21<4:33:06, 10.05s/it]
 18%|█▊        | 370/2000 [1:03:31<4:29:56,  9.94s/it]
                                                      
{'loss': '1.261', 'grad_norm': '0.7079', 'learning_rate': '1e-06', 'epoch': '5.873'}

 18%|█▊        | 370/2000 [1:03:31<4:29:56,  9.94s/it]
 19%|█▊        | 371/2000 [1:03:42<4:34:44, 10.12s/it]
                                                      
{'loss': '1.161', 'grad_norm': '0.5879', 'learning_rate': '1e-06', 'epoch': '5.889'}

 19%|█▊        | 371/2000 [1:03:42<4:34:44, 10.12s/it]
 19%|█▊        | 372/2000 [1:03:51<4:30:36,  9.97s/it]
                                                      
{'loss': '1.223', 'grad_norm': '1.208', 'learning_rate': '1e-06', 'epoch': '5.905'}

 19%|█▊        | 372/2000 [1:03:51<4:30:36,  9.97s/it]
 19%|█▊        | 373/2000 [1:04:01<4:30:12,  9.96s/it]
                                                      
{'loss': '1.088', 'grad_norm': '0.3953', 'learning_rate': '1e-06', 'epoch': '5.921'}

 19%|█▊        | 373/2000 [1:04:01<4:30:12,  9.96s/it]
 19%|█▊        | 374/2000 [1:04:11<4:28:56,  9.92s/it]
                                                      
{'loss': '1.199', 'grad_norm': '0.7297', 'learning_rate': '1e-06', 'epoch': '5.937'}

 19%|█▊        | 374/2000 [1:04:11<4:28:56,  9.92s/it]
 19%|█▉        | 375/2000 [1:04:20<4:24:00,  9.75s/it]
                                                      
{'loss': '0.9879', 'grad_norm': '0.4389', 'learning_rate': '1e-06', 'epoch': '5.952'}

 19%|█▉        | 375/2000 [1:04:20<4:24:00,  9.75s/it]
 19%|█▉        | 376/2000 [1:04:31<4:30:43, 10.00s/it]
                                                      
{'loss': '1.177', 'grad_norm': '0.552', 'learning_rate': '1e-06', 'epoch': '5.968'}

 19%|█▉        | 376/2000 [1:04:31<4:30:43, 10.00s/it]
 19%|█▉        | 377/2000 [1:04:41<4:27:04,  9.87s/it]
                                                      
{'loss': '1.083', 'grad_norm': '0.741', 'learning_rate': '1e-06', 'epoch': '5.984'}

 19%|█▉        | 377/2000 [1:04:41<4:27:04,  9.87s/it]
 19%|█▉        | 378/2000 [1:04:50<4:24:08,  9.77s/it]
                                                      
{'loss': '1.033', 'grad_norm': '0.4773', 'learning_rate': '1e-06', 'epoch': '6'}

 19%|█▉        | 378/2000 [1:04:50<4:24:08,  9.77s/it]
 19%|█▉        | 379/2000 [1:05:02<4:42:25, 10.45s/it]
                                                      
{'loss': '0.9388', 'grad_norm': '0.4704', 'learning_rate': '1e-06', 'epoch': '6.016'}

 19%|█▉        | 379/2000 [1:05:02<4:42:25, 10.45s/it]
 19%|█▉        | 380/2000 [1:05:13<4:42:28, 10.46s/it]
                                                      
{'loss': '1.217', 'grad_norm': '0.9084', 'learning_rate': '1e-06', 'epoch': '6.032'}

 19%|█▉        | 380/2000 [1:05:13<4:42:28, 10.46s/it]
 19%|█▉        | 381/2000 [1:05:23<4:39:46, 10.37s/it]
                                                      
{'loss': '1.142', 'grad_norm': '0.5862', 'learning_rate': '1e-06', 'epoch': '6.048'}

 19%|█▉        | 381/2000 [1:05:23<4:39:46, 10.37s/it]
 19%|█▉        | 382/2000 [1:05:33<4:39:45, 10.37s/it]
                                                      
{'loss': '0.9302', 'grad_norm': '0.456', 'learning_rate': '1e-06', 'epoch': '6.063'}

 19%|█▉        | 382/2000 [1:05:33<4:39:45, 10.37s/it]
 19%|█▉        | 383/2000 [1:05:43<4:32:24, 10.11s/it]
                                                      
{'loss': '1.358', 'grad_norm': '0.5128', 'learning_rate': '1e-06', 'epoch': '6.079'}

 19%|█▉        | 383/2000 [1:05:43<4:32:24, 10.11s/it]
 19%|█▉        | 384/2000 [1:05:53<4:35:42, 10.24s/it]
                                                      
{'loss': '1.193', 'grad_norm': '0.6548', 'learning_rate': '1e-06', 'epoch': '6.095'}

 19%|█▉        | 384/2000 [1:05:53<4:35:42, 10.24s/it]
 19%|█▉        | 385/2000 [1:06:03<4:28:49,  9.99s/it]
                                                      
{'loss': '1.061', 'grad_norm': '0.5855', 'learning_rate': '1e-06', 'epoch': '6.111'}

 19%|█▉        | 385/2000 [1:06:03<4:28:49,  9.99s/it]
 19%|█▉        | 386/2000 [1:06:13<4:34:33, 10.21s/it]
                                                      
{'loss': '1.068', 'grad_norm': '0.7181', 'learning_rate': '1e-06', 'epoch': '6.127'}

 19%|█▉        | 386/2000 [1:06:13<4:34:33, 10.21s/it]
 19%|█▉        | 387/2000 [1:06:23<4:26:54,  9.93s/it]
                                                      
{'loss': '1.011', 'grad_norm': '0.6419', 'learning_rate': '1e-06', 'epoch': '6.143'}

 19%|█▉        | 387/2000 [1:06:23<4:26:54,  9.93s/it]
 19%|█▉        | 388/2000 [1:06:32<4:26:53,  9.93s/it]
                                                      
{'loss': '1.151', 'grad_norm': '0.8109', 'learning_rate': '1e-06', 'epoch': '6.159'}

 19%|█▉        | 388/2000 [1:06:33<4:26:53,  9.93s/it]
 19%|█▉        | 389/2000 [1:06:42<4:26:52,  9.94s/it]
                                                      
{'loss': '1.263', 'grad_norm': '0.7312', 'learning_rate': '1e-06', 'epoch': '6.175'}

 19%|█▉        | 389/2000 [1:06:42<4:26:52,  9.94s/it]
 20%|█▉        | 390/2000 [1:06:52<4:26:15,  9.92s/it]
                                                      
{'loss': '1.201', 'grad_norm': '1.043', 'learning_rate': '1e-06', 'epoch': '6.19'}

 20%|█▉        | 390/2000 [1:06:52<4:26:15,  9.92s/it]
 20%|█▉        | 391/2000 [1:07:03<4:28:51, 10.03s/it]
                                                      
{'loss': '1.006', 'grad_norm': '0.682', 'learning_rate': '1e-06', 'epoch': '6.206'}

 20%|█▉        | 392/2000 [1:07:13<4:28:04, 10.00s/it]
                                                      
{'loss': '0.9373', 'grad_norm': '0.354', 'learning_rate': '1e-06', 'epoch': '6.222'}

 20%|█▉        | 392/2000 [1:07:13<4:28:04, 10.00s/it]
 20%|█▉        | 393/2000 [1:07:22<4:27:04,  9.97s/it]
                                                      
{'loss': '1.133', 'grad_norm': '0.5541', 'learning_rate': '1e-06', 'epoch': '6.238'}

 20%|█▉        | 393/2000 [1:07:22<4:27:04,  9.97s/it]
 20%|█▉        | 394/2000 [1:07:34<4:38:11, 10.39s/it]
                                                      
{'loss': '1.097', 'grad_norm': '0.5099', 'learning_rate': '1e-06', 'epoch': '6.254'}

 20%|█▉        | 394/2000 [1:07:34<4:38:11, 10.39s/it]
 20%|█▉        | 395/2000 [1:07:43<4:29:22, 10.07s/it]
                                                      
{'loss': '1.043', 'grad_norm': '0.622', 'learning_rate': '1e-06', 'epoch': '6.27'}

 20%|█▉        | 395/2000 [1:07:43<4:29:22, 10.07s/it]
 20%|█▉        | 396/2000 [1:07:53<4:27:06,  9.99s/it]
                                                      
{'loss': '1.309', 'grad_norm': '0.8279', 'learning_rate': '1e-06', 'epoch': '6.286'}

 20%|█▉        | 396/2000 [1:07:53<4:27:06,  9.99s/it]
 20%|█▉        | 397/2000 [1:08:04<4:31:45, 10.17s/it]
                                                      
{'loss': '1.298', 'grad_norm': '0.5783', 'learning_rate': '1e-06', 'epoch': '6.302'}

 20%|█▉        | 397/2000 [1:08:04<4:31:45, 10.17s/it]
 20%|█▉        | 398/2000 [1:08:13<4:25:16,  9.94s/it]
                                                      
{'loss': '1.031', 'grad_norm': '0.4751', 'learning_rate': '1e-06', 'epoch': '6.317'}

 20%|█▉        | 398/2000 [1:08:13<4:25:16,  9.94s/it]
 20%|█▉        | 399/2000 [1:08:24<4:31:27, 10.17s/it]
                                                      
{'loss': '1.104', 'grad_norm': '0.4957', 'learning_rate': '1e-06', 'epoch': '6.333'}

 20%|█▉        | 399/2000 [1:08:24<4:31:27, 10.17s/it]
 20%|██        | 400/2000 [1:08:34<4:30:32, 10.15s/it]
                                                      
{'loss': '1.021', 'grad_norm': '0.6187', 'learning_rate': '1e-06', 'epoch': '6.349'}

 20%|██        | 400/2000 [1:08:34<4:30:32, 10.15s/it]
 20%|██        | 401/2000 [1:08:44<4:30:55, 10.17s/it]
                                                      
{'loss': '1.16', 'grad_norm': '0.5787', 'learning_rate': '1e-06', 'epoch': '6.365'}

 20%|██        | 401/2000 [1:08:44<4:30:55, 10.17s/it]
 20%|██        | 402/2000 [1:08:54<4:29:49, 10.13s/it]
                                                      
{'loss': '1.146', 'grad_norm': '0.4966', 'learning_rate': '1e-06', 'epoch': '6.381'}

 20%|██        | 402/2000 [1:08:54<4:29:49, 10.13s/it]
 20%|██        | 403/2000 [1:09:04<4:27:14, 10.04s/it]
                                                      
{'loss': '1.167', 'grad_norm': '0.4271', 'learning_rate': '1e-06', 'epoch': '6.397'}

 20%|██        | 403/2000 [1:09:04<4:27:14, 10.04s/it]
 20%|██        | 404/2000 [1:09:14<4:26:34, 10.02s/it]
                                                      
{'loss': '1.304', 'grad_norm': '0.7709', 'learning_rate': '1e-06', 'epoch': '6.413'}

 20%|██        | 404/2000 [1:09:14<4:26:34, 10.02s/it]
 20%|██        | 405/2000 [1:09:24<4:24:00,  9.93s/it]
                                                      
{'loss': '1.176', 'grad_norm': '0.8342', 'learning_rate': '1e-06', 'epoch': '6.429'}

 20%|██        | 405/2000 [1:09:24<4:24:00,  9.93s/it]
 20%|██        | 406/2000 [1:09:34<4:24:57,  9.97s/it]
                                                      
{'loss': '0.9914', 'grad_norm': '0.3987', 'learning_rate': '1e-06', 'epoch': '6.444'}

 20%|██        | 406/2000 [1:09:34<4:24:57,  9.97s/it]
 20%|██        | 407/2000 [1:09:44<4:25:49, 10.01s/it]
                                                      
{'loss': '1.277', 'grad_norm': '0.6847', 'learning_rate': '1e-06', 'epoch': '6.46'}

 20%|██        | 407/2000 [1:09:44<4:25:49, 10.01s/it]
 20%|██        | 408/2000 [1:09:53<4:18:04,  9.73s/it]
                                                      
{'loss': '1.294', 'grad_norm': '0.8533', 'learning_rate': '1e-06', 'epoch': '6.476'}

 20%|██        | 408/2000 [1:09:53<4:18:04,  9.73s/it]
 20%|██        | 409/2000 [1:10:03<4:22:37,  9.90s/it]
                                                      
{'loss': '1.186', 'grad_norm': '0.4094', 'learning_rate': '1e-06', 'epoch': '6.492'}

 20%|██        | 409/2000 [1:10:03<4:22:37,  9.90s/it]
 20%|██        | 410/2000 [1:10:12<4:17:52,  9.73s/it]
                                                      
{'loss': '1.229', 'grad_norm': '0.9413', 'learning_rate': '1e-06', 'epoch': '6.508'}

 20%|██        | 410/2000 [1:10:12<4:17:52,  9.73s/it]
 21%|██        | 411/2000 [1:10:23<4:23:49,  9.96s/it]
                                                      
{'loss': '1.066', 'grad_norm': '0.4626', 'learning_rate': '1e-06', 'epoch': '6.524'}

 21%|██        | 411/2000 [1:10:23<4:23:49,  9.96s/it]
 21%|██        | 412/2000 [1:10:33<4:25:55, 10.05s/it]
                                                      
{'loss': '1.173', 'grad_norm': '0.7683', 'learning_rate': '1e-06', 'epoch': '6.54'}

 21%|██        | 412/2000 [1:10:33<4:25:55, 10.05s/it]
 21%|██        | 413/2000 [1:10:43<4:26:58, 10.09s/it]
                                                      
{'loss': '1.156', 'grad_norm': '0.7555', 'learning_rate': '1e-06', 'epoch': '6.556'}

 21%|██        | 414/2000 [1:10:54<4:28:14, 10.15s/it]
                                                      
{'loss': '1.128', 'grad_norm': '0.6503', 'learning_rate': '1e-06', 'epoch': '6.571'}

 21%|██        | 414/2000 [1:10:54<4:28:14, 10.15s/it]
 21%|██        | 415/2000 [1:11:03<4:24:06, 10.00s/it]
                                                      
{'loss': '1.511', 'grad_norm': '1.264', 'learning_rate': '1e-06', 'epoch': '6.587'}

 21%|██        | 415/2000 [1:11:03<4:24:06, 10.00s/it]
 21%|██        | 416/2000 [1:11:13<4:23:00,  9.96s/it]
                                                      
{'loss': '1.152', 'grad_norm': '0.4626', 'learning_rate': '1e-06', 'epoch': '6.603'}

 21%|██        | 416/2000 [1:11:13<4:23:00,  9.96s/it]
 21%|██        | 417/2000 [1:11:23<4:24:46, 10.04s/it]
                                                      
{'loss': '1.133', 'grad_norm': '0.7091', 'learning_rate': '1e-06', 'epoch': '6.619'}

 21%|██        | 417/2000 [1:11:23<4:24:46, 10.04s/it]
 21%|██        | 418/2000 [1:11:33<4:20:44,  9.89s/it]
                                                      
{'loss': '0.9875', 'grad_norm': '0.402', 'learning_rate': '1e-06', 'epoch': '6.635'}

 21%|██        | 418/2000 [1:11:33<4:20:44,  9.89s/it]
 21%|██        | 419/2000 [1:11:43<4:19:16,  9.84s/it]
                                                      
{'loss': '1.217', 'grad_norm': '0.7425', 'learning_rate': '1e-06', 'epoch': '6.651'}

 21%|██        | 419/2000 [1:11:43<4:19:16,  9.84s/it]
 21%|██        | 420/2000 [1:11:53<4:19:44,  9.86s/it]
                                                      
{'loss': '1.008', 'grad_norm': '0.7027', 'learning_rate': '1e-06', 'epoch': '6.667'}

 21%|██        | 420/2000 [1:11:53<4:19:44,  9.86s/it]
 21%|██        | 421/2000 [1:12:03<4:23:19, 10.01s/it]
                                                      
{'loss': '1.153', 'grad_norm': '0.7364', 'learning_rate': '1e-06', 'epoch': '6.683'}

 21%|██        | 421/2000 [1:12:03<4:23:19, 10.01s/it]
 21%|██        | 422/2000 [1:12:13<4:25:28, 10.09s/it]
                                                      
{'loss': '1.049', 'grad_norm': '0.4014', 'learning_rate': '1e-06', 'epoch': '6.698'}

 21%|██        | 422/2000 [1:12:13<4:25:28, 10.09s/it]
 21%|██        | 423/2000 [1:12:23<4:22:11,  9.98s/it]
                                                      
{'loss': '1', 'grad_norm': '0.7907', 'learning_rate': '1e-06', 'epoch': '6.714'}

 21%|██        | 423/2000 [1:12:23<4:22:11,  9.98s/it]
 21%|██        | 424/2000 [1:12:34<4:27:22, 10.18s/it]
                                                      
{'loss': '1.061', 'grad_norm': '0.4068', 'learning_rate': '1e-06', 'epoch': '6.73'}

 21%|██        | 424/2000 [1:12:34<4:27:22, 10.18s/it]
 21%|██▏       | 425/2000 [1:12:43<4:22:23, 10.00s/it]
                                                      
{'loss': '1.196', 'grad_norm': '0.7079', 'learning_rate': '1e-06', 'epoch': '6.746'}

 21%|██▏       | 425/2000 [1:12:43<4:22:23, 10.00s/it]
 21%|██▏       | 426/2000 [1:12:53<4:19:51,  9.91s/it]
                                                      
{'loss': '1.074', 'grad_norm': '0.7419', 'learning_rate': '1e-06', 'epoch': '6.762'}

 21%|██▏       | 426/2000 [1:12:53<4:19:51,  9.91s/it]
 21%|██▏       | 427/2000 [1:13:03<4:24:29, 10.09s/it]
                                                      
{'loss': '1.033', 'grad_norm': '0.3865', 'learning_rate': '1e-06', 'epoch': '6.778'}

 21%|██▏       | 427/2000 [1:13:03<4:24:29, 10.09s/it]
 21%|██▏       | 428/2000 [1:13:13<4:21:47,  9.99s/it]
                                                      
{'loss': '1.13', 'grad_norm': '0.4454', 'learning_rate': '1e-06', 'epoch': '6.794'}

 21%|██▏       | 428/2000 [1:13:13<4:21:47,  9.99s/it]
 21%|██▏       | 429/2000 [1:13:23<4:19:00,  9.89s/it]
                                                      
{'loss': '1.25', 'grad_norm': '0.734', 'learning_rate': '1e-06', 'epoch': '6.81'}

 21%|██▏       | 429/2000 [1:13:23<4:19:00,  9.89s/it]
 22%|██▏       | 430/2000 [1:13:33<4:24:40, 10.12s/it]
                                                      
{'loss': '1.076', 'grad_norm': '0.5884', 'learning_rate': '1e-06', 'epoch': '6.825'}

 22%|██▏       | 430/2000 [1:13:33<4:24:40, 10.12s/it]
 22%|██▏       | 431/2000 [1:13:42<4:16:35,  9.81s/it]
                                                      
{'loss': '1.05', 'grad_norm': '0.6544', 'learning_rate': '1e-06', 'epoch': '6.841'}

 22%|██▏       | 431/2000 [1:13:43<4:16:35,  9.81s/it]
 22%|██▏       | 432/2000 [1:13:54<4:26:35, 10.20s/it]
                                                      
{'loss': '0.9976', 'grad_norm': '0.409', 'learning_rate': '1e-06', 'epoch': '6.857'}

 22%|██▏       | 432/2000 [1:13:54<4:26:35, 10.20s/it]
 22%|██▏       | 433/2000 [1:14:04<4:26:12, 10.19s/it]
                                                      
{'loss': '0.9899', 'grad_norm': '0.6075', 'learning_rate': '1e-06', 'epoch': '6.873'}

 22%|██▏       | 433/2000 [1:14:04<4:26:12, 10.19s/it]
 22%|██▏       | 434/2000 [1:14:13<4:19:20,  9.94s/it]
                                                      
{'loss': '1.053', 'grad_norm': '0.4808', 'learning_rate': '1e-06', 'epoch': '6.889'}

 22%|██▏       | 434/2000 [1:14:13<4:19:20,  9.94s/it]
 22%|██▏       | 435/2000 [1:14:24<4:26:50, 10.23s/it]
                                                      
{'loss': '1.178', 'grad_norm': '0.5809', 'learning_rate': '1e-06', 'epoch': '6.905'}

 22%|██▏       | 435/2000 [1:14:24<4:26:50, 10.23s/it]
 22%|██▏       | 436/2000 [1:14:33<4:14:36,  9.77s/it]
                                                      
{'loss': '1.185', 'grad_norm': '0.7084', 'learning_rate': '1e-06', 'epoch': '6.921'}

 22%|██▏       | 436/2000 [1:14:33<4:14:36,  9.77s/it]
 22%|██▏       | 437/2000 [1:14:43<4:20:51, 10.01s/it]
                                                      
{'loss': '1.081', 'grad_norm': '0.5013', 'learning_rate': '1e-06', 'epoch': '6.937'}

 22%|██▏       | 437/2000 [1:14:43<4:20:51, 10.01s/it]
 22%|██▏       | 438/2000 [1:14:54<4:23:49, 10.13s/it]
                                                      
{'loss': '1.124', 'grad_norm': '0.6101', 'learning_rate': '1e-06', 'epoch': '6.952'}

 22%|██▏       | 438/2000 [1:14:54<4:23:49, 10.13s/it]
 22%|██▏       | 439/2000 [1:15:03<4:14:33,  9.78s/it]
                                                      
{'loss': '1.137', 'grad_norm': '0.6308', 'learning_rate': '1e-06', 'epoch': '6.968'}

 22%|██▏       | 439/2000 [1:15:03<4:14:33,  9.78s/it]
 22%|██▏       | 440/2000 [1:15:13<4:16:20,  9.86s/it]
                                                      
{'loss': '1.196', 'grad_norm': '0.7101', 'learning_rate': '1e-06', 'epoch': '6.984'}

 22%|██▏       | 440/2000 [1:15:13<4:16:20,  9.86s/it]
 22%|██▏       | 441/2000 [1:15:23<4:21:46, 10.08s/it]
                                                      
{'loss': '0.9745', 'grad_norm': '0.3116', 'learning_rate': '1e-06', 'epoch': '7'}

 22%|██▏       | 441/2000 [1:15:23<4:21:46, 10.08s/it]
 22%|██▏       | 442/2000 [1:15:34<4:26:15, 10.25s/it]
                                                      
{'loss': '1.2', 'grad_norm': '0.5192', 'learning_rate': '1e-06', 'epoch': '7.016'}

 22%|██▏       | 442/2000 [1:15:34<4:26:15, 10.25s/it]
 22%|██▏       | 443/2000 [1:15:45<4:35:45, 10.63s/it]
                                                      
{'loss': '1.279', 'grad_norm': '1.072', 'learning_rate': '1e-06', 'epoch': '7.032'}

 22%|██▏       | 443/2000 [1:15:46<4:35:45, 10.63s/it]
 22%|██▏       | 444/2000 [1:15:55<4:25:38, 10.24s/it]
                                                      
{'loss': '1.081', 'grad_norm': '0.5937', 'learning_rate': '1e-06', 'epoch': '7.048'}

 22%|██▏       | 444/2000 [1:15:55<4:25:38, 10.24s/it]
 22%|██▏       | 445/2000 [1:16:05<4:28:20, 10.35s/it]
                                                      
{'loss': '1.178', 'grad_norm': '0.8605', 'learning_rate': '1e-06', 'epoch': '7.063'}

 22%|██▏       | 445/2000 [1:16:05<4:28:20, 10.35s/it]
 22%|██▏       | 446/2000 [1:16:16<4:26:14, 10.28s/it]
                                                      
{'loss': '1.555', 'grad_norm': '1.102', 'learning_rate': '1e-06', 'epoch': '7.079'}

 22%|██▏       | 446/2000 [1:16:16<4:26:14, 10.28s/it]
 22%|██▏       | 447/2000 [1:16:24<4:14:24,  9.83s/it]
                                                      
{'loss': '1.135', 'grad_norm': '0.6098', 'learning_rate': '1e-06', 'epoch': '7.095'}

 22%|██▏       | 447/2000 [1:16:24<4:14:24,  9.83s/it]
 22%|██▏       | 448/2000 [1:16:35<4:18:54, 10.01s/it]
                                                      
{'loss': '1.064', 'grad_norm': '0.6032', 'learning_rate': '1e-06', 'epoch': '7.111'}

 22%|██▏       | 448/2000 [1:16:35<4:18:54, 10.01s/it]
 22%|██▏       | 449/2000 [1:16:45<4:17:14,  9.95s/it]
                                                      
{'loss': '1.149', 'grad_norm': '0.4167', 'learning_rate': '1e-06', 'epoch': '7.127'}

 22%|██▏       | 449/2000 [1:16:45<4:17:14,  9.95s/it]
 22%|██▎       | 450/2000 [1:16:55<4:18:36, 10.01s/it]
                                                      
{'loss': '1.215', 'grad_norm': '0.9293', 'learning_rate': '1e-06', 'epoch': '7.143'}

 22%|██▎       | 450/2000 [1:16:55<4:18:36, 10.01s/it]
 23%|██▎       | 451/2000 [1:17:05<4:22:58, 10.19s/it]
                                                      
{'loss': '0.8893', 'grad_norm': '0.3229', 'learning_rate': '1e-06', 'epoch': '7.159'}

 23%|██▎       | 451/2000 [1:17:06<4:22:58, 10.19s/it]
 23%|██▎       | 452/2000 [1:17:15<4:17:43,  9.99s/it]
                                                      
{'loss': '0.9998', 'grad_norm': '0.8363', 'learning_rate': '1e-06', 'epoch': '7.175'}

 23%|██▎       | 452/2000 [1:17:15<4:17:43,  9.99s/it]
 23%|██▎       | 453/2000 [1:17:25<4:16:48,  9.96s/it]
                                                      
{'loss': '1.109', 'grad_norm': '0.7133', 'learning_rate': '1e-06', 'epoch': '7.19'}

 23%|██▎       | 453/2000 [1:17:25<4:16:48,  9.96s/it]
 23%|██▎       | 454/2000 [1:17:35<4:20:39, 10.12s/it]
                                                      
{'loss': '1.049', 'grad_norm': '0.4072', 'learning_rate': '1e-06', 'epoch': '7.206'}

 23%|██▎       | 454/2000 [1:17:35<4:20:39, 10.12s/it]
 23%|██▎       | 455/2000 [1:17:45<4:18:35, 10.04s/it]
                                                      
{'loss': '1.049', 'grad_norm': '0.4959', 'learning_rate': '1e-06', 'epoch': '7.222'}

 23%|██▎       | 455/2000 [1:17:45<4:18:35, 10.04s/it]
 23%|██▎       | 456/2000 [1:17:55<4:20:14, 10.11s/it]
                                                      
{'loss': '1.055', 'grad_norm': '0.3956', 'learning_rate': '1e-06', 'epoch': '7.238'}

 23%|██▎       | 456/2000 [1:17:55<4:20:14, 10.11s/it]
 23%|██▎       | 457/2000 [1:18:05<4:16:29,  9.97s/it]
                                                      
{'loss': '0.9561', 'grad_norm': '0.74', 'learning_rate': '1e-06', 'epoch': '7.254'}

 23%|██▎       | 457/2000 [1:18:05<4:16:29,  9.97s/it]
 23%|██▎       | 458/2000 [1:18:15<4:19:07, 10.08s/it]
                                                      
{'loss': '1.095', 'grad_norm': '0.676', 'learning_rate': '1e-06', 'epoch': '7.27'}

 23%|██▎       | 458/2000 [1:18:15<4:19:07, 10.08s/it]
 23%|██▎       | 459/2000 [1:18:26<4:20:44, 10.15s/it]
                                                      
{'loss': '1.206', 'grad_norm': '0.6361', 'learning_rate': '1e-06', 'epoch': '7.286'}

 23%|██▎       | 459/2000 [1:18:26<4:20:44, 10.15s/it]
 23%|██▎       | 460/2000 [1:18:35<4:15:11,  9.94s/it]
                                                      
{'loss': '1.007', 'grad_norm': '0.8793', 'learning_rate': '1e-06', 'epoch': '7.302'}

 23%|██▎       | 460/2000 [1:18:35<4:15:11,  9.94s/it]
 23%|██▎       | 461/2000 [1:18:45<4:17:12, 10.03s/it]
                                                      
{'loss': '0.9984', 'grad_norm': '0.4341', 'learning_rate': '1e-06', 'epoch': '7.317'}

 23%|██▎       | 461/2000 [1:18:45<4:17:12, 10.03s/it]
 23%|██▎       | 462/2000 [1:18:56<4:23:05, 10.26s/it]
                                                      
{'loss': '1.062', 'grad_norm': '0.5527', 'learning_rate': '1e-06', 'epoch': '7.333'}

 23%|██▎       | 462/2000 [1:18:56<4:23:05, 10.26s/it]
 23%|██▎       | 463/2000 [1:19:06<4:17:41, 10.06s/it]
                                                      
{'loss': '1.079', 'grad_norm': '0.5308', 'learning_rate': '1e-06', 'epoch': '7.349'}

 23%|██▎       | 463/2000 [1:19:06<4:17:41, 10.06s/it]
 23%|██▎       | 464/2000 [1:19:15<4:14:18,  9.93s/it]
                                                      
{'loss': '1.226', 'grad_norm': '0.59', 'learning_rate': '1e-06', 'epoch': '7.365'}

 23%|██▎       | 464/2000 [1:19:15<4:14:18,  9.93s/it]
 23%|██▎       | 465/2000 [1:19:25<4:13:11,  9.90s/it]
                                                      
{'loss': '0.9756', 'grad_norm': '0.6629', 'learning_rate': '1e-06', 'epoch': '7.381'}

 23%|██▎       | 465/2000 [1:19:25<4:13:11,  9.90s/it]
 23%|██▎       | 466/2000 [1:19:35<4:12:38,  9.88s/it]
                                                      
{'loss': '1.153', 'grad_norm': '0.5337', 'learning_rate': '1e-06', 'epoch': '7.397'}

 23%|██▎       | 466/2000 [1:19:35<4:12:38,  9.88s/it]
 23%|██▎       | 467/2000 [1:19:46<4:20:18, 10.19s/it]
                                                      
{'loss': '1.109', 'grad_norm': '0.5628', 'learning_rate': '1e-06', 'epoch': '7.413'}

 23%|██▎       | 467/2000 [1:19:46<4:20:18, 10.19s/it]
 23%|██▎       | 468/2000 [1:19:55<4:14:42,  9.98s/it]
                                                      
{'loss': '1.003', 'grad_norm': '0.6811', 'learning_rate': '1e-06', 'epoch': '7.429'}

 23%|██▎       | 468/2000 [1:19:55<4:14:42,  9.98s/it]
 23%|██▎       | 469/2000 [1:20:05<4:11:44,  9.87s/it]
                                                      
{'loss': '1.133', 'grad_norm': '0.615', 'learning_rate': '1e-06', 'epoch': '7.444'}

 23%|██▎       | 469/2000 [1:20:05<4:11:44,  9.87s/it]
 24%|██▎       | 470/2000 [1:20:15<4:16:12, 10.05s/it]
                                                      
{'loss': '1.042', 'grad_norm': '0.4821', 'learning_rate': '1e-06', 'epoch': '7.46'}

 24%|██▎       | 470/2000 [1:20:15<4:16:12, 10.05s/it]
 24%|██▎       | 471/2000 [1:20:26<4:16:35, 10.07s/it]
                                                      
{'loss': '1.179', 'grad_norm': '0.402', 'learning_rate': '1e-06', 'epoch': '7.476'}

 24%|██▎       | 471/2000 [1:20:26<4:16:35, 10.07s/it]
 24%|██▎       | 472/2000 [1:20:36<4:15:30, 10.03s/it]
                                                      
{'loss': '0.9677', 'grad_norm': '1.036', 'learning_rate': '1e-06', 'epoch': '7.492'}

 24%|██▎       | 472/2000 [1:20:36<4:15:30, 10.03s/it]
 24%|██▎       | 473/2000 [1:20:46<4:15:21, 10.03s/it]
                                                      
{'loss': '1.139', 'grad_norm': '0.6548', 'learning_rate': '1e-06', 'epoch': '7.508'}

 24%|██▎       | 473/2000 [1:20:46<4:15:21, 10.03s/it]
 24%|██▎       | 474/2000 [1:20:55<4:13:20,  9.96s/it]
                                                      
{'loss': '0.955', 'grad_norm': '0.4219', 'learning_rate': '1e-06', 'epoch': '7.524'}

 24%|██▎       | 474/2000 [1:20:55<4:13:20,  9.96s/it]
 24%|██▍       | 475/2000 [1:21:06<4:15:52, 10.07s/it]
                                                      
{'loss': '1.276', 'grad_norm': '0.6812', 'learning_rate': '1e-06', 'epoch': '7.54'}

 24%|██▍       | 475/2000 [1:21:06<4:15:52, 10.07s/it]
 24%|██▍       | 476/2000 [1:21:15<4:12:53,  9.96s/it]
                                                      
{'loss': '1.077', 'grad_norm': '0.7358', 'learning_rate': '1e-06', 'epoch': '7.556'}

 24%|██▍       | 476/2000 [1:21:15<4:12:53,  9.96s/it]
 24%|██▍       | 477/2000 [1:21:26<4:14:46, 10.04s/it]
                                                      
{'loss': '1.071', 'grad_norm': '0.63', 'learning_rate': '1e-06', 'epoch': '7.571'}

 24%|██▍       | 477/2000 [1:21:26<4:14:46, 10.04s/it]
 24%|██▍       | 478/2000 [1:21:36<4:19:35, 10.23s/it]
                                                      
{'loss': '1.02', 'grad_norm': '0.5081', 'learning_rate': '1e-06', 'epoch': '7.587'}

 24%|██▍       | 478/2000 [1:21:36<4:19:35, 10.23s/it]
 24%|██▍       | 479/2000 [1:21:46<4:12:58,  9.98s/it]
                                                      
{'loss': '0.8735', 'grad_norm': '0.7231', 'learning_rate': '1e-06', 'epoch': '7.603'}

 24%|██▍       | 480/2000 [1:21:59<4:34:51, 10.85s/it]
                                                      
{'loss': '0.9465', 'grad_norm': '0.5705', 'learning_rate': '1e-06', 'epoch': '7.619'}

 24%|██▍       | 480/2000 [1:21:59<4:34:51, 10.85s/it]
 24%|██▍       | 481/2000 [1:22:09<4:32:50, 10.78s/it]
                                                      
{'loss': '1.25', 'grad_norm': '0.4897', 'learning_rate': '1e-06', 'epoch': '7.635'}

 24%|██▍       | 481/2000 [1:22:09<4:32:50, 10.78s/it]
 24%|██▍       | 482/2000 [1:22:19<4:25:44, 10.50s/it]
                                                      
{'loss': '0.9541', 'grad_norm': '0.3994', 'learning_rate': '1e-06', 'epoch': '7.651'}

 24%|██▍       | 482/2000 [1:22:19<4:25:44, 10.50s/it]
 24%|██▍       | 483/2000 [1:22:29<4:23:57, 10.44s/it]
                                                      
{'loss': '1.153', 'grad_norm': '0.6789', 'learning_rate': '1e-06', 'epoch': '7.667'}

 24%|██▍       | 483/2000 [1:22:29<4:23:57, 10.44s/it]
 24%|██▍       | 484/2000 [1:22:39<4:16:51, 10.17s/it]
                                                      
{'loss': '1.143', 'grad_norm': '0.527', 'learning_rate': '1e-06', 'epoch': '7.683'}

 24%|██▍       | 484/2000 [1:22:39<4:16:51, 10.17s/it]
 24%|██▍       | 485/2000 [1:22:49<4:19:41, 10.28s/it]
                                                      
{'loss': '1.062', 'grad_norm': '0.6836', 'learning_rate': '1e-06', 'epoch': '7.698'}

 24%|██▍       | 485/2000 [1:22:49<4:19:41, 10.28s/it]
 24%|██▍       | 486/2000 [1:22:59<4:15:39, 10.13s/it]
                                                      
{'loss': '0.989', 'grad_norm': '0.8384', 'learning_rate': '1e-06', 'epoch': '7.714'}

 24%|██▍       | 486/2000 [1:23:00<4:15:39, 10.13s/it]
 24%|██▍       | 487/2000 [1:23:09<4:09:36,  9.90s/it]
                                                      
{'loss': '1.143', 'grad_norm': '0.5493', 'learning_rate': '1e-06', 'epoch': '7.73'}

 24%|██▍       | 487/2000 [1:23:09<4:09:36,  9.90s/it]
 24%|██▍       | 488/2000 [1:23:20<4:19:17, 10.29s/it]
                                                      
{'loss': '1.081', 'grad_norm': '0.4632', 'learning_rate': '1e-06', 'epoch': '7.746'}

 24%|██▍       | 488/2000 [1:23:20<4:19:17, 10.29s/it]
 24%|██▍       | 489/2000 [1:23:30<4:15:39, 10.15s/it]
                                                      
{'loss': '0.844', 'grad_norm': '0.6712', 'learning_rate': '1e-06', 'epoch': '7.762'}

 24%|██▍       | 489/2000 [1:23:30<4:15:39, 10.15s/it]
 24%|██▍       | 490/2000 [1:23:40<4:14:23, 10.11s/it]
                                                      
{'loss': '1.103', 'grad_norm': '0.5891', 'learning_rate': '1e-06', 'epoch': '7.778'}

 24%|██▍       | 490/2000 [1:23:40<4:14:23, 10.11s/it]
 25%|██▍       | 491/2000 [1:23:50<4:18:28, 10.28s/it]
                                                      
{'loss': '0.9376', 'grad_norm': '0.7407', 'learning_rate': '1e-06', 'epoch': '7.794'}

 25%|██▍       | 491/2000 [1:23:50<4:18:28, 10.28s/it]
 25%|██▍       | 492/2000 [1:24:00<4:15:23, 10.16s/it]
                                                      
{'loss': '1.053', 'grad_norm': '0.5517', 'learning_rate': '1e-06', 'epoch': '7.81'}

 25%|██▍       | 492/2000 [1:24:00<4:15:23, 10.16s/it]
 25%|██▍       | 493/2000 [1:24:10<4:14:21, 10.13s/it]
                                                      
{'loss': '1.003', 'grad_norm': '0.4558', 'learning_rate': '1e-06', 'epoch': '7.825'}

 25%|██▍       | 493/2000 [1:24:10<4:14:21, 10.13s/it]
 25%|██▍       | 494/2000 [1:24:20<4:13:49, 10.11s/it]
                                                      
{'loss': '1.26', 'grad_norm': '0.559', 'learning_rate': '1e-06', 'epoch': '7.841'}

 25%|██▍       | 494/2000 [1:24:20<4:13:49, 10.11s/it]
 25%|██▍       | 495/2000 [1:24:31<4:16:29, 10.23s/it]
                                                      
{'loss': '1.173', 'grad_norm': '0.9929', 'learning_rate': '1e-06', 'epoch': '7.857'}

 25%|██▍       | 495/2000 [1:24:31<4:16:29, 10.23s/it]
 25%|██▍       | 496/2000 [1:24:40<4:10:15,  9.98s/it]
                                                      
{'loss': '1.039', 'grad_norm': '0.5885', 'learning_rate': '1e-06', 'epoch': '7.873'}

 25%|██▍       | 496/2000 [1:24:40<4:10:15,  9.98s/it]
 25%|██▍       | 497/2000 [1:24:50<4:09:14,  9.95s/it]
                                                      
{'loss': '0.9602', 'grad_norm': '0.7895', 'learning_rate': '1e-06', 'epoch': '7.889'}

 25%|██▍       | 497/2000 [1:24:50<4:09:14,  9.95s/it]
 25%|██▍       | 498/2000 [1:25:00<4:07:18,  9.88s/it]
                                                      
{'loss': '1.038', 'grad_norm': '0.7114', 'learning_rate': '1e-06', 'epoch': '7.905'}

 25%|██▍       | 498/2000 [1:25:00<4:07:18,  9.88s/it]
 25%|██▍       | 499/2000 [1:25:10<4:08:09,  9.92s/it]
                                                      
{'loss': '0.8683', 'grad_norm': '0.391', 'learning_rate': '1e-06', 'epoch': '7.921'}

 25%|██▍       | 499/2000 [1:25:10<4:08:09,  9.92s/it]
 25%|██▌       | 500/2000 [1:25:20<4:11:22, 10.05s/it]
                                                      
{'loss': '1.054', 'grad_norm': '0.4942', 'learning_rate': '1e-06', 'epoch': '7.937'}

 25%|██▌       | 500/2000 [1:25:20<4:11:22, 10.05s/it]
 25%|██▌       | 501/2000 [1:25:30<4:10:29, 10.03s/it]
                                                      
{'loss': '0.957', 'grad_norm': '0.3902', 'learning_rate': '1e-06', 'epoch': '7.952'}

 25%|██▌       | 501/2000 [1:25:30<4:10:29, 10.03s/it]
 25%|██▌       | 502/2000 [1:25:40<4:09:51, 10.01s/it]
                                                      
{'loss': '1.101', 'grad_norm': '0.5725', 'learning_rate': '1e-06', 'epoch': '7.968'}

 25%|██▌       | 502/2000 [1:25:40<4:09:51, 10.01s/it]
 25%|██▌       | 503/2000 [1:25:51<4:14:39, 10.21s/it]
                                                      
{'loss': '1.174', 'grad_norm': '0.5863', 'learning_rate': '1e-06', 'epoch': '7.984'}

 25%|██▌       | 503/2000 [1:25:51<4:14:39, 10.21s/it]
 25%|██▌       | 504/2000 [1:26:01<4:12:53, 10.14s/it]
                                                      
{'loss': '1.123', 'grad_norm': '0.6144', 'learning_rate': '1e-06', 'epoch': '8'}

 25%|██▌       | 504/2000 [1:26:01<4:12:53, 10.14s/it]
 25%|██▌       | 505/2000 [1:26:13<4:26:17, 10.69s/it]
                                                      
{'loss': '0.905', 'grad_norm': '0.727', 'learning_rate': '1e-06', 'epoch': '8.016'}

 25%|██▌       | 505/2000 [1:26:13<4:26:17, 10.69s/it]
 25%|██▌       | 506/2000 [1:26:23<4:20:45, 10.47s/it]
                                                      
{'loss': '0.9402', 'grad_norm': '0.393', 'learning_rate': '1e-06', 'epoch': '8.032'}

 25%|██▌       | 506/2000 [1:26:23<4:20:45, 10.47s/it]
 25%|██▌       | 507/2000 [1:26:33<4:16:32, 10.31s/it]
                                                      
{'loss': '1.043', 'grad_norm': '0.5631', 'learning_rate': '1e-06', 'epoch': '8.048'}

 25%|██▌       | 507/2000 [1:26:33<4:16:32, 10.31s/it]
 25%|██▌       | 508/2000 [1:26:44<4:20:48, 10.49s/it]
                                                      
{'loss': '0.9578', 'grad_norm': '0.6323', 'learning_rate': '1e-06', 'epoch': '8.063'}

 25%|██▌       | 508/2000 [1:26:44<4:20:48, 10.49s/it]
 25%|██▌       | 509/2000 [1:26:53<4:15:48, 10.29s/it]
                                                      
{'loss': '1.108', 'grad_norm': '0.5534', 'learning_rate': '1e-06', 'epoch': '8.079'}

 26%|██▌       | 510/2000 [1:27:04<4:14:38, 10.25s/it]
                                                      
{'loss': '1.193', 'grad_norm': '0.5021', 'learning_rate': '1e-06', 'epoch': '8.095'}

 26%|██▌       | 510/2000 [1:27:04<4:14:38, 10.25s/it]
 26%|██▌       | 511/2000 [1:27:14<4:17:19, 10.37s/it]
                                                      
{'loss': '1.056', 'grad_norm': '0.8518', 'learning_rate': '1e-06', 'epoch': '8.111'}

 26%|██▌       | 511/2000 [1:27:14<4:17:19, 10.37s/it]
 26%|██▌       | 512/2000 [1:27:24<4:14:38, 10.27s/it]
                                                      
{'loss': '1.04', 'grad_norm': '0.696', 'learning_rate': '1e-06', 'epoch': '8.127'}

 26%|██▌       | 512/2000 [1:27:24<4:14:38, 10.27s/it]
 26%|██▌       | 513/2000 [1:27:33<4:07:24,  9.98s/it]
                                                      
{'loss': '0.8936', 'grad_norm': '0.4961', 'learning_rate': '1e-06', 'epoch': '8.143'}

 26%|██▌       | 513/2000 [1:27:34<4:07:24,  9.98s/it]
 26%|██▌       | 514/2000 [1:27:45<4:15:50, 10.33s/it]
                                                      
{'loss': '0.9351', 'grad_norm': '0.3222', 'learning_rate': '1e-06', 'epoch': '8.159'}

 26%|██▌       | 514/2000 [1:27:45<4:15:50, 10.33s/it]
 26%|██▌       | 515/2000 [1:27:54<4:09:28, 10.08s/it]
                                                      
{'loss': '1.098', 'grad_norm': '0.7106', 'learning_rate': '1e-06', 'epoch': '8.175'}

 26%|██▌       | 515/2000 [1:27:54<4:09:28, 10.08s/it]
 26%|██▌       | 516/2000 [1:28:04<4:08:49, 10.06s/it]
                                                      
{'loss': '0.9572', 'grad_norm': '0.6075', 'learning_rate': '1e-06', 'epoch': '8.19'}

 26%|██▌       | 516/2000 [1:28:04<4:08:49, 10.06s/it]
 26%|██▌       | 517/2000 [1:28:14<4:09:34, 10.10s/it]
                                                      
{'loss': '1.016', 'grad_norm': '0.6012', 'learning_rate': '1e-06', 'epoch': '8.206'}

 26%|██▌       | 517/2000 [1:28:14<4:09:34, 10.10s/it]
 26%|██▌       | 518/2000 [1:28:24<4:04:44,  9.91s/it]
                                                      
{'loss': '1.034', 'grad_norm': '0.6858', 'learning_rate': '1e-06', 'epoch': '8.222'}

 26%|██▌       | 518/2000 [1:28:24<4:04:44,  9.91s/it]
 26%|██▌       | 519/2000 [1:28:34<4:09:40, 10.12s/it]
                                                      
{'loss': '1.011', 'grad_norm': '0.3613', 'learning_rate': '1e-06', 'epoch': '8.238'}

 26%|██▌       | 519/2000 [1:28:34<4:09:40, 10.12s/it]
 26%|██▌       | 520/2000 [1:28:44<4:03:29,  9.87s/it]
                                                      
{'loss': '0.9779', 'grad_norm': '0.6921', 'learning_rate': '1e-06', 'epoch': '8.254'}

 26%|██▌       | 520/2000 [1:28:44<4:03:29,  9.87s/it]
 26%|██▌       | 521/2000 [1:28:54<4:09:06, 10.11s/it]
                                                      
{'loss': '1.047', 'grad_norm': '0.5294', 'learning_rate': '1e-06', 'epoch': '8.27'}

 26%|██▌       | 521/2000 [1:28:54<4:09:06, 10.11s/it]
 26%|██▌       | 522/2000 [1:29:05<4:11:47, 10.22s/it]
                                                      
{'loss': '1.024', 'grad_norm': '0.3685', 'learning_rate': '1e-06', 'epoch': '8.286'}

 26%|██▌       | 522/2000 [1:29:05<4:11:47, 10.22s/it]
 26%|██▌       | 523/2000 [1:29:14<4:05:49,  9.99s/it]
                                                      
{'loss': '0.9276', 'grad_norm': '0.5847', 'learning_rate': '1e-06', 'epoch': '8.302'}

 26%|██▌       | 523/2000 [1:29:14<4:05:49,  9.99s/it]
 26%|██▌       | 524/2000 [1:29:25<4:09:01, 10.12s/it]
                                                      
{'loss': '1.029', 'grad_norm': '0.37', 'learning_rate': '1e-06', 'epoch': '8.317'}

 26%|██▌       | 524/2000 [1:29:25<4:09:01, 10.12s/it]
 26%|██▋       | 525/2000 [1:29:35<4:09:53, 10.17s/it]
                                                      
{'loss': '1.035', 'grad_norm': '0.4932', 'learning_rate': '1e-06', 'epoch': '8.333'}

 26%|██▋       | 526/2000 [1:29:45<4:08:31, 10.12s/it]
                                                      
{'loss': '1.059', 'grad_norm': '0.5829', 'learning_rate': '1e-06', 'epoch': '8.349'}

 26%|██▋       | 526/2000 [1:29:45<4:08:31, 10.12s/it]
 26%|██▋       | 527/2000 [1:29:54<4:03:18,  9.91s/it]
                                                      
{'loss': '1.011', 'grad_norm': '0.6289', 'learning_rate': '1e-06', 'epoch': '8.365'}

 26%|██▋       | 527/2000 [1:29:54<4:03:18,  9.91s/it]
 26%|██▋       | 528/2000 [1:30:04<4:03:40,  9.93s/it]
                                                      
{'loss': '1.076', 'grad_norm': '0.6578', 'learning_rate': '1e-06', 'epoch': '8.381'}

 26%|██▋       | 528/2000 [1:30:04<4:03:40,  9.93s/it]
 26%|██▋       | 529/2000 [1:30:14<4:01:30,  9.85s/it]
                                                      
{'loss': '0.9514', 'grad_norm': '0.5102', 'learning_rate': '1e-06', 'epoch': '8.397'}

 26%|██▋       | 530/2000 [1:30:25<4:11:10, 10.25s/it]
                                                      
{'loss': '0.9738', 'grad_norm': '0.6976', 'learning_rate': '1e-06', 'epoch': '8.413'}

 26%|██▋       | 530/2000 [1:30:25<4:11:10, 10.25s/it]
 27%|██▋       | 531/2000 [1:30:34<4:01:43,  9.87s/it]
                                                      
{'loss': '1.461', 'grad_norm': '1.566', 'learning_rate': '1e-06', 'epoch': '8.429'}

 27%|██▋       | 531/2000 [1:30:34<4:01:43,  9.87s/it]
 27%|██▋       | 532/2000 [1:30:45<4:11:15, 10.27s/it]
                                                      
{'loss': '0.9506', 'grad_norm': '0.3797', 'learning_rate': '1e-06', 'epoch': '8.444'}

 27%|██▋       | 532/2000 [1:30:45<4:11:15, 10.27s/it]
 27%|██▋       | 533/2000 [1:30:55<4:08:57, 10.18s/it]
                                                      
{'loss': '0.9413', 'grad_norm': '0.4942', 'learning_rate': '1e-06', 'epoch': '8.46'}

 27%|██▋       | 533/2000 [1:30:55<4:08:57, 10.18s/it]
 27%|██▋       | 534/2000 [1:31:06<4:08:49, 10.18s/it]
                                                      
{'loss': '1.225', 'grad_norm': '0.7906', 'learning_rate': '1e-06', 'epoch': '8.476'}

 27%|██▋       | 534/2000 [1:31:06<4:08:49, 10.18s/it]
 27%|██▋       | 535/2000 [1:31:16<4:11:58, 10.32s/it]
                                                      
{'loss': '0.9639', 'grad_norm': '0.7187', 'learning_rate': '1e-06', 'epoch': '8.492'}

 27%|██▋       | 535/2000 [1:31:16<4:11:58, 10.32s/it]
 27%|██▋       | 536/2000 [1:31:25<4:02:49,  9.95s/it]
                                                      
{'loss': '0.8562', 'grad_norm': '0.7439', 'learning_rate': '1e-06', 'epoch': '8.508'}

 27%|██▋       | 536/2000 [1:31:25<4:02:49,  9.95s/it]
 27%|██▋       | 537/2000 [1:31:35<4:04:09, 10.01s/it]
                                                      
{'loss': '0.929', 'grad_norm': '0.8867', 'learning_rate': '1e-06', 'epoch': '8.524'}

 27%|██▋       | 537/2000 [1:31:36<4:04:09, 10.01s/it]
 27%|██▋       | 538/2000 [1:31:46<4:07:16, 10.15s/it]
                                                      
{'loss': '0.9622', 'grad_norm': '0.6919', 'learning_rate': '1e-06', 'epoch': '8.54'}

 27%|██▋       | 538/2000 [1:31:46<4:07:16, 10.15s/it]
 27%|██▋       | 539/2000 [1:31:55<3:58:40,  9.80s/it]
                                                      
{'loss': '0.9248', 'grad_norm': '0.5068', 'learning_rate': '1e-06', 'epoch': '8.556'}

 27%|██▋       | 539/2000 [1:31:55<3:58:40,  9.80s/it]
 27%|██▋       | 540/2000 [1:32:06<4:04:01, 10.03s/it]
                                                      
{'loss': '1.179', 'grad_norm': '0.4623', 'learning_rate': '1e-06', 'epoch': '8.571'}

 27%|██▋       | 540/2000 [1:32:06<4:04:01, 10.03s/it]
 27%|██▋       | 541/2000 [1:32:15<4:00:34,  9.89s/it]
                                                      
{'loss': '1.032', 'grad_norm': '0.7859', 'learning_rate': '1e-06', 'epoch': '8.587'}

 27%|██▋       | 541/2000 [1:32:15<4:00:34,  9.89s/it]
 27%|██▋       | 542/2000 [1:32:24<3:56:05,  9.72s/it]
                                                      
{'loss': '0.9641', 'grad_norm': '0.6051', 'learning_rate': '1e-06', 'epoch': '8.603'}

 27%|██▋       | 542/2000 [1:32:24<3:56:05,  9.72s/it]
 27%|██▋       | 543/2000 [1:32:35<4:01:45,  9.96s/it]
                                                      
{'loss': '0.9301', 'grad_norm': '0.5468', 'learning_rate': '1e-06', 'epoch': '8.619'}

 27%|██▋       | 543/2000 [1:32:35<4:01:45,  9.96s/it]
 27%|██▋       | 544/2000 [1:32:45<4:01:50,  9.97s/it]
                                                      
{'loss': '0.9413', 'grad_norm': '0.7184', 'learning_rate': '1e-06', 'epoch': '8.635'}

 27%|██▋       | 544/2000 [1:32:45<4:01:50,  9.97s/it]
 27%|██▋       | 545/2000 [1:32:55<4:02:11,  9.99s/it]
                                                      
{'loss': '0.9501', 'grad_norm': '0.2958', 'learning_rate': '1e-06', 'epoch': '8.651'}

 27%|██▋       | 545/2000 [1:32:55<4:02:11,  9.99s/it]
 27%|██▋       | 546/2000 [1:33:05<3:59:52,  9.90s/it]
                                                      
{'loss': '1.166', 'grad_norm': '0.5099', 'learning_rate': '1e-06', 'epoch': '8.667'}

 27%|██▋       | 546/2000 [1:33:05<3:59:52,  9.90s/it]
 27%|██▋       | 547/2000 [1:33:15<4:04:01, 10.08s/it]
                                                      
{'loss': '1.183', 'grad_norm': '0.7396', 'learning_rate': '1e-06', 'epoch': '8.683'}

 27%|██▋       | 547/2000 [1:33:15<4:04:01, 10.08s/it]
 27%|██▋       | 548/2000 [1:33:24<3:58:50,  9.87s/it]
                                                      
{'loss': '1.126', 'grad_norm': '0.6153', 'learning_rate': '1e-06', 'epoch': '8.698'}

 27%|██▋       | 548/2000 [1:33:25<3:58:50,  9.87s/it]
 27%|██▋       | 549/2000 [1:33:35<4:02:06, 10.01s/it]
                                                      
{'loss': '1.101', 'grad_norm': '0.3373', 'learning_rate': '1e-06', 'epoch': '8.714'}

 27%|██▋       | 549/2000 [1:33:35<4:02:06, 10.01s/it]
 28%|██▊       | 550/2000 [1:33:46<4:07:35, 10.25s/it]
                                                      
{'loss': '0.9423', 'grad_norm': '0.3482', 'learning_rate': '1e-06', 'epoch': '8.73'}

 28%|██▊       | 550/2000 [1:33:46<4:07:35, 10.25s/it]
 28%|██▊       | 551/2000 [1:33:55<4:01:04,  9.98s/it]
                                                      
{'loss': '1.168', 'grad_norm': '0.4703', 'learning_rate': '1e-06', 'epoch': '8.746'}

 28%|██▊       | 551/2000 [1:33:55<4:01:04,  9.98s/it]
 28%|██▊       | 552/2000 [1:34:04<3:53:30,  9.68s/it]
                                                      
{'loss': '1.158', 'grad_norm': '1.389', 'learning_rate': '1e-06', 'epoch': '8.762'}

 28%|██▊       | 552/2000 [1:34:04<3:53:30,  9.68s/it]
 28%|██▊       | 553/2000 [1:34:14<3:56:31,  9.81s/it]
                                                      
{'loss': '1.037', 'grad_norm': '0.4051', 'learning_rate': '1e-06', 'epoch': '8.778'}

 28%|██▊       | 553/2000 [1:34:14<3:56:31,  9.81s/it]
 28%|██▊       | 554/2000 [1:34:24<3:57:23,  9.85s/it]
                                                      
{'loss': '1.299', 'grad_norm': '0.7631', 'learning_rate': '1e-06', 'epoch': '8.794'}

 28%|██▊       | 554/2000 [1:34:24<3:57:23,  9.85s/it]
 28%|██▊       | 555/2000 [1:34:35<4:01:51, 10.04s/it]
                                                      
{'loss': '1.102', 'grad_norm': '0.5287', 'learning_rate': '1e-06', 'epoch': '8.81'}

 28%|██▊       | 555/2000 [1:34:35<4:01:51, 10.04s/it]
 28%|██▊       | 556/2000 [1:34:44<3:58:30,  9.91s/it]
                                                      
{'loss': '1.037', 'grad_norm': '0.6211', 'learning_rate': '1e-06', 'epoch': '8.825'}

 28%|██▊       | 556/2000 [1:34:44<3:58:30,  9.91s/it]
 28%|██▊       | 557/2000 [1:34:54<3:56:43,  9.84s/it]
                                                      
{'loss': '0.9626', 'grad_norm': '0.6531', 'learning_rate': '1e-06', 'epoch': '8.841'}

 28%|██▊       | 557/2000 [1:34:54<3:56:43,  9.84s/it]
 28%|██▊       | 558/2000 [1:35:04<3:57:35,  9.89s/it]
                                                      
{'loss': '1.191', 'grad_norm': '0.4152', 'learning_rate': '1e-06', 'epoch': '8.857'}

 28%|██▊       | 558/2000 [1:35:04<3:57:35,  9.89s/it]
 28%|██▊       | 559/2000 [1:35:13<3:55:47,  9.82s/it]
                                                      
{'loss': '1.08', 'grad_norm': '0.508', 'learning_rate': '1e-06', 'epoch': '8.873'}

 28%|██▊       | 559/2000 [1:35:13<3:55:47,  9.82s/it]
 28%|██▊       | 560/2000 [1:35:23<3:54:35,  9.77s/it]
                                                      
{'loss': '0.8772', 'grad_norm': '0.6973', 'learning_rate': '1e-06', 'epoch': '8.889'}

 28%|██▊       | 560/2000 [1:35:23<3:54:35,  9.77s/it]
 28%|██▊       | 561/2000 [1:35:34<3:59:45, 10.00s/it]
                                                      
{'loss': '1.049', 'grad_norm': '0.3598', 'learning_rate': '1e-06', 'epoch': '8.905'}

 28%|██▊       | 561/2000 [1:35:34<3:59:45, 10.00s/it]
 28%|██▊       | 562/2000 [1:35:44<3:59:08,  9.98s/it]
                                                      
{'loss': '0.9647', 'grad_norm': '0.3988', 'learning_rate': '1e-06', 'epoch': '8.921'}

 28%|██▊       | 562/2000 [1:35:44<3:59:08,  9.98s/it]
 28%|██▊       | 563/2000 [1:35:54<4:01:35, 10.09s/it]
                                                      
{'loss': '0.9037', 'grad_norm': '0.6523', 'learning_rate': '1e-06', 'epoch': '8.937'}

 28%|██▊       | 563/2000 [1:35:54<4:01:35, 10.09s/it]
 28%|██▊       | 564/2000 [1:36:03<3:55:27,  9.84s/it]
                                                      
{'loss': '1.074', 'grad_norm': '0.4933', 'learning_rate': '1e-06', 'epoch': '8.952'}

 28%|██▊       | 564/2000 [1:36:03<3:55:27,  9.84s/it]
 28%|██▊       | 565/2000 [1:36:13<3:54:08,  9.79s/it]
                                                      
{'loss': '0.9444', 'grad_norm': '0.5635', 'learning_rate': '1e-06', 'epoch': '8.968'}

 28%|██▊       | 565/2000 [1:36:13<3:54:08,  9.79s/it]
 28%|██▊       | 566/2000 [1:36:23<3:59:17, 10.01s/it]
                                                      
{'loss': '1.026', 'grad_norm': '0.5888', 'learning_rate': '1e-06', 'epoch': '8.984'}

 28%|██▊       | 566/2000 [1:36:23<3:59:17, 10.01s/it]
 28%|██▊       | 567/2000 [1:36:34<4:00:08, 10.06s/it]
                                                      
{'loss': '0.8934', 'grad_norm': '0.5869', 'learning_rate': '1e-06', 'epoch': '9'}

 28%|██▊       | 567/2000 [1:36:34<4:00:08, 10.06s/it]
 28%|██▊       | 568/2000 [1:36:45<4:08:03, 10.39s/it]
                                                      
{'loss': '1.155', 'grad_norm': '0.601', 'learning_rate': '1e-06', 'epoch': '9.016'}

 28%|██▊       | 568/2000 [1:36:45<4:08:03, 10.39s/it]
 28%|██▊       | 569/2000 [1:36:55<4:06:57, 10.35s/it]
                                                      
{'loss': '0.9688', 'grad_norm': '0.8222', 'learning_rate': '1e-06', 'epoch': '9.032'}

 28%|██▊       | 570/2000 [1:37:07<4:21:20, 10.97s/it]
                                                      
{'loss': '1.074', 'grad_norm': '0.3907', 'learning_rate': '1e-06', 'epoch': '9.048'}

 28%|██▊       | 570/2000 [1:37:07<4:21:20, 10.97s/it]
 29%|██▊       | 571/2000 [1:37:18<4:15:43, 10.74s/it]
                                                      
{'loss': '0.9763', 'grad_norm': '0.4218', 'learning_rate': '1e-06', 'epoch': '9.063'}

 29%|██▊       | 571/2000 [1:37:18<4:15:43, 10.74s/it]
 29%|██▊       | 572/2000 [1:37:28<4:11:15, 10.56s/it]
                                                      
{'loss': '0.8954', 'grad_norm': '0.4144', 'learning_rate': '1e-06', 'epoch': '9.079'}

 29%|██▊       | 572/2000 [1:37:28<4:11:15, 10.56s/it]
 29%|██▊       | 573/2000 [1:37:38<4:09:10, 10.48s/it]
                                                      
{'loss': '1.014', 'grad_norm': '0.2712', 'learning_rate': '1e-06', 'epoch': '9.095'}

 29%|██▊       | 573/2000 [1:37:38<4:09:10, 10.48s/it]
 29%|██▊       | 574/2000 [1:37:48<4:07:09, 10.40s/it]
                                                      
{'loss': '0.9539', 'grad_norm': '0.3457', 'learning_rate': '1e-06', 'epoch': '9.111'}

 29%|██▊       | 574/2000 [1:37:48<4:07:09, 10.40s/it]
 29%|██▉       | 575/2000 [1:37:58<3:59:59, 10.11s/it]
                                                      
{'loss': '1.139', 'grad_norm': '0.6436', 'learning_rate': '1e-06', 'epoch': '9.127'}

 29%|██▉       | 575/2000 [1:37:58<3:59:59, 10.11s/it]
 29%|██▉       | 576/2000 [1:38:08<4:01:10, 10.16s/it]
                                                      
{'loss': '0.9261', 'grad_norm': '0.3882', 'learning_rate': '1e-06', 'epoch': '9.143'}

 29%|██▉       | 576/2000 [1:38:08<4:01:10, 10.16s/it]
 29%|██▉       | 577/2000 [1:38:18<4:02:12, 10.21s/it]
                                                      
{'loss': '0.9668', 'grad_norm': '0.4559', 'learning_rate': '1e-06', 'epoch': '9.159'}

 29%|██▉       | 577/2000 [1:38:18<4:02:12, 10.21s/it]
 29%|██▉       | 578/2000 [1:38:28<4:01:39, 10.20s/it]
                                                      
{'loss': '1.045', 'grad_norm': '0.3175', 'learning_rate': '1e-06', 'epoch': '9.175'}

 29%|██▉       | 578/2000 [1:38:28<4:01:39, 10.20s/it]
 29%|██▉       | 579/2000 [1:38:38<3:58:20, 10.06s/it]
                                                      
{'loss': '1.08', 'grad_norm': '0.8024', 'learning_rate': '1e-06', 'epoch': '9.19'}

 29%|██▉       | 579/2000 [1:38:38<3:58:20, 10.06s/it]
 29%|██▉       | 580/2000 [1:38:49<4:04:04, 10.31s/it]
                                                      
{'loss': '0.9539', 'grad_norm': '0.6502', 'learning_rate': '1e-06', 'epoch': '9.206'}

 29%|██▉       | 580/2000 [1:38:49<4:04:04, 10.31s/it]
 29%|██▉       | 581/2000 [1:38:59<4:02:39, 10.26s/it]
                                                      
{'loss': '0.944', 'grad_norm': '0.5466', 'learning_rate': '1e-06', 'epoch': '9.222'}

 29%|██▉       | 581/2000 [1:38:59<4:02:39, 10.26s/it]
 29%|██▉       | 582/2000 [1:39:08<3:54:20,  9.92s/it]
                                                      
{'loss': '0.9755', 'grad_norm': '0.6397', 'learning_rate': '1e-06', 'epoch': '9.238'}

 29%|██▉       | 582/2000 [1:39:08<3:54:20,  9.92s/it]
 29%|██▉       | 583/2000 [1:39:18<3:55:32,  9.97s/it]
                                                      
{'loss': '1.132', 'grad_norm': '0.7376', 'learning_rate': '1e-06', 'epoch': '9.254'}

 29%|██▉       | 583/2000 [1:39:18<3:55:32,  9.97s/it]
 29%|██▉       | 584/2000 [1:39:29<3:58:39, 10.11s/it]
                                                      
{'loss': '1.095', 'grad_norm': '0.3085', 'learning_rate': '1e-06', 'epoch': '9.27'}

 29%|██▉       | 584/2000 [1:39:29<3:58:39, 10.11s/it]
 29%|██▉       | 585/2000 [1:39:39<3:59:43, 10.16s/it]
                                                      
{'loss': '0.9912', 'grad_norm': '0.9484', 'learning_rate': '1e-06', 'epoch': '9.286'}

 29%|██▉       | 585/2000 [1:39:39<3:59:43, 10.16s/it]
 29%|██▉       | 586/2000 [1:39:48<3:52:12,  9.85s/it]
                                                      
{'loss': '1.05', 'grad_norm': '0.7156', 'learning_rate': '1e-06', 'epoch': '9.302'}

 29%|██▉       | 586/2000 [1:39:48<3:52:12,  9.85s/it]
 29%|██▉       | 587/2000 [1:39:59<3:57:34, 10.09s/it]
                                                      
{'loss': '0.9857', 'grad_norm': '0.6367', 'learning_rate': '1e-06', 'epoch': '9.317'}

 29%|██▉       | 587/2000 [1:39:59<3:57:34, 10.09s/it]
 29%|██▉       | 588/2000 [1:40:09<3:54:29,  9.96s/it]
                                                      
{'loss': '1.015', 'grad_norm': '0.5847', 'learning_rate': '1e-06', 'epoch': '9.333'}

 29%|██▉       | 588/2000 [1:40:09<3:54:29,  9.96s/it]
 29%|██▉       | 589/2000 [1:40:19<3:55:09, 10.00s/it]
                                                      
{'loss': '0.8403', 'grad_norm': '0.47', 'learning_rate': '1e-06', 'epoch': '9.349'}

 29%|██▉       | 589/2000 [1:40:19<3:55:09, 10.00s/it]
 30%|██▉       | 590/2000 [1:40:29<3:56:55, 10.08s/it]
                                                      
{'loss': '1.068', 'grad_norm': '0.3463', 'learning_rate': '1e-06', 'epoch': '9.365'}

 30%|██▉       | 590/2000 [1:40:29<3:56:55, 10.08s/it]
 30%|██▉       | 591/2000 [1:40:39<3:56:21, 10.07s/it]
                                                      
{'loss': '1.018', 'grad_norm': '0.5621', 'learning_rate': '1e-06', 'epoch': '9.381'}

 30%|██▉       | 591/2000 [1:40:39<3:56:21, 10.07s/it]
 30%|██▉       | 592/2000 [1:40:49<3:54:28,  9.99s/it]
                                                      
{'loss': '0.7385', 'grad_norm': '0.4048', 'learning_rate': '1e-06', 'epoch': '9.397'}

 30%|██▉       | 592/2000 [1:40:49<3:54:28,  9.99s/it]
 30%|██▉       | 593/2000 [1:41:00<4:00:10, 10.24s/it]
                                                      
{'loss': '1.116', 'grad_norm': '0.268', 'learning_rate': '1e-06', 'epoch': '9.413'}

 30%|██▉       | 593/2000 [1:41:00<4:00:10, 10.24s/it]
 30%|██▉       | 594/2000 [1:41:10<3:58:16, 10.17s/it]
                                                      
{'loss': '0.832', 'grad_norm': '0.3962', 'learning_rate': '1e-06', 'epoch': '9.429'}

 30%|██▉       | 594/2000 [1:41:10<3:58:16, 10.17s/it]
 30%|██▉       | 595/2000 [1:41:19<3:55:44, 10.07s/it]
                                                      
{'loss': '0.8662', 'grad_norm': '0.3709', 'learning_rate': '1e-06', 'epoch': '9.444'}

 30%|██▉       | 595/2000 [1:41:20<3:55:44, 10.07s/it]
 30%|██▉       | 596/2000 [1:41:29<3:54:51, 10.04s/it]
                                                      
{'loss': '1.125', 'grad_norm': '0.4793', 'learning_rate': '1e-06', 'epoch': '9.46'}

 30%|██▉       | 596/2000 [1:41:30<3:54:51, 10.04s/it]
 30%|██▉       | 597/2000 [1:41:39<3:50:24,  9.85s/it]
                                                      
{'loss': '1.112', 'grad_norm': '0.5738', 'learning_rate': '1e-06', 'epoch': '9.476'}

 30%|██▉       | 597/2000 [1:41:39<3:50:24,  9.85s/it]
 30%|██▉       | 598/2000 [1:41:49<3:54:36, 10.04s/it]
                                                      
{'loss': '0.9081', 'grad_norm': '0.7109', 'learning_rate': '1e-06', 'epoch': '9.492'}

 30%|██▉       | 598/2000 [1:41:49<3:54:36, 10.04s/it]
 30%|██▉       | 599/2000 [1:41:59<3:53:40, 10.01s/it]
                                                      
{'loss': '0.9987', 'grad_norm': '0.7135', 'learning_rate': '1e-06', 'epoch': '9.508'}

 30%|██▉       | 599/2000 [1:41:59<3:53:40, 10.01s/it]
 30%|███       | 600/2000 [1:42:09<3:53:05,  9.99s/it]
                                                      
{'loss': '1.053', 'grad_norm': '0.8384', 'learning_rate': '1e-06', 'epoch': '9.524'}

 30%|███       | 600/2000 [1:42:09<3:53:05,  9.99s/it]
 30%|███       | 601/2000 [1:42:19<3:49:38,  9.85s/it]
                                                      
{'loss': '0.8737', 'grad_norm': '0.4697', 'learning_rate': '1e-06', 'epoch': '9.54'}

 30%|███       | 601/2000 [1:42:19<3:49:38,  9.85s/it]
 30%|███       | 602/2000 [1:42:29<3:51:20,  9.93s/it]
                                                      
{'loss': '0.8798', 'grad_norm': '0.4202', 'learning_rate': '1e-06', 'epoch': '9.556'}

 30%|███       | 602/2000 [1:42:29<3:51:20,  9.93s/it]
 30%|███       | 603/2000 [1:42:39<3:53:57, 10.05s/it]
                                                      
{'loss': '1.073', 'grad_norm': '0.8645', 'learning_rate': '1e-06', 'epoch': '9.571'}

 30%|███       | 603/2000 [1:42:39<3:53:57, 10.05s/it]
 30%|███       | 604/2000 [1:42:50<3:57:03, 10.19s/it]
                                                      
{'loss': '1.137', 'grad_norm': '0.9291', 'learning_rate': '1e-06', 'epoch': '9.587'}

 30%|███       | 604/2000 [1:42:50<3:57:03, 10.19s/it]
 30%|███       | 605/2000 [1:42:59<3:53:07, 10.03s/it]
                                                      
{'loss': '1.042', 'grad_norm': '0.7622', 'learning_rate': '1e-06', 'epoch': '9.603'}

 30%|███       | 605/2000 [1:42:59<3:53:07, 10.03s/it]
 30%|███       | 606/2000 [1:43:10<4:00:31, 10.35s/it]
                                                      
{'loss': '1.052', 'grad_norm': '0.3409', 'learning_rate': '1e-06', 'epoch': '9.619'}

 30%|███       | 606/2000 [1:43:10<4:00:31, 10.35s/it]
 30%|███       | 607/2000 [1:43:20<3:56:24, 10.18s/it]
                                                      
{'loss': '0.9692', 'grad_norm': '0.6983', 'learning_rate': '1e-06', 'epoch': '9.635'}

 30%|███       | 607/2000 [1:43:20<3:56:24, 10.18s/it]
 30%|███       | 608/2000 [1:43:30<3:50:31,  9.94s/it]
                                                      
{'loss': '1.059', 'grad_norm': '0.5306', 'learning_rate': '1e-06', 'epoch': '9.651'}

 30%|███       | 608/2000 [1:43:30<3:50:31,  9.94s/it]
 30%|███       | 609/2000 [1:43:40<3:55:41, 10.17s/it]
                                                      
{'loss': '0.9603', 'grad_norm': '0.444', 'learning_rate': '1e-06', 'epoch': '9.667'}

 30%|███       | 609/2000 [1:43:40<3:55:41, 10.17s/it]
 30%|███       | 610/2000 [1:43:50<3:55:28, 10.16s/it]
                                                      
{'loss': '0.9603', 'grad_norm': '0.456', 'learning_rate': '1e-06', 'epoch': '9.683'}

 30%|███       | 610/2000 [1:43:51<3:55:28, 10.16s/it]
 31%|███       | 611/2000 [1:44:00<3:54:17, 10.12s/it]
                                                      
{'loss': '0.9298', 'grad_norm': '0.6237', 'learning_rate': '1e-06', 'epoch': '9.698'}

 31%|███       | 611/2000 [1:44:01<3:54:17, 10.12s/it]
 31%|███       | 612/2000 [1:44:10<3:48:02,  9.86s/it]
                                                      
{'loss': '0.8424', 'grad_norm': '0.5145', 'learning_rate': '1e-06', 'epoch': '9.714'}

 31%|███       | 612/2000 [1:44:10<3:48:02,  9.86s/it]
 31%|███       | 613/2000 [1:44:19<3:43:23,  9.66s/it]
                                                      
{'loss': '0.8647', 'grad_norm': '0.6469', 'learning_rate': '1e-06', 'epoch': '9.73'}

 31%|███       | 613/2000 [1:44:19<3:43:23,  9.66s/it]
 31%|███       | 614/2000 [1:44:29<3:47:25,  9.85s/it]
                                                      
{'loss': '0.9652', 'grad_norm': '0.5177', 'learning_rate': '1e-06', 'epoch': '9.746'}

 31%|███       | 614/2000 [1:44:29<3:47:25,  9.85s/it]
 31%|███       | 615/2000 [1:44:38<3:42:45,  9.65s/it]
                                                      
{'loss': '0.9484', 'grad_norm': '0.646', 'learning_rate': '1e-06', 'epoch': '9.762'}

 31%|███       | 615/2000 [1:44:38<3:42:45,  9.65s/it]
 31%|███       | 616/2000 [1:44:49<3:51:21, 10.03s/it]
                                                      
{'loss': '1.008', 'grad_norm': '0.4935', 'learning_rate': '1e-06', 'epoch': '9.778'}

 31%|███       | 616/2000 [1:44:49<3:51:21, 10.03s/it]
 31%|███       | 617/2000 [1:44:59<3:50:30, 10.00s/it]
                                                      
{'loss': '0.7089', 'grad_norm': '0.4879', 'learning_rate': '1e-06', 'epoch': '9.794'}

 31%|███       | 617/2000 [1:44:59<3:50:30, 10.00s/it]
 31%|███       | 618/2000 [1:45:09<3:46:35,  9.84s/it]
                                                      
{'loss': '0.936', 'grad_norm': '0.4098', 'learning_rate': '1e-06', 'epoch': '9.81'}

 31%|███       | 618/2000 [1:45:09<3:46:35,  9.84s/it]
 31%|███       | 619/2000 [1:45:19<3:47:16,  9.87s/it]
                                                      
{'loss': '0.951', 'grad_norm': '0.7192', 'learning_rate': '1e-06', 'epoch': '9.825'}

 31%|███       | 619/2000 [1:45:19<3:47:16,  9.87s/it]
 31%|███       | 620/2000 [1:45:28<3:40:52,  9.60s/it]
                                                      
{'loss': '1.048', 'grad_norm': '0.6956', 'learning_rate': '1e-06', 'epoch': '9.841'}

 31%|███       | 620/2000 [1:45:28<3:40:52,  9.60s/it]
 31%|███       | 621/2000 [1:45:38<3:48:51,  9.96s/it]
                                                      
{'loss': '1.061', 'grad_norm': '1.471', 'learning_rate': '1e-06', 'epoch': '9.857'}

 31%|███       | 621/2000 [1:45:38<3:48:51,  9.96s/it]
 31%|███       | 622/2000 [1:45:48<3:49:17,  9.98s/it]
                                                      
{'loss': '0.9407', 'grad_norm': '0.3624', 'learning_rate': '1e-06', 'epoch': '9.873'}

 31%|███       | 622/2000 [1:45:48<3:49:17,  9.98s/it]
 31%|███       | 623/2000 [1:45:59<3:49:54, 10.02s/it]
                                                      
{'loss': '0.9996', 'grad_norm': '0.6313', 'learning_rate': '1e-06', 'epoch': '9.889'}

 31%|███       | 623/2000 [1:45:59<3:49:54, 10.02s/it]
 31%|███       | 624/2000 [1:46:08<3:47:15,  9.91s/it]
                                                      
{'loss': '0.9026', 'grad_norm': '0.4281', 'learning_rate': '1e-06', 'epoch': '9.905'}

 31%|███       | 624/2000 [1:46:08<3:47:15,  9.91s/it]
 31%|███▏      | 625/2000 [1:46:18<3:49:30, 10.02s/it]
                                                      
{'loss': '0.9755', 'grad_norm': '0.4385', 'learning_rate': '1e-06', 'epoch': '9.921'}

 31%|███▏      | 625/2000 [1:46:19<3:49:30, 10.02s/it]
 31%|███▏      | 626/2000 [1:46:28<3:49:04, 10.00s/it]
                                                      
{'loss': '1.25', 'grad_norm': '0.5202', 'learning_rate': '1e-06', 'epoch': '9.937'}

 31%|███▏      | 626/2000 [1:46:29<3:49:04, 10.00s/it]
 31%|███▏      | 627/2000 [1:46:40<3:56:19, 10.33s/it]
                                                      
{'loss': '0.8864', 'grad_norm': '0.4854', 'learning_rate': '1e-06', 'epoch': '9.952'}

 31%|███▏      | 627/2000 [1:46:40<3:56:19, 10.33s/it]
 31%|███▏      | 628/2000 [1:46:49<3:52:52, 10.18s/it]
                                                      
{'loss': '1.046', 'grad_norm': '0.5648', 'learning_rate': '1e-06', 'epoch': '9.968'}

 31%|███▏      | 628/2000 [1:46:49<3:52:52, 10.18s/it]
 31%|███▏      | 629/2000 [1:46:59<3:49:32, 10.05s/it]
                                                      
{'loss': '1.056', 'grad_norm': '0.4261', 'learning_rate': '1e-06', 'epoch': '9.984'}

 31%|███▏      | 629/2000 [1:46:59<3:49:32, 10.05s/it]
 32%|███▏      | 630/2000 [1:47:10<3:54:36, 10.27s/it]
                                                      
{'loss': '0.9599', 'grad_norm': '0.4573', 'learning_rate': '1e-06', 'epoch': '10'}

 32%|███▏      | 630/2000 [1:47:10<3:54:36, 10.27s/it]
 32%|███▏      | 631/2000 [1:47:21<3:57:11, 10.40s/it]
                                                      
{'loss': '1.101', 'grad_norm': '0.7713', 'learning_rate': '1e-06', 'epoch': '10.02'}

 32%|███▏      | 631/2000 [1:47:21<3:57:11, 10.40s/it]
 32%|███▏      | 632/2000 [1:47:31<3:59:49, 10.52s/it]
                                                      
{'loss': '1.115', 'grad_norm': '0.335', 'learning_rate': '1e-06', 'epoch': '10.03'}

 32%|███▏      | 632/2000 [1:47:31<3:59:49, 10.52s/it]
 32%|███▏      | 633/2000 [1:47:41<3:53:26, 10.25s/it]
                                                      
{'loss': '0.8582', 'grad_norm': '0.6349', 'learning_rate': '1e-06', 'epoch': '10.05'}

 32%|███▏      | 633/2000 [1:47:41<3:53:26, 10.25s/it]
 32%|███▏      | 634/2000 [1:47:51<3:51:48, 10.18s/it]
                                                      
{'loss': '0.9946', 'grad_norm': '0.3592', 'learning_rate': '1e-06', 'epoch': '10.06'}

 32%|███▏      | 634/2000 [1:47:51<3:51:48, 10.18s/it]
 32%|███▏      | 635/2000 [1:48:01<3:50:36, 10.14s/it]
                                                      
{'loss': '0.9304', 'grad_norm': '0.8014', 'learning_rate': '1e-06', 'epoch': '10.08'}

 32%|███▏      | 635/2000 [1:48:01<3:50:36, 10.14s/it]
 32%|███▏      | 636/2000 [1:48:11<3:49:58, 10.12s/it]
                                                      
{'loss': '1.017', 'grad_norm': '0.4275', 'learning_rate': '1e-06', 'epoch': '10.1'}

 32%|███▏      | 636/2000 [1:48:11<3:49:58, 10.12s/it]
 32%|███▏      | 637/2000 [1:48:21<3:46:56,  9.99s/it]
                                                      
{'loss': '0.9309', 'grad_norm': '0.5246', 'learning_rate': '1e-06', 'epoch': '10.11'}

 32%|███▏      | 637/2000 [1:48:21<3:46:56,  9.99s/it]
 32%|███▏      | 638/2000 [1:48:31<3:49:50, 10.13s/it]
                                                      
{'loss': '0.7816', 'grad_norm': '0.3531', 'learning_rate': '1e-06', 'epoch': '10.13'}

 32%|███▏      | 638/2000 [1:48:31<3:49:50, 10.13s/it]
 32%|███▏      | 639/2000 [1:48:42<3:50:39, 10.17s/it]
                                                      
{'loss': '0.9559', 'grad_norm': '0.4601', 'learning_rate': '1e-06', 'epoch': '10.14'}

 32%|███▏      | 639/2000 [1:48:42<3:50:39, 10.17s/it]
 32%|███▏      | 640/2000 [1:48:51<3:46:25,  9.99s/it]
                                                      
{'loss': '1.068', 'grad_norm': '0.3046', 'learning_rate': '1e-06', 'epoch': '10.16'}

 32%|███▏      | 640/2000 [1:48:51<3:46:25,  9.99s/it]
 32%|███▏      | 641/2000 [1:49:02<3:51:04, 10.20s/it]
                                                      
{'loss': '0.8756', 'grad_norm': '0.6788', 'learning_rate': '1e-06', 'epoch': '10.17'}

 32%|███▏      | 641/2000 [1:49:02<3:51:04, 10.20s/it]
 32%|███▏      | 642/2000 [1:49:12<3:47:37, 10.06s/it]
                                                      
{'loss': '0.8574', 'grad_norm': '0.586', 'learning_rate': '1e-06', 'epoch': '10.19'}

 32%|███▏      | 642/2000 [1:49:12<3:47:37, 10.06s/it]
 32%|███▏      | 643/2000 [1:49:21<3:45:22,  9.97s/it]
                                                      
{'loss': '1.012', 'grad_norm': '0.4708', 'learning_rate': '1e-06', 'epoch': '10.21'}

 32%|███▏      | 643/2000 [1:49:21<3:45:22,  9.97s/it]
 32%|███▏      | 644/2000 [1:49:32<3:47:58, 10.09s/it]
                                                      
{'loss': '1.011', 'grad_norm': '0.6164', 'learning_rate': '1e-06', 'epoch': '10.22'}

 32%|███▏      | 644/2000 [1:49:32<3:47:58, 10.09s/it]
 32%|███▏      | 645/2000 [1:49:42<3:48:02, 10.10s/it]
                                                      
{'loss': '0.8563', 'grad_norm': '0.4127', 'learning_rate': '1e-06', 'epoch': '10.24'}

 32%|███▏      | 645/2000 [1:49:42<3:48:02, 10.10s/it]
 32%|███▏      | 646/2000 [1:49:52<3:47:56, 10.10s/it]
                                                      
{'loss': '1.03', 'grad_norm': '0.6313', 'learning_rate': '1e-06', 'epoch': '10.25'}

 32%|███▏      | 646/2000 [1:49:52<3:47:56, 10.10s/it]
 32%|███▏      | 647/2000 [1:50:02<3:46:14, 10.03s/it]
                                                      
{'loss': '0.9286', 'grad_norm': '0.3639', 'learning_rate': '1e-06', 'epoch': '10.27'}

 32%|███▏      | 647/2000 [1:50:02<3:46:14, 10.03s/it]
 32%|███▏      | 648/2000 [1:50:11<3:43:31,  9.92s/it]
                                                      
{'loss': '0.8533', 'grad_norm': '0.7198', 'learning_rate': '1e-06', 'epoch': '10.29'}

 32%|███▏      | 648/2000 [1:50:11<3:43:31,  9.92s/it]
 32%|███▏      | 649/2000 [1:50:22<3:48:04, 10.13s/it]
                                                      
{'loss': '1.059', 'grad_norm': '0.5492', 'learning_rate': '1e-06', 'epoch': '10.3'}

 32%|███▏      | 649/2000 [1:50:22<3:48:04, 10.13s/it]
 32%|███▎      | 650/2000 [1:50:31<3:41:00,  9.82s/it]
                                                      
{'loss': '1.084', 'grad_norm': '0.7072', 'learning_rate': '1e-06', 'epoch': '10.32'}

 32%|███▎      | 650/2000 [1:50:31<3:41:00,  9.82s/it]
 33%|███▎      | 651/2000 [1:50:41<3:42:42,  9.91s/it]
                                                      
{'loss': '1.18', 'grad_norm': '0.3144', 'learning_rate': '1e-06', 'epoch': '10.33'}

 33%|███▎      | 651/2000 [1:50:41<3:42:42,  9.91s/it]
 33%|███▎      | 652/2000 [1:50:52<3:47:20, 10.12s/it]
                                                      
{'loss': '0.8467', 'grad_norm': '0.6764', 'learning_rate': '1e-06', 'epoch': '10.35'}

 33%|███▎      | 652/2000 [1:50:52<3:47:20, 10.12s/it]
 33%|███▎      | 653/2000 [1:51:01<3:43:29,  9.96s/it]
                                                      
{'loss': '0.9917', 'grad_norm': '0.5349', 'learning_rate': '1e-06', 'epoch': '10.37'}

 33%|███▎      | 653/2000 [1:51:02<3:43:29,  9.96s/it]
 33%|███▎      | 654/2000 [1:51:12<3:46:10, 10.08s/it]
                                                      
{'loss': '0.8809', 'grad_norm': '0.4866', 'learning_rate': '1e-06', 'epoch': '10.38'}

 33%|███▎      | 654/2000 [1:51:12<3:46:10, 10.08s/it]
 33%|███▎      | 655/2000 [1:51:22<3:48:51, 10.21s/it]
                                                      
{'loss': '0.8591', 'grad_norm': '0.275', 'learning_rate': '1e-06', 'epoch': '10.4'}

 33%|███▎      | 655/2000 [1:51:22<3:48:51, 10.21s/it]
 33%|███▎      | 656/2000 [1:51:32<3:41:53,  9.91s/it]
                                                      
{'loss': '0.7869', 'grad_norm': '0.3946', 'learning_rate': '1e-06', 'epoch': '10.41'}

 33%|███▎      | 657/2000 [1:51:42<3:48:04, 10.19s/it]
                                                      
{'loss': '0.741', 'grad_norm': '0.6003', 'learning_rate': '1e-06', 'epoch': '10.43'}

 33%|███▎      | 657/2000 [1:51:42<3:48:04, 10.19s/it]
 33%|███▎      | 658/2000 [1:51:53<3:48:09, 10.20s/it]
                                                      
{'loss': '0.9416', 'grad_norm': '0.537', 'learning_rate': '1e-06', 'epoch': '10.44'}

 33%|███▎      | 658/2000 [1:51:53<3:48:09, 10.20s/it]
 33%|███▎      | 659/2000 [1:52:03<3:47:37, 10.18s/it]
                                                      
{'loss': '1.1', 'grad_norm': '0.5114', 'learning_rate': '1e-06', 'epoch': '10.46'}

 33%|███▎      | 659/2000 [1:52:03<3:47:37, 10.18s/it]
 33%|███▎      | 660/2000 [1:52:12<3:41:59,  9.94s/it]
                                                      
{'loss': '0.9289', 'grad_norm': '0.5725', 'learning_rate': '1e-06', 'epoch': '10.48'}

 33%|███▎      | 660/2000 [1:52:12<3:41:59,  9.94s/it]
 33%|███▎      | 661/2000 [1:52:22<3:40:18,  9.87s/it]
                                                      
{'loss': '1.063', 'grad_norm': '0.8725', 'learning_rate': '1e-06', 'epoch': '10.49'}

 33%|███▎      | 661/2000 [1:52:22<3:40:18,  9.87s/it]
 33%|███▎      | 662/2000 [1:52:32<3:40:43,  9.90s/it]
                                                      
{'loss': '0.921', 'grad_norm': '0.507', 'learning_rate': '1e-06', 'epoch': '10.51'}

 33%|███▎      | 662/2000 [1:52:32<3:40:43,  9.90s/it]
 33%|███▎      | 663/2000 [1:52:42<3:44:01, 10.05s/it]
                                                      
{'loss': '1.117', 'grad_norm': '0.4363', 'learning_rate': '1e-06', 'epoch': '10.52'}

 33%|███▎      | 663/2000 [1:52:42<3:44:01, 10.05s/it]
 33%|███▎      | 664/2000 [1:52:52<3:38:57,  9.83s/it]
                                                      
{'loss': '1.134', 'grad_norm': '1.136', 'learning_rate': '1e-06', 'epoch': '10.54'}

 33%|███▎      | 664/2000 [1:52:52<3:38:57,  9.83s/it]
 33%|███▎      | 665/2000 [1:53:02<3:42:23, 10.00s/it]
                                                      
{'loss': '0.9366', 'grad_norm': '0.5909', 'learning_rate': '1e-06', 'epoch': '10.56'}

 33%|███▎      | 665/2000 [1:53:02<3:42:23, 10.00s/it]
 33%|███▎      | 666/2000 [1:53:12<3:43:24, 10.05s/it]
                                                      
{'loss': '0.8992', 'grad_norm': '0.3513', 'learning_rate': '1e-06', 'epoch': '10.57'}

 33%|███▎      | 666/2000 [1:53:12<3:43:24, 10.05s/it]
 33%|███▎      | 667/2000 [1:53:22<3:40:02,  9.90s/it]
                                                      
{'loss': '1.07', 'grad_norm': '0.6165', 'learning_rate': '1e-06', 'epoch': '10.59'}

 33%|███▎      | 667/2000 [1:53:22<3:40:02,  9.90s/it]
 33%|███▎      | 668/2000 [1:53:32<3:41:26,  9.97s/it]
                                                      
{'loss': '0.9074', 'grad_norm': '0.4919', 'learning_rate': '1e-06', 'epoch': '10.6'}

 33%|███▎      | 668/2000 [1:53:32<3:41:26,  9.97s/it]
 33%|███▎      | 669/2000 [1:53:41<3:37:17,  9.80s/it]
                                                      
{'loss': '0.8503', 'grad_norm': '0.4572', 'learning_rate': '1e-06', 'epoch': '10.62'}

 33%|███▎      | 669/2000 [1:53:41<3:37:17,  9.80s/it]
 34%|███▎      | 670/2000 [1:53:51<3:39:30,  9.90s/it]
                                                      
{'loss': '0.6563', 'grad_norm': '0.4838', 'learning_rate': '1e-06', 'epoch': '10.63'}

 34%|███▎      | 670/2000 [1:53:51<3:39:30,  9.90s/it]
 34%|███▎      | 671/2000 [1:54:02<3:44:56, 10.16s/it]
                                                      
{'loss': '0.8707', 'grad_norm': '0.5134', 'learning_rate': '1e-06', 'epoch': '10.65'}

 34%|███▎      | 671/2000 [1:54:02<3:44:56, 10.16s/it]
 34%|███▎      | 672/2000 [1:54:11<3:38:53,  9.89s/it]
                                                      
{'loss': '1.073', 'grad_norm': '0.644', 'learning_rate': '1e-06', 'epoch': '10.67'}

 34%|███▎      | 672/2000 [1:54:11<3:38:53,  9.89s/it]
 34%|███▎      | 673/2000 [1:54:22<3:41:56, 10.03s/it]
                                                      
{'loss': '1.069', 'grad_norm': '0.2718', 'learning_rate': '1e-06', 'epoch': '10.68'}

 34%|███▎      | 673/2000 [1:54:22<3:41:56, 10.03s/it]
 34%|███▎      | 674/2000 [1:54:32<3:42:29, 10.07s/it]
                                                      
{'loss': '1.031', 'grad_norm': '0.3507', 'learning_rate': '1e-06', 'epoch': '10.7'}

 34%|███▎      | 674/2000 [1:54:32<3:42:29, 10.07s/it]
 34%|███▍      | 675/2000 [1:54:42<3:41:58, 10.05s/it]
                                                      
{'loss': '1.02', 'grad_norm': '0.3413', 'learning_rate': '1e-06', 'epoch': '10.71'}

 34%|███▍      | 675/2000 [1:54:42<3:41:58, 10.05s/it]
 34%|███▍      | 676/2000 [1:54:52<3:42:38, 10.09s/it]
                                                      
{'loss': '0.8781', 'grad_norm': '0.5148', 'learning_rate': '1e-06', 'epoch': '10.73'}

 34%|███▍      | 676/2000 [1:54:52<3:42:38, 10.09s/it]
 34%|███▍      | 677/2000 [1:55:02<3:42:19, 10.08s/it]
                                                      
{'loss': '0.9327', 'grad_norm': '0.4058', 'learning_rate': '1e-06', 'epoch': '10.75'}

 34%|███▍      | 677/2000 [1:55:02<3:42:19, 10.08s/it]
 34%|███▍      | 678/2000 [1:55:12<3:42:25, 10.09s/it]
                                                      
{'loss': '0.8936', 'grad_norm': '0.5945', 'learning_rate': '1e-06', 'epoch': '10.76'}

 34%|███▍      | 678/2000 [1:55:12<3:42:25, 10.09s/it]
 34%|███▍      | 679/2000 [1:55:22<3:41:09, 10.05s/it]
                                                      
{'loss': '0.749', 'grad_norm': '0.2697', 'learning_rate': '1e-06', 'epoch': '10.78'}

 34%|███▍      | 679/2000 [1:55:22<3:41:09, 10.05s/it]
 34%|███▍      | 680/2000 [1:55:33<3:43:44, 10.17s/it]
                                                      
{'loss': '0.9438', 'grad_norm': '0.294', 'learning_rate': '1e-06', 'epoch': '10.79'}

 34%|███▍      | 680/2000 [1:55:33<3:43:44, 10.17s/it]
 34%|███▍      | 681/2000 [1:55:42<3:40:53, 10.05s/it]
                                                      
{'loss': '0.8549', 'grad_norm': '0.2421', 'learning_rate': '1e-06', 'epoch': '10.81'}

 34%|███▍      | 681/2000 [1:55:42<3:40:53, 10.05s/it]
 34%|███▍      | 682/2000 [1:55:53<3:42:45, 10.14s/it]
                                                      
{'loss': '1.059', 'grad_norm': '0.3004', 'learning_rate': '1e-06', 'epoch': '10.83'}

 34%|███▍      | 682/2000 [1:55:53<3:42:45, 10.14s/it]
 34%|███▍      | 683/2000 [1:56:02<3:39:37, 10.01s/it]
                                                      
{'loss': '1.013', 'grad_norm': '0.4669', 'learning_rate': '1e-06', 'epoch': '10.84'}

 34%|███▍      | 683/2000 [1:56:02<3:39:37, 10.01s/it]
 34%|███▍      | 684/2000 [1:56:12<3:38:26,  9.96s/it]
                                                      
{'loss': '0.8865', 'grad_norm': '0.356', 'learning_rate': '1e-06', 'epoch': '10.86'}

 34%|███▍      | 684/2000 [1:56:12<3:38:26,  9.96s/it]
 34%|███▍      | 685/2000 [1:56:22<3:33:55,  9.76s/it]
                                                      
{'loss': '0.9099', 'grad_norm': '0.532', 'learning_rate': '1e-06', 'epoch': '10.87'}

 34%|███▍      | 685/2000 [1:56:22<3:33:55,  9.76s/it]
 34%|███▍      | 686/2000 [1:56:32<3:36:27,  9.88s/it]
                                                      
{'loss': '0.9323', 'grad_norm': '0.5704', 'learning_rate': '1e-06', 'epoch': '10.89'}

 34%|███▍      | 686/2000 [1:56:32<3:36:27,  9.88s/it]
 34%|███▍      | 687/2000 [1:56:41<3:32:43,  9.72s/it]
                                                      
{'loss': '0.8071', 'grad_norm': '0.4007', 'learning_rate': '1e-06', 'epoch': '10.9'}

 34%|███▍      | 687/2000 [1:56:41<3:32:43,  9.72s/it]
 34%|███▍      | 688/2000 [1:56:52<3:37:51,  9.96s/it]
                                                      
{'loss': '1.103', 'grad_norm': '0.7536', 'learning_rate': '1e-06', 'epoch': '10.92'}

 34%|███▍      | 688/2000 [1:56:52<3:37:51,  9.96s/it]
 34%|███▍      | 689/2000 [1:57:01<3:35:11,  9.85s/it]
                                                      
{'loss': '0.95', 'grad_norm': '0.2484', 'learning_rate': '1e-06', 'epoch': '10.94'}

 34%|███▍      | 689/2000 [1:57:01<3:35:11,  9.85s/it]
 34%|███▍      | 690/2000 [1:57:12<3:39:34, 10.06s/it]
                                                      
{'loss': '0.821', 'grad_norm': '0.2498', 'learning_rate': '1e-06', 'epoch': '10.95'}

 34%|███▍      | 690/2000 [1:57:12<3:39:34, 10.06s/it]
 35%|███▍      | 691/2000 [1:57:23<3:45:06, 10.32s/it]
                                                      
{'loss': '0.8956', 'grad_norm': '0.4149', 'learning_rate': '1e-06', 'epoch': '10.97'}

 35%|███▍      | 691/2000 [1:57:23<3:45:06, 10.32s/it]
 35%|███▍      | 692/2000 [1:57:32<3:41:38, 10.17s/it]
                                                      
{'loss': '1.204', 'grad_norm': '0.4416', 'learning_rate': '1e-06', 'epoch': '10.98'}

 35%|███▍      | 692/2000 [1:57:33<3:41:38, 10.17s/it]
 35%|███▍      | 693/2000 [1:57:43<3:43:36, 10.27s/it]
                                                      
{'loss': '0.8597', 'grad_norm': '0.4874', 'learning_rate': '1e-06', 'epoch': '11'}

 35%|███▍      | 693/2000 [1:57:43<3:43:36, 10.27s/it]
 35%|███▍      | 694/2000 [1:57:55<3:52:46, 10.69s/it]
                                                      
{'loss': '0.9786', 'grad_norm': '0.3753', 'learning_rate': '1e-06', 'epoch': '11.02'}

 35%|███▍      | 694/2000 [1:57:55<3:52:46, 10.69s/it]
 35%|███▍      | 695/2000 [1:58:04<3:46:43, 10.42s/it]
                                                      
{'loss': '0.8284', 'grad_norm': '0.3754', 'learning_rate': '1e-06', 'epoch': '11.03'}

 35%|███▍      | 695/2000 [1:58:04<3:46:43, 10.42s/it]
 35%|███▍      | 696/2000 [1:58:15<3:50:09, 10.59s/it]
                                                      
{'loss': '1.008', 'grad_norm': '0.2941', 'learning_rate': '1e-06', 'epoch': '11.05'}

 35%|███▍      | 696/2000 [1:58:15<3:50:09, 10.59s/it]
 35%|███▍      | 697/2000 [1:58:26<3:47:43, 10.49s/it]
                                                      
{'loss': '0.9274', 'grad_norm': '0.5155', 'learning_rate': '1e-06', 'epoch': '11.06'}

 35%|███▍      | 697/2000 [1:58:26<3:47:43, 10.49s/it]
 35%|███▍      | 698/2000 [1:58:36<3:44:08, 10.33s/it]
                                                      
{'loss': '0.9183', 'grad_norm': '0.6227', 'learning_rate': '1e-06', 'epoch': '11.08'}

 35%|███▍      | 698/2000 [1:58:36<3:44:08, 10.33s/it]
 35%|███▍      | 699/2000 [1:58:46<3:45:20, 10.39s/it]
                                                      
{'loss': '1.043', 'grad_norm': '0.3369', 'learning_rate': '1e-06', 'epoch': '11.1'}

 35%|███▍      | 699/2000 [1:58:46<3:45:20, 10.39s/it]
 35%|███▌      | 700/2000 [1:58:56<3:39:10, 10.12s/it]
                                                      
{'loss': '1.018', 'grad_norm': '0.5047', 'learning_rate': '1e-06', 'epoch': '11.11'}

 35%|███▌      | 700/2000 [1:58:56<3:39:10, 10.12s/it]
 35%|███▌      | 701/2000 [1:59:05<3:35:31,  9.96s/it]
                                                      
{'loss': '0.7852', 'grad_norm': '0.5206', 'learning_rate': '1e-06', 'epoch': '11.13'}

 35%|███▌      | 701/2000 [1:59:06<3:35:31,  9.96s/it]
 35%|███▌      | 702/2000 [1:59:15<3:37:15, 10.04s/it]
                                                      
{'loss': '0.844', 'grad_norm': '0.3264', 'learning_rate': '1e-06', 'epoch': '11.14'}

 35%|███▌      | 702/2000 [1:59:16<3:37:15, 10.04s/it]
 35%|███▌      | 703/2000 [1:59:25<3:34:08,  9.91s/it]
                                                      
{'loss': '0.8863', 'grad_norm': '0.3334', 'learning_rate': '1e-06', 'epoch': '11.16'}

 35%|███▌      | 703/2000 [1:59:25<3:34:08,  9.91s/it]
 35%|███▌      | 704/2000 [1:59:35<3:35:29,  9.98s/it]
                                                      
{'loss': '1.009', 'grad_norm': '0.3639', 'learning_rate': '1e-06', 'epoch': '11.17'}

 35%|███▌      | 704/2000 [1:59:35<3:35:29,  9.98s/it]
 35%|███▌      | 705/2000 [1:59:45<3:35:04,  9.96s/it]
                                                      
{'loss': '0.74', 'grad_norm': '0.4906', 'learning_rate': '1e-06', 'epoch': '11.19'}

 35%|███▌      | 705/2000 [1:59:45<3:35:04,  9.96s/it]
 35%|███▌      | 706/2000 [1:59:55<3:36:44, 10.05s/it]
                                                      
{'loss': '1.165', 'grad_norm': '0.5156', 'learning_rate': '1e-06', 'epoch': '11.21'}

 35%|███▌      | 706/2000 [1:59:55<3:36:44, 10.05s/it]
 35%|███▌      | 707/2000 [2:00:05<3:36:00, 10.02s/it]
                                                      
{'loss': '0.9221', 'grad_norm': '0.3414', 'learning_rate': '1e-06', 'epoch': '11.22'}

 35%|███▌      | 707/2000 [2:00:06<3:36:00, 10.02s/it]
 35%|███▌      | 708/2000 [2:00:15<3:34:26,  9.96s/it]
                                                      
{'loss': '1.069', 'grad_norm': '0.3139', 'learning_rate': '1e-06', 'epoch': '11.24'}

 35%|███▌      | 708/2000 [2:00:15<3:34:26,  9.96s/it]
 35%|███▌      | 709/2000 [2:00:25<3:35:59, 10.04s/it]
                                                      
{'loss': '0.9372', 'grad_norm': '0.4057', 'learning_rate': '1e-06', 'epoch': '11.25'}

 35%|███▌      | 709/2000 [2:00:25<3:35:59, 10.04s/it]
 36%|███▌      | 710/2000 [2:00:36<3:37:24, 10.11s/it]
                                                      
{'loss': '1.144', 'grad_norm': '0.5391', 'learning_rate': '1e-06', 'epoch': '11.27'}

 36%|███▌      | 710/2000 [2:00:36<3:37:24, 10.11s/it]
 36%|███▌      | 711/2000 [2:00:45<3:35:23, 10.03s/it]
                                                      
{'loss': '0.7528', 'grad_norm': '0.3109', 'learning_rate': '1e-06', 'epoch': '11.29'}

 36%|███▌      | 711/2000 [2:00:46<3:35:23, 10.03s/it]
 36%|███▌      | 712/2000 [2:00:56<3:38:53, 10.20s/it]
                                                      
{'loss': '1.153', 'grad_norm': '0.3751', 'learning_rate': '1e-06', 'epoch': '11.3'}

 36%|███▌      | 712/2000 [2:00:56<3:38:53, 10.20s/it]
 36%|███▌      | 713/2000 [2:01:05<3:33:29,  9.95s/it]
                                                      
{'loss': '0.743', 'grad_norm': '0.3606', 'learning_rate': '1e-06', 'epoch': '11.32'}

 36%|███▌      | 713/2000 [2:01:05<3:33:29,  9.95s/it]
 36%|███▌      | 714/2000 [2:01:16<3:36:47, 10.11s/it]
                                                      
{'loss': '0.8628', 'grad_norm': '0.4022', 'learning_rate': '1e-06', 'epoch': '11.33'}

 36%|███▌      | 714/2000 [2:01:16<3:36:47, 10.11s/it]
 36%|███▌      | 715/2000 [2:01:25<3:31:09,  9.86s/it]
                                                      
{'loss': '0.9297', 'grad_norm': '0.6384', 'learning_rate': '1e-06', 'epoch': '11.35'}

 36%|███▌      | 715/2000 [2:01:26<3:31:09,  9.86s/it]
 36%|███▌      | 716/2000 [2:01:35<3:31:25,  9.88s/it]
                                                      
{'loss': '0.7504', 'grad_norm': '0.6799', 'learning_rate': '1e-06', 'epoch': '11.37'}

 36%|███▌      | 716/2000 [2:01:35<3:31:25,  9.88s/it]
 36%|███▌      | 717/2000 [2:01:45<3:31:22,  9.89s/it]
                                                      
{'loss': '0.8288', 'grad_norm': '0.4195', 'learning_rate': '1e-06', 'epoch': '11.38'}

 36%|███▌      | 717/2000 [2:01:45<3:31:22,  9.89s/it]
 36%|███▌      | 718/2000 [2:01:54<3:27:17,  9.70s/it]
                                                      
{'loss': '0.9385', 'grad_norm': '0.5779', 'learning_rate': '1e-06', 'epoch': '11.4'}

 36%|███▌      | 718/2000 [2:01:54<3:27:17,  9.70s/it]
 36%|███▌      | 719/2000 [2:02:04<3:29:55,  9.83s/it]
                                                      
{'loss': '1.001', 'grad_norm': '0.5324', 'learning_rate': '1e-06', 'epoch': '11.41'}

 36%|███▌      | 719/2000 [2:02:05<3:29:55,  9.83s/it]
 36%|███▌      | 720/2000 [2:02:15<3:32:03,  9.94s/it]
                                                      
{'loss': '1.094', 'grad_norm': '0.4779', 'learning_rate': '1e-06', 'epoch': '11.43'}

 36%|███▌      | 720/2000 [2:02:15<3:32:03,  9.94s/it]
 36%|███▌      | 721/2000 [2:02:24<3:30:57,  9.90s/it]
                                                      
{'loss': '0.898', 'grad_norm': '0.4369', 'learning_rate': '1e-06', 'epoch': '11.44'}

 36%|███▌      | 721/2000 [2:02:24<3:30:57,  9.90s/it]
 36%|███▌      | 722/2000 [2:02:34<3:29:57,  9.86s/it]
                                                      
{'loss': '0.8065', 'grad_norm': '0.4104', 'learning_rate': '1e-06', 'epoch': '11.46'}

 36%|███▌      | 722/2000 [2:02:34<3:29:57,  9.86s/it]
 36%|███▌      | 723/2000 [2:02:44<3:31:54,  9.96s/it]
                                                      
{'loss': '0.955', 'grad_norm': '0.2742', 'learning_rate': '1e-06', 'epoch': '11.48'}

 36%|███▌      | 723/2000 [2:02:44<3:31:54,  9.96s/it]
 36%|███▌      | 724/2000 [2:02:54<3:27:28,  9.76s/it]
                                                      
{'loss': '0.7466', 'grad_norm': '0.4021', 'learning_rate': '1e-06', 'epoch': '11.49'}

 36%|███▌      | 724/2000 [2:02:54<3:27:28,  9.76s/it]
 36%|███▋      | 725/2000 [2:03:04<3:31:48,  9.97s/it]
                                                      
{'loss': '0.9963', 'grad_norm': '0.5718', 'learning_rate': '1e-06', 'epoch': '11.51'}

 36%|███▋      | 725/2000 [2:03:04<3:31:48,  9.97s/it]
 36%|███▋      | 726/2000 [2:03:13<3:27:10,  9.76s/it]
                                                      
{'loss': '0.8271', 'grad_norm': '0.6808', 'learning_rate': '1e-06', 'epoch': '11.52'}

 36%|███▋      | 726/2000 [2:03:13<3:27:10,  9.76s/it]
 36%|███▋      | 727/2000 [2:03:24<3:30:51,  9.94s/it]
                                                      
{'loss': '0.9937', 'grad_norm': '0.3311', 'learning_rate': '1e-06', 'epoch': '11.54'}

 36%|███▋      | 727/2000 [2:03:24<3:30:51,  9.94s/it]
 36%|███▋      | 728/2000 [2:03:34<3:30:10,  9.91s/it]
                                                      
{'loss': '0.9865', 'grad_norm': '0.3462', 'learning_rate': '1e-06', 'epoch': '11.56'}

 36%|███▋      | 728/2000 [2:03:34<3:30:10,  9.91s/it]
 36%|███▋      | 729/2000 [2:03:44<3:30:00,  9.91s/it]
                                                      
{'loss': '0.9678', 'grad_norm': '0.3377', 'learning_rate': '1e-06', 'epoch': '11.57'}

 36%|███▋      | 729/2000 [2:03:44<3:30:00,  9.91s/it]
 36%|███▋      | 730/2000 [2:03:54<3:33:24, 10.08s/it]
                                                      
{'loss': '0.938', 'grad_norm': '0.3097', 'learning_rate': '1e-06', 'epoch': '11.59'}

 36%|███▋      | 730/2000 [2:03:54<3:33:24, 10.08s/it]
 37%|███▋      | 731/2000 [2:04:04<3:35:02, 10.17s/it]
                                                      
{'loss': '0.875', 'grad_norm': '0.2496', 'learning_rate': '1e-06', 'epoch': '11.6'}

 37%|███▋      | 731/2000 [2:04:04<3:35:02, 10.17s/it]
 37%|███▋      | 732/2000 [2:04:14<3:28:41,  9.88s/it]
                                                      
{'loss': '0.8847', 'grad_norm': '0.3443', 'learning_rate': '1e-06', 'epoch': '11.62'}

 37%|███▋      | 732/2000 [2:04:14<3:28:41,  9.88s/it]
 37%|███▋      | 733/2000 [2:04:25<3:35:50, 10.22s/it]
                                                      
{'loss': '0.9709', 'grad_norm': '0.2188', 'learning_rate': '1e-06', 'epoch': '11.63'}

 37%|███▋      | 733/2000 [2:04:25<3:35:50, 10.22s/it]
 37%|███▋      | 734/2000 [2:04:34<3:29:55,  9.95s/it]
                                                      
{'loss': '0.9068', 'grad_norm': '0.2881', 'learning_rate': '1e-06', 'epoch': '11.65'}

 37%|███▋      | 734/2000 [2:04:34<3:29:55,  9.95s/it]
 37%|███▋      | 735/2000 [2:04:43<3:24:49,  9.71s/it]
                                                      
{'loss': '1.045', 'grad_norm': '0.4337', 'learning_rate': '1e-06', 'epoch': '11.67'}

 37%|███▋      | 735/2000 [2:04:43<3:24:49,  9.71s/it]
 37%|███▋      | 736/2000 [2:04:53<3:26:59,  9.83s/it]
                                                      
{'loss': '0.8266', 'grad_norm': '0.3981', 'learning_rate': '1e-06', 'epoch': '11.68'}

 37%|███▋      | 736/2000 [2:04:53<3:26:59,  9.83s/it]
 37%|███▋      | 737/2000 [2:05:03<3:24:27,  9.71s/it]
                                                      
{'loss': '0.9188', 'grad_norm': '0.4052', 'learning_rate': '1e-06', 'epoch': '11.7'}

 37%|███▋      | 737/2000 [2:05:03<3:24:27,  9.71s/it]
 37%|███▋      | 738/2000 [2:05:13<3:28:59,  9.94s/it]
                                                      
{'loss': '1.043', 'grad_norm': '0.8523', 'learning_rate': '1e-06', 'epoch': '11.71'}

 37%|███▋      | 738/2000 [2:05:13<3:28:59,  9.94s/it]
 37%|███▋      | 739/2000 [2:05:23<3:27:42,  9.88s/it]
                                                      
{'loss': '0.8029', 'grad_norm': '0.2235', 'learning_rate': '1e-06', 'epoch': '11.73'}

 37%|███▋      | 739/2000 [2:05:23<3:27:42,  9.88s/it]
 37%|███▋      | 740/2000 [2:05:33<3:29:00,  9.95s/it]
                                                      
{'loss': '0.9337', 'grad_norm': '0.1745', 'learning_rate': '1e-06', 'epoch': '11.75'}

 37%|███▋      | 740/2000 [2:05:33<3:29:00,  9.95s/it]
 37%|███▋      | 741/2000 [2:05:44<3:34:39, 10.23s/it]
                                                      
{'loss': '0.8888', 'grad_norm': '0.2809', 'learning_rate': '1e-06', 'epoch': '11.76'}

 37%|███▋      | 741/2000 [2:05:44<3:34:39, 10.23s/it]
 37%|███▋      | 742/2000 [2:05:53<3:30:36, 10.05s/it]
                                                      
{'loss': '1.014', 'grad_norm': '0.288', 'learning_rate': '1e-06', 'epoch': '11.78'}

 37%|███▋      | 742/2000 [2:05:53<3:30:36, 10.05s/it]
 37%|███▋      | 743/2000 [2:06:04<3:31:20, 10.09s/it]
                                                      
{'loss': '0.8883', 'grad_norm': '0.2382', 'learning_rate': '1e-06', 'epoch': '11.79'}

 37%|███▋      | 743/2000 [2:06:04<3:31:20, 10.09s/it]
 37%|███▋      | 744/2000 [2:06:14<3:29:57, 10.03s/it]
                                                      
{'loss': '0.8518', 'grad_norm': '0.4115', 'learning_rate': '1e-06', 'epoch': '11.81'}

 37%|███▋      | 744/2000 [2:06:14<3:29:57, 10.03s/it]
 37%|███▋      | 745/2000 [2:06:23<3:28:03,  9.95s/it]
                                                      
{'loss': '0.804', 'grad_norm': '0.3345', 'learning_rate': '1e-06', 'epoch': '11.83'}

 37%|███▋      | 745/2000 [2:06:23<3:28:03,  9.95s/it]
 37%|███▋      | 746/2000 [2:06:33<3:25:25,  9.83s/it]
                                                      
{'loss': '1.125', 'grad_norm': '0.4906', 'learning_rate': '1e-06', 'epoch': '11.84'}

 37%|███▋      | 747/2000 [2:06:43<3:26:38,  9.89s/it]
                                                      
{'loss': '0.7672', 'grad_norm': '0.3346', 'learning_rate': '1e-06', 'epoch': '11.86'}

 37%|███▋      | 747/2000 [2:06:43<3:26:38,  9.89s/it]
 37%|███▋      | 748/2000 [2:06:53<3:27:45,  9.96s/it]
                                                      
{'loss': '0.9526', 'grad_norm': '0.2645', 'learning_rate': '1e-06', 'epoch': '11.87'}

 37%|███▋      | 748/2000 [2:06:53<3:27:45,  9.96s/it]
 37%|███▋      | 749/2000 [2:07:03<3:29:30, 10.05s/it]
                                                      
{'loss': '0.9883', 'grad_norm': '0.4095', 'learning_rate': '1e-06', 'epoch': '11.89'}

 37%|███▋      | 749/2000 [2:07:03<3:29:30, 10.05s/it]
 38%|███▊      | 750/2000 [2:07:14<3:30:44, 10.12s/it]
                                                      
{'loss': '0.8212', 'grad_norm': '0.5164', 'learning_rate': '1e-06', 'epoch': '11.9'}

 38%|███▊      | 750/2000 [2:07:14<3:30:44, 10.12s/it]
 38%|███▊      | 751/2000 [2:07:23<3:29:42, 10.07s/it]
                                                      
{'loss': '0.8243', 'grad_norm': '0.3405', 'learning_rate': '1e-06', 'epoch': '11.92'}

 38%|███▊      | 751/2000 [2:07:24<3:29:42, 10.07s/it]
 38%|███▊      | 752/2000 [2:07:34<3:30:44, 10.13s/it]
                                                      
{'loss': '0.7493', 'grad_norm': '0.4389', 'learning_rate': '1e-06', 'epoch': '11.94'}

 38%|███▊      | 752/2000 [2:07:34<3:30:44, 10.13s/it]
 38%|███▊      | 753/2000 [2:07:44<3:30:35, 10.13s/it]
                                                      
{'loss': '0.875', 'grad_norm': '0.3507', 'learning_rate': '1e-06', 'epoch': '11.95'}

 38%|███▊      | 753/2000 [2:07:44<3:30:35, 10.13s/it]
 38%|███▊      | 754/2000 [2:07:53<3:26:55,  9.96s/it]
                                                      
{'loss': '0.7947', 'grad_norm': '0.2906', 'learning_rate': '1e-06', 'epoch': '11.97'}

 38%|███▊      | 754/2000 [2:07:54<3:26:55,  9.96s/it]
 38%|███▊      | 755/2000 [2:08:04<3:30:22, 10.14s/it]
                                                      
{'loss': '0.789', 'grad_norm': '0.3877', 'learning_rate': '1e-06', 'epoch': '11.98'}

 38%|███▊      | 755/2000 [2:08:04<3:30:22, 10.14s/it]
 38%|███▊      | 756/2000 [2:08:14<3:30:21, 10.15s/it]
                                                      
{'loss': '0.9226', 'grad_norm': '0.2779', 'learning_rate': '1e-06', 'epoch': '12'}

 38%|███▊      | 756/2000 [2:08:14<3:30:21, 10.15s/it]
 38%|███▊      | 757/2000 [2:08:26<3:39:04, 10.57s/it]
                                                      
{'loss': '0.7792', 'grad_norm': '0.4358', 'learning_rate': '1e-06', 'epoch': '12.02'}

 38%|███▊      | 757/2000 [2:08:26<3:39:04, 10.57s/it]
 38%|███▊      | 758/2000 [2:08:36<3:38:07, 10.54s/it]
                                                      
{'loss': '0.9727', 'grad_norm': '0.33', 'learning_rate': '1e-06', 'epoch': '12.03'}

 38%|███▊      | 758/2000 [2:08:36<3:38:07, 10.54s/it]
 38%|███▊      | 759/2000 [2:08:46<3:35:45, 10.43s/it]
                                                      
{'loss': '0.8355', 'grad_norm': '0.2838', 'learning_rate': '1e-06', 'epoch': '12.05'}

 38%|███▊      | 759/2000 [2:08:46<3:35:45, 10.43s/it]
 38%|███▊      | 760/2000 [2:08:56<3:32:31, 10.28s/it]
                                                      
{'loss': '0.7537', 'grad_norm': '0.3189', 'learning_rate': '1e-06', 'epoch': '12.06'}

 38%|███▊      | 760/2000 [2:08:56<3:32:31, 10.28s/it]
 38%|███▊      | 761/2000 [2:09:06<3:26:04,  9.98s/it]
                                                      
{'loss': '1.021', 'grad_norm': '0.3145', 'learning_rate': '1e-06', 'epoch': '12.08'}

 38%|███▊      | 761/2000 [2:09:06<3:26:04,  9.98s/it]
 38%|███▊      | 762/2000 [2:09:16<3:26:56, 10.03s/it]
                                                      
{'loss': '0.8591', 'grad_norm': '0.339', 'learning_rate': '1e-06', 'epoch': '12.1'}

 38%|███▊      | 762/2000 [2:09:16<3:26:56, 10.03s/it]
 38%|███▊      | 763/2000 [2:09:25<3:24:50,  9.94s/it]
                                                      
{'loss': '0.6816', 'grad_norm': '0.3298', 'learning_rate': '1e-06', 'epoch': '12.11'}

 38%|███▊      | 763/2000 [2:09:26<3:24:50,  9.94s/it]
 38%|███▊      | 764/2000 [2:09:36<3:26:23, 10.02s/it]
                                                      
{'loss': '0.9559', 'grad_norm': '0.3913', 'learning_rate': '1e-06', 'epoch': '12.13'}

 38%|███▊      | 764/2000 [2:09:36<3:26:23, 10.02s/it]
 38%|███▊      | 765/2000 [2:09:46<3:29:08, 10.16s/it]
                                                      
{'loss': '0.9017', 'grad_norm': '0.3552', 'learning_rate': '1e-06', 'epoch': '12.14'}

 38%|███▊      | 765/2000 [2:09:46<3:29:08, 10.16s/it]
 38%|███▊      | 766/2000 [2:09:56<3:25:49, 10.01s/it]
                                                      
{'loss': '1.036', 'grad_norm': '0.232', 'learning_rate': '1e-06', 'epoch': '12.16'}

 38%|███▊      | 766/2000 [2:09:56<3:25:49, 10.01s/it]
 38%|███▊      | 767/2000 [2:10:06<3:27:37, 10.10s/it]
                                                      
{'loss': '1.005', 'grad_norm': '0.1889', 'learning_rate': '1e-06', 'epoch': '12.17'}

 38%|███▊      | 767/2000 [2:10:06<3:27:37, 10.10s/it]
 38%|███▊      | 768/2000 [2:10:16<3:28:14, 10.14s/it]
                                                      
{'loss': '0.9928', 'grad_norm': '0.4157', 'learning_rate': '1e-06', 'epoch': '12.19'}

 38%|███▊      | 768/2000 [2:10:16<3:28:14, 10.14s/it]
 38%|███▊      | 769/2000 [2:10:25<3:21:11,  9.81s/it]
                                                      
{'loss': '0.9777', 'grad_norm': '0.2144', 'learning_rate': '1e-06', 'epoch': '12.21'}

 38%|███▊      | 769/2000 [2:10:26<3:21:11,  9.81s/it]
 38%|███▊      | 770/2000 [2:10:36<3:24:34,  9.98s/it]
                                                      
{'loss': '0.9312', 'grad_norm': '0.2661', 'learning_rate': '1e-06', 'epoch': '12.22'}

 38%|███▊      | 770/2000 [2:10:36<3:24:34,  9.98s/it]
 39%|███▊      | 771/2000 [2:10:46<3:27:35, 10.13s/it]
                                                      
{'loss': '0.755', 'grad_norm': '0.2937', 'learning_rate': '1e-06', 'epoch': '12.24'}

 39%|███▊      | 771/2000 [2:10:46<3:27:35, 10.13s/it]
 39%|███▊      | 772/2000 [2:10:56<3:25:35, 10.05s/it]
                                                      
{'loss': '0.9714', 'grad_norm': '1.126', 'learning_rate': '1e-06', 'epoch': '12.25'}

 39%|███▊      | 772/2000 [2:10:56<3:25:35, 10.05s/it]
 39%|███▊      | 773/2000 [2:11:06<3:26:29, 10.10s/it]
                                                      
{'loss': '1.053', 'grad_norm': '0.334', 'learning_rate': '1e-06', 'epoch': '12.27'}

 39%|███▊      | 773/2000 [2:11:06<3:26:29, 10.10s/it]
 39%|███▊      | 774/2000 [2:11:17<3:27:13, 10.14s/it]
                                                      
{'loss': '0.8453', 'grad_norm': '0.4265', 'learning_rate': '1e-06', 'epoch': '12.29'}

 39%|███▊      | 774/2000 [2:11:17<3:27:13, 10.14s/it]
 39%|███▉      | 775/2000 [2:11:26<3:23:17,  9.96s/it]
                                                      
{'loss': '0.8712', 'grad_norm': '0.4092', 'learning_rate': '1e-06', 'epoch': '12.3'}

 39%|███▉      | 775/2000 [2:11:26<3:23:17,  9.96s/it]
 39%|███▉      | 776/2000 [2:11:37<3:27:59, 10.20s/it]
                                                      
{'loss': '0.9414', 'grad_norm': '0.3961', 'learning_rate': '1e-06', 'epoch': '12.32'}

 39%|███▉      | 776/2000 [2:11:37<3:27:59, 10.20s/it]
 39%|███▉      | 777/2000 [2:11:47<3:29:44, 10.29s/it]
                                                      
{'loss': '0.9097', 'grad_norm': '0.2182', 'learning_rate': '1e-06', 'epoch': '12.33'}

 39%|███▉      | 777/2000 [2:11:47<3:29:44, 10.29s/it]
 39%|███▉      | 778/2000 [2:11:57<3:25:08, 10.07s/it]
                                                      
{'loss': '0.9536', 'grad_norm': '0.2935', 'learning_rate': '1e-06', 'epoch': '12.35'}

 39%|███▉      | 778/2000 [2:11:57<3:25:08, 10.07s/it]
 39%|███▉      | 779/2000 [2:12:07<3:26:48, 10.16s/it]
                                                      
{'loss': '0.8855', 'grad_norm': '0.2966', 'learning_rate': '1e-06', 'epoch': '12.37'}

 39%|███▉      | 779/2000 [2:12:07<3:26:48, 10.16s/it]
 39%|███▉      | 780/2000 [2:12:17<3:22:12,  9.94s/it]
                                                      
{'loss': '0.813', 'grad_norm': '0.3891', 'learning_rate': '1e-06', 'epoch': '12.38'}

 39%|███▉      | 780/2000 [2:12:17<3:22:12,  9.94s/it]
 39%|███▉      | 781/2000 [2:12:27<3:23:25, 10.01s/it]
                                                      
{'loss': '0.8161', 'grad_norm': '0.3791', 'learning_rate': '1e-06', 'epoch': '12.4'}

 39%|███▉      | 781/2000 [2:12:27<3:23:25, 10.01s/it]
 39%|███▉      | 782/2000 [2:12:37<3:21:57,  9.95s/it]
                                                      
{'loss': '0.8992', 'grad_norm': '0.3311', 'learning_rate': '1e-06', 'epoch': '12.41'}

 39%|███▉      | 782/2000 [2:12:37<3:21:57,  9.95s/it]
 39%|███▉      | 783/2000 [2:12:47<3:20:59,  9.91s/it]
                                                      
{'loss': '0.9267', 'grad_norm': '0.2572', 'learning_rate': '1e-06', 'epoch': '12.43'}

 39%|███▉      | 783/2000 [2:12:47<3:20:59,  9.91s/it]
 39%|███▉      | 784/2000 [2:12:56<3:18:40,  9.80s/it]
                                                      
{'loss': '0.8523', 'grad_norm': '0.3831', 'learning_rate': '1e-06', 'epoch': '12.44'}

 39%|███▉      | 784/2000 [2:12:56<3:18:40,  9.80s/it]
 39%|███▉      | 785/2000 [2:13:05<3:14:37,  9.61s/it]
                                                      
{'loss': '0.9727', 'grad_norm': '0.333', 'learning_rate': '1e-06', 'epoch': '12.46'}

 39%|███▉      | 785/2000 [2:13:05<3:14:37,  9.61s/it]
 39%|███▉      | 786/2000 [2:13:15<3:16:32,  9.71s/it]
                                                      
{'loss': '1.071', 'grad_norm': '0.3008', 'learning_rate': '1e-06', 'epoch': '12.48'}

 39%|███▉      | 786/2000 [2:13:15<3:16:32,  9.71s/it]
 39%|███▉      | 787/2000 [2:13:26<3:21:44,  9.98s/it]
                                                      
{'loss': '0.841', 'grad_norm': '0.3662', 'learning_rate': '1e-06', 'epoch': '12.49'}

 39%|███▉      | 787/2000 [2:13:26<3:21:44,  9.98s/it]
 39%|███▉      | 788/2000 [2:13:35<3:19:33,  9.88s/it]
                                                      
{'loss': '0.8142', 'grad_norm': '0.2598', 'learning_rate': '1e-06', 'epoch': '12.51'}

 39%|███▉      | 789/2000 [2:13:48<3:38:13, 10.81s/it]
                                                      
{'loss': '0.745', 'grad_norm': '0.2308', 'learning_rate': '1e-06', 'epoch': '12.52'}

 39%|███▉      | 789/2000 [2:13:49<3:38:13, 10.81s/it]
 40%|███▉      | 790/2000 [2:13:59<3:36:48, 10.75s/it]
                                                      
{'loss': '0.9093', 'grad_norm': '0.1621', 'learning_rate': '1e-06', 'epoch': '12.54'}

 40%|███▉      | 790/2000 [2:13:59<3:36:48, 10.75s/it]
 40%|███▉      | 791/2000 [2:14:09<3:30:57, 10.47s/it]
                                                      
{'loss': '0.9149', 'grad_norm': '0.2212', 'learning_rate': '1e-06', 'epoch': '12.56'}

 40%|███▉      | 791/2000 [2:14:09<3:30:57, 10.47s/it]
 40%|███▉      | 792/2000 [2:14:20<3:31:57, 10.53s/it]
                                                      
{'loss': '0.8387', 'grad_norm': '0.3704', 'learning_rate': '1e-06', 'epoch': '12.57'}

 40%|███▉      | 792/2000 [2:14:20<3:31:57, 10.53s/it]
 40%|███▉      | 793/2000 [2:14:29<3:24:31, 10.17s/it]
                                                      
{'loss': '0.8883', 'grad_norm': '0.2552', 'learning_rate': '1e-06', 'epoch': '12.59'}

 40%|███▉      | 793/2000 [2:14:29<3:24:31, 10.17s/it]
 40%|███▉      | 794/2000 [2:14:39<3:23:44, 10.14s/it]
                                                      
{'loss': '0.994', 'grad_norm': '0.2269', 'learning_rate': '1e-06', 'epoch': '12.6'}

 40%|███▉      | 794/2000 [2:14:39<3:23:44, 10.14s/it]
 40%|███▉      | 795/2000 [2:14:49<3:24:43, 10.19s/it]
                                                      
{'loss': '0.8872', 'grad_norm': '0.2437', 'learning_rate': '1e-06', 'epoch': '12.62'}

 40%|███▉      | 795/2000 [2:14:49<3:24:43, 10.19s/it]
 40%|███▉      | 796/2000 [2:14:58<3:15:59,  9.77s/it]
                                                      
{'loss': '0.967', 'grad_norm': '0.4329', 'learning_rate': '1e-06', 'epoch': '12.63'}

 40%|███▉      | 796/2000 [2:14:58<3:15:59,  9.77s/it]
 40%|███▉      | 797/2000 [2:15:08<3:18:27,  9.90s/it]
                                                      
{'loss': '0.9541', 'grad_norm': '0.3159', 'learning_rate': '1e-06', 'epoch': '12.65'}

 40%|███▉      | 797/2000 [2:15:08<3:18:27,  9.90s/it]
 40%|███▉      | 798/2000 [2:15:18<3:18:37,  9.92s/it]
                                                      
{'loss': '0.7402', 'grad_norm': '0.2587', 'learning_rate': '1e-06', 'epoch': '12.67'}

 40%|███▉      | 798/2000 [2:15:18<3:18:37,  9.92s/it]
 40%|███▉      | 799/2000 [2:15:28<3:16:20,  9.81s/it]
                                                      
{'loss': '0.9197', 'grad_norm': '0.3021', 'learning_rate': '1e-06', 'epoch': '12.68'}

 40%|███▉      | 799/2000 [2:15:28<3:16:20,  9.81s/it]
 40%|████      | 800/2000 [2:15:38<3:18:26,  9.92s/it]
                                                      
{'loss': '0.8386', 'grad_norm': '0.3064', 'learning_rate': '1e-06', 'epoch': '12.7'}

 40%|████      | 800/2000 [2:15:38<3:18:26,  9.92s/it]
 40%|████      | 801/2000 [2:15:48<3:19:08,  9.97s/it]
                                                      
{'loss': '0.7602', 'grad_norm': '0.4801', 'learning_rate': '1e-06', 'epoch': '12.71'}

 40%|████      | 801/2000 [2:15:48<3:19:08,  9.97s/it]
 40%|████      | 802/2000 [2:15:57<3:14:44,  9.75s/it]
                                                      
{'loss': '0.9297', 'grad_norm': '0.2752', 'learning_rate': '1e-06', 'epoch': '12.73'}

 40%|████      | 802/2000 [2:15:57<3:14:44,  9.75s/it]
 40%|████      | 803/2000 [2:16:07<3:15:27,  9.80s/it]
                                                      
{'loss': '0.7507', 'grad_norm': '0.4398', 'learning_rate': '1e-06', 'epoch': '12.75'}

 40%|████      | 803/2000 [2:16:07<3:15:27,  9.80s/it]
 40%|████      | 804/2000 [2:16:17<3:15:05,  9.79s/it]
                                                      
{'loss': '0.8811', 'grad_norm': '0.4486', 'learning_rate': '1e-06', 'epoch': '12.76'}

 40%|████      | 804/2000 [2:16:17<3:15:05,  9.79s/it]
 40%|████      | 805/2000 [2:16:28<3:20:44, 10.08s/it]
                                                      
{'loss': '0.8879', 'grad_norm': '0.1931', 'learning_rate': '1e-06', 'epoch': '12.78'}

 40%|████      | 805/2000 [2:16:28<3:20:44, 10.08s/it]
 40%|████      | 806/2000 [2:16:37<3:19:05, 10.00s/it]
                                                      
{'loss': '0.8007', 'grad_norm': '0.2347', 'learning_rate': '1e-06', 'epoch': '12.79'}

 40%|████      | 807/2000 [2:16:47<3:16:08,  9.86s/it]
                                                      
{'loss': '0.8687', 'grad_norm': '0.3634', 'learning_rate': '1e-06', 'epoch': '12.81'}

 40%|████      | 807/2000 [2:16:47<3:16:08,  9.86s/it]
 40%|████      | 808/2000 [2:16:58<3:23:12, 10.23s/it]
                                                      
{'loss': '0.8124', 'grad_norm': '0.2756', 'learning_rate': '1e-06', 'epoch': '12.83'}

 40%|████      | 808/2000 [2:16:58<3:23:12, 10.23s/it]
 40%|████      | 809/2000 [2:17:08<3:19:07, 10.03s/it]
                                                      
{'loss': '0.8207', 'grad_norm': '0.3032', 'learning_rate': '1e-06', 'epoch': '12.84'}

 40%|████      | 809/2000 [2:17:08<3:19:07, 10.03s/it]
 40%|████      | 810/2000 [2:17:19<3:23:43, 10.27s/it]
                                                      
{'loss': '0.8117', 'grad_norm': '0.2997', 'learning_rate': '1e-06', 'epoch': '12.86'}

 40%|████      | 810/2000 [2:17:19<3:23:43, 10.27s/it]
 41%|████      | 811/2000 [2:17:29<3:22:59, 10.24s/it]
                                                      
{'loss': '1.112', 'grad_norm': '0.4619', 'learning_rate': '1e-06', 'epoch': '12.87'}

 41%|████      | 811/2000 [2:17:29<3:22:59, 10.24s/it]
 41%|████      | 812/2000 [2:17:38<3:15:44,  9.89s/it]
                                                      
{'loss': '0.7781', 'grad_norm': '0.2863', 'learning_rate': '1e-06', 'epoch': '12.89'}

 41%|████      | 812/2000 [2:17:38<3:15:44,  9.89s/it]
 41%|████      | 813/2000 [2:17:48<3:20:18, 10.13s/it]
                                                      
{'loss': '1.005', 'grad_norm': '0.2201', 'learning_rate': '1e-06', 'epoch': '12.9'}

 41%|████      | 813/2000 [2:17:49<3:20:18, 10.13s/it]
 41%|████      | 814/2000 [2:17:59<3:20:47, 10.16s/it]
                                                      
{'loss': '0.8579', 'grad_norm': '0.3526', 'learning_rate': '1e-06', 'epoch': '12.92'}

 41%|████      | 814/2000 [2:17:59<3:20:47, 10.16s/it]
 41%|████      | 815/2000 [2:18:08<3:14:29,  9.85s/it]
                                                      
{'loss': '0.7999', 'grad_norm': '0.3766', 'learning_rate': '1e-06', 'epoch': '12.94'}

 41%|████      | 815/2000 [2:18:08<3:14:29,  9.85s/it]
 41%|████      | 816/2000 [2:18:18<3:17:55, 10.03s/it]
                                                      
{'loss': '0.7965', 'grad_norm': '0.2292', 'learning_rate': '1e-06', 'epoch': '12.95'}

 41%|████      | 816/2000 [2:18:18<3:17:55, 10.03s/it]
 41%|████      | 817/2000 [2:18:28<3:15:59,  9.94s/it]
                                                      
{'loss': '1.066', 'grad_norm': '0.3061', 'learning_rate': '1e-06', 'epoch': '12.97'}

 41%|████      | 817/2000 [2:18:28<3:15:59,  9.94s/it]
 41%|████      | 818/2000 [2:18:38<3:14:27,  9.87s/it]
                                                      
{'loss': '0.9533', 'grad_norm': '0.2647', 'learning_rate': '1e-06', 'epoch': '12.98'}

 41%|████      | 818/2000 [2:18:38<3:14:27,  9.87s/it]
 41%|████      | 819/2000 [2:18:49<3:23:47, 10.35s/it]
                                                      
{'loss': '0.7823', 'grad_norm': '0.3498', 'learning_rate': '1e-06', 'epoch': '13'}

 41%|████      | 819/2000 [2:18:49<3:23:47, 10.35s/it]
 41%|████      | 820/2000 [2:19:00<3:23:49, 10.36s/it]
                                                      
{'loss': '0.7452', 'grad_norm': '0.1623', 'learning_rate': '1e-06', 'epoch': '13.02'}

 41%|████      | 820/2000 [2:19:00<3:23:49, 10.36s/it]
 41%|████      | 821/2000 [2:19:10<3:26:13, 10.49s/it]
                                                      
{'loss': '0.8801', 'grad_norm': '0.1819', 'learning_rate': '1e-06', 'epoch': '13.03'}

 41%|████      | 821/2000 [2:19:10<3:26:13, 10.49s/it]
 41%|████      | 822/2000 [2:19:21<3:28:27, 10.62s/it]
                                                      
{'loss': '0.712', 'grad_norm': '0.2104', 'learning_rate': '1e-06', 'epoch': '13.05'}

 41%|████      | 822/2000 [2:19:21<3:28:27, 10.62s/it]
 41%|████      | 823/2000 [2:19:30<3:16:47, 10.03s/it]
                                                      
{'loss': '0.8704', 'grad_norm': '0.2845', 'learning_rate': '1e-06', 'epoch': '13.06'}

 41%|████      | 823/2000 [2:19:30<3:16:47, 10.03s/it]
 41%|████      | 824/2000 [2:19:41<3:20:33, 10.23s/it]
                                                      
{'loss': '0.8305', 'grad_norm': '0.3695', 'learning_rate': '1e-06', 'epoch': '13.08'}

 41%|████      | 824/2000 [2:19:41<3:20:33, 10.23s/it]
 41%|████▏     | 825/2000 [2:19:51<3:20:05, 10.22s/it]
                                                      
{'loss': '0.7939', 'grad_norm': '0.2831', 'learning_rate': '1e-06', 'epoch': '13.1'}

 41%|████▏     | 825/2000 [2:19:51<3:20:05, 10.22s/it]
 41%|████▏     | 826/2000 [2:20:00<3:12:54,  9.86s/it]
                                                      
{'loss': '0.8746', 'grad_norm': '0.2887', 'learning_rate': '1e-06', 'epoch': '13.11'}

 41%|████▏     | 826/2000 [2:20:00<3:12:54,  9.86s/it]
 41%|████▏     | 827/2000 [2:20:11<3:19:46, 10.22s/it]
                                                      
{'loss': '0.8792', 'grad_norm': '0.2617', 'learning_rate': '1e-06', 'epoch': '13.13'}

 41%|████▏     | 827/2000 [2:20:11<3:19:46, 10.22s/it]
 41%|████▏     | 828/2000 [2:20:21<3:16:48, 10.08s/it]
                                                      
{'loss': '0.9921', 'grad_norm': '0.3021', 'learning_rate': '1e-06', 'epoch': '13.14'}

 41%|████▏     | 828/2000 [2:20:21<3:16:48, 10.08s/it]
 41%|████▏     | 829/2000 [2:20:30<3:13:47,  9.93s/it]
                                                      
{'loss': '0.8337', 'grad_norm': '0.2739', 'learning_rate': '1e-06', 'epoch': '13.16'}

 41%|████▏     | 829/2000 [2:20:30<3:13:47,  9.93s/it]
 42%|████▏     | 830/2000 [2:20:41<3:16:45, 10.09s/it]
                                                      
{'loss': '0.9468', 'grad_norm': '0.3275', 'learning_rate': '1e-06', 'epoch': '13.17'}

 42%|████▏     | 830/2000 [2:20:41<3:16:45, 10.09s/it]
 42%|████▏     | 831/2000 [2:20:50<3:09:20,  9.72s/it]
                                                      
{'loss': '0.7519', 'grad_norm': '0.3419', 'learning_rate': '1e-06', 'epoch': '13.19'}

 42%|████▏     | 831/2000 [2:20:50<3:09:20,  9.72s/it]
 42%|████▏     | 832/2000 [2:21:01<3:17:12, 10.13s/it]
                                                      
{'loss': '0.8237', 'grad_norm': '0.2239', 'learning_rate': '1e-06', 'epoch': '13.21'}

 42%|████▏     | 832/2000 [2:21:01<3:17:12, 10.13s/it]
 42%|████▏     | 833/2000 [2:21:11<3:18:13, 10.19s/it]
                                                      
{'loss': '1.076', 'grad_norm': '0.2096', 'learning_rate': '1e-06', 'epoch': '13.22'}

 42%|████▏     | 833/2000 [2:21:11<3:18:13, 10.19s/it]
 42%|████▏     | 834/2000 [2:21:20<3:11:29,  9.85s/it]
                                                      
{'loss': '1.018', 'grad_norm': '0.3907', 'learning_rate': '1e-06', 'epoch': '13.24'}

 42%|████▏     | 834/2000 [2:21:20<3:11:29,  9.85s/it]
 42%|████▏     | 835/2000 [2:21:31<3:20:37, 10.33s/it]
                                                      
{'loss': '0.7321', 'grad_norm': '0.2456', 'learning_rate': '1e-06', 'epoch': '13.25'}

 42%|████▏     | 835/2000 [2:21:32<3:20:37, 10.33s/it]
 42%|████▏     | 836/2000 [2:21:41<3:13:29,  9.97s/it]
                                                      
{'loss': '0.8894', 'grad_norm': '0.2329', 'learning_rate': '1e-06', 'epoch': '13.27'}

 42%|████▏     | 837/2000 [2:21:51<3:18:13, 10.23s/it]
                                                      
{'loss': '0.9088', 'grad_norm': '0.2644', 'learning_rate': '1e-06', 'epoch': '13.29'}

 42%|████▏     | 837/2000 [2:21:51<3:18:13, 10.23s/it]
 42%|████▏     | 838/2000 [2:22:01<3:16:53, 10.17s/it]
                                                      
{'loss': '0.7868', 'grad_norm': '0.2772', 'learning_rate': '1e-06', 'epoch': '13.3'}

 42%|████▏     | 838/2000 [2:22:01<3:16:53, 10.17s/it]
 42%|████▏     | 839/2000 [2:22:11<3:10:53,  9.87s/it]
                                                      
{'loss': '0.6865', 'grad_norm': '0.2457', 'learning_rate': '1e-06', 'epoch': '13.32'}

 42%|████▏     | 839/2000 [2:22:11<3:10:53,  9.87s/it]
 42%|████▏     | 840/2000 [2:22:22<3:20:04, 10.35s/it]
                                                      
{'loss': '1.065', 'grad_norm': '0.2722', 'learning_rate': '1e-06', 'epoch': '13.33'}

 42%|████▏     | 840/2000 [2:22:22<3:20:04, 10.35s/it]
 42%|████▏     | 841/2000 [2:22:32<3:14:30, 10.07s/it]
                                                      
{'loss': '0.8217', 'grad_norm': '0.2219', 'learning_rate': '1e-06', 'epoch': '13.35'}

 42%|████▏     | 841/2000 [2:22:32<3:14:30, 10.07s/it]
 42%|████▏     | 842/2000 [2:22:40<3:05:54,  9.63s/it]
                                                      
{'loss': '0.8208', 'grad_norm': '0.2564', 'learning_rate': '1e-06', 'epoch': '13.37'}

 42%|████▏     | 842/2000 [2:22:40<3:05:54,  9.63s/it]
 42%|████▏     | 843/2000 [2:22:52<3:16:17, 10.18s/it]
                                                      
{'loss': '0.8981', 'grad_norm': '0.2758', 'learning_rate': '1e-06', 'epoch': '13.38'}

 42%|████▏     | 843/2000 [2:22:52<3:16:17, 10.18s/it]
 42%|████▏     | 844/2000 [2:23:01<3:10:45,  9.90s/it]
                                                      
{'loss': '0.9065', 'grad_norm': '0.2896', 'learning_rate': '1e-06', 'epoch': '13.4'}

 42%|████▏     | 844/2000 [2:23:01<3:10:45,  9.90s/it]
 42%|████▏     | 845/2000 [2:23:11<3:11:15,  9.94s/it]
                                                      
{'loss': '0.7926', 'grad_norm': '0.2604', 'learning_rate': '1e-06', 'epoch': '13.41'}

 42%|████▏     | 845/2000 [2:23:11<3:11:15,  9.94s/it]
 42%|████▏     | 846/2000 [2:23:22<3:16:15, 10.20s/it]
                                                      
{'loss': '0.7112', 'grad_norm': '0.3342', 'learning_rate': '1e-06', 'epoch': '13.43'}

 42%|████▏     | 846/2000 [2:23:22<3:16:15, 10.20s/it]
 42%|████▏     | 847/2000 [2:23:32<3:15:06, 10.15s/it]
                                                      
{'loss': '0.8938', 'grad_norm': '0.2378', 'learning_rate': '1e-06', 'epoch': '13.44'}

 42%|████▏     | 847/2000 [2:23:32<3:15:06, 10.15s/it]
 42%|████▏     | 848/2000 [2:23:42<3:14:28, 10.13s/it]
                                                      
{'loss': '0.9587', 'grad_norm': '0.1605', 'learning_rate': '1e-06', 'epoch': '13.46'}

 42%|████▏     | 848/2000 [2:23:42<3:14:28, 10.13s/it]
 42%|████▏     | 849/2000 [2:23:52<3:12:52, 10.05s/it]
                                                      
{'loss': '0.9728', 'grad_norm': '0.2885', 'learning_rate': '1e-06', 'epoch': '13.48'}

 42%|████▏     | 849/2000 [2:23:52<3:12:52, 10.05s/it]
 42%|████▎     | 850/2000 [2:24:00<3:04:33,  9.63s/it]
                                                      
{'loss': '0.739', 'grad_norm': '0.1975', 'learning_rate': '1e-06', 'epoch': '13.49'}

 42%|████▎     | 850/2000 [2:24:00<3:04:33,  9.63s/it]
 43%|████▎     | 851/2000 [2:24:11<3:10:47,  9.96s/it]
                                                      
{'loss': '0.9417', 'grad_norm': '0.3783', 'learning_rate': '1e-06', 'epoch': '13.51'}

 43%|████▎     | 851/2000 [2:24:11<3:10:47,  9.96s/it]
 43%|████▎     | 852/2000 [2:24:20<3:07:45,  9.81s/it]
                                                      
{'loss': '0.9192', 'grad_norm': '0.1747', 'learning_rate': '1e-06', 'epoch': '13.52'}

 43%|████▎     | 852/2000 [2:24:20<3:07:45,  9.81s/it]
 43%|████▎     | 853/2000 [2:24:30<3:04:08,  9.63s/it]
                                                      
{'loss': '0.7063', 'grad_norm': '0.2201', 'learning_rate': '1e-06', 'epoch': '13.54'}

 43%|████▎     | 853/2000 [2:24:30<3:04:08,  9.63s/it]
 43%|████▎     | 854/2000 [2:24:41<3:15:03, 10.21s/it]
                                                      
{'loss': '0.9851', 'grad_norm': '0.259', 'learning_rate': '1e-06', 'epoch': '13.56'}

 43%|████▎     | 854/2000 [2:24:41<3:15:03, 10.21s/it]
 43%|████▎     | 855/2000 [2:24:50<3:08:31,  9.88s/it]
                                                      
{'loss': '0.6297', 'grad_norm': '0.3227', 'learning_rate': '1e-06', 'epoch': '13.57'}

 43%|████▎     | 855/2000 [2:24:50<3:08:31,  9.88s/it]
 43%|████▎     | 856/2000 [2:25:00<3:09:35,  9.94s/it]
                                                      
{'loss': '0.9623', 'grad_norm': '0.1876', 'learning_rate': '1e-06', 'epoch': '13.59'}

 43%|████▎     | 856/2000 [2:25:01<3:09:35,  9.94s/it]
 43%|████▎     | 857/2000 [2:25:11<3:12:51, 10.12s/it]
                                                      
{'loss': '0.9759', 'grad_norm': '0.2349', 'learning_rate': '1e-06', 'epoch': '13.6'}

 43%|████▎     | 857/2000 [2:25:11<3:12:51, 10.12s/it]
 43%|████▎     | 858/2000 [2:25:20<3:06:01,  9.77s/it]
                                                      
{'loss': '0.9144', 'grad_norm': '0.2226', 'learning_rate': '1e-06', 'epoch': '13.62'}

 43%|████▎     | 858/2000 [2:25:20<3:06:01,  9.77s/it]
 43%|████▎     | 859/2000 [2:25:30<3:07:44,  9.87s/it]
                                                      
{'loss': '1.04', 'grad_norm': '0.2057', 'learning_rate': '1e-06', 'epoch': '13.63'}

 43%|████▎     | 859/2000 [2:25:30<3:07:44,  9.87s/it]
 43%|████▎     | 860/2000 [2:25:40<3:09:22,  9.97s/it]
                                                      
{'loss': '0.6592', 'grad_norm': '0.3281', 'learning_rate': '1e-06', 'epoch': '13.65'}

 43%|████▎     | 860/2000 [2:25:40<3:09:22,  9.97s/it]
 43%|████▎     | 861/2000 [2:25:50<3:05:32,  9.77s/it]
                                                      
{'loss': '0.9017', 'grad_norm': '0.2472', 'learning_rate': '1e-06', 'epoch': '13.67'}

 43%|████▎     | 861/2000 [2:25:50<3:05:32,  9.77s/it]
 43%|████▎     | 862/2000 [2:26:00<3:07:25,  9.88s/it]
                                                      
{'loss': '1.082', 'grad_norm': '0.2564', 'learning_rate': '1e-06', 'epoch': '13.68'}

 43%|████▎     | 862/2000 [2:26:00<3:07:25,  9.88s/it]
 43%|████▎     | 863/2000 [2:26:09<3:06:06,  9.82s/it]
                                                      
{'loss': '0.9958', 'grad_norm': '0.3034', 'learning_rate': '1e-06', 'epoch': '13.7'}

 43%|████▎     | 863/2000 [2:26:09<3:06:06,  9.82s/it]
 43%|████▎     | 864/2000 [2:26:19<3:06:59,  9.88s/it]
                                                      
{'loss': '0.8042', 'grad_norm': '0.5878', 'learning_rate': '1e-06', 'epoch': '13.71'}

 43%|████▎     | 864/2000 [2:26:19<3:06:59,  9.88s/it]
 43%|████▎     | 865/2000 [2:26:30<3:09:35, 10.02s/it]
                                                      
{'loss': '0.895', 'grad_norm': '0.3277', 'learning_rate': '1e-06', 'epoch': '13.73'}

 43%|████▎     | 865/2000 [2:26:30<3:09:35, 10.02s/it]
 43%|████▎     | 866/2000 [2:26:39<3:05:26,  9.81s/it]
                                                      
{'loss': '0.7967', 'grad_norm': '0.2177', 'learning_rate': '1e-06', 'epoch': '13.75'}

 43%|████▎     | 866/2000 [2:26:39<3:05:26,  9.81s/it]
 43%|████▎     | 867/2000 [2:26:50<3:08:43,  9.99s/it]
                                                      
{'loss': '0.9279', 'grad_norm': '0.3234', 'learning_rate': '1e-06', 'epoch': '13.76'}

 43%|████▎     | 867/2000 [2:26:50<3:08:43,  9.99s/it]
 43%|████▎     | 868/2000 [2:27:00<3:09:01, 10.02s/it]
                                                      
{'loss': '1.024', 'grad_norm': '0.3743', 'learning_rate': '1e-06', 'epoch': '13.78'}

 43%|████▎     | 868/2000 [2:27:00<3:09:01, 10.02s/it]
 43%|████▎     | 869/2000 [2:27:09<3:06:18,  9.88s/it]
                                                      
{'loss': '0.986', 'grad_norm': '0.2821', 'learning_rate': '1e-06', 'epoch': '13.79'}

 43%|████▎     | 869/2000 [2:27:09<3:06:18,  9.88s/it]
 44%|████▎     | 870/2000 [2:27:20<3:10:12, 10.10s/it]
                                                      
{'loss': '0.8655', 'grad_norm': '0.1273', 'learning_rate': '1e-06', 'epoch': '13.81'}

 44%|████▎     | 870/2000 [2:27:20<3:10:12, 10.10s/it]
 44%|████▎     | 871/2000 [2:27:30<3:10:35, 10.13s/it]
                                                      
{'loss': '0.7762', 'grad_norm': '0.2967', 'learning_rate': '1e-06', 'epoch': '13.83'}

 44%|████▎     | 871/2000 [2:27:30<3:10:35, 10.13s/it]
 44%|████▎     | 872/2000 [2:27:40<3:09:01, 10.05s/it]
                                                      
{'loss': '0.9961', 'grad_norm': '0.1859', 'learning_rate': '1e-06', 'epoch': '13.84'}

 44%|████▎     | 872/2000 [2:27:40<3:09:01, 10.05s/it]
 44%|████▎     | 873/2000 [2:27:50<3:10:25, 10.14s/it]
                                                      
{'loss': '0.7965', 'grad_norm': '0.2701', 'learning_rate': '1e-06', 'epoch': '13.86'}

 44%|████▎     | 873/2000 [2:27:50<3:10:25, 10.14s/it]
 44%|████▎     | 874/2000 [2:28:00<3:06:39,  9.95s/it]
                                                      
{'loss': '0.8165', 'grad_norm': '0.2391', 'learning_rate': '1e-06', 'epoch': '13.87'}

 44%|████▎     | 874/2000 [2:28:00<3:06:39,  9.95s/it]
 44%|████▍     | 875/2000 [2:28:09<3:03:27,  9.78s/it]
                                                      
{'loss': '0.8288', 'grad_norm': '0.2316', 'learning_rate': '1e-06', 'epoch': '13.89'}

 44%|████▍     | 875/2000 [2:28:09<3:03:27,  9.78s/it]
 44%|████▍     | 876/2000 [2:28:20<3:08:56, 10.09s/it]
                                                      
{'loss': '0.9033', 'grad_norm': '0.263', 'learning_rate': '1e-06', 'epoch': '13.9'}

 44%|████▍     | 876/2000 [2:28:20<3:08:56, 10.09s/it]
 44%|████▍     | 877/2000 [2:28:30<3:06:26,  9.96s/it]
                                                      
{'loss': '0.9153', 'grad_norm': '0.1405', 'learning_rate': '1e-06', 'epoch': '13.92'}

 44%|████▍     | 877/2000 [2:28:30<3:06:26,  9.96s/it]
 44%|████▍     | 878/2000 [2:28:39<3:05:39,  9.93s/it]
                                                      
{'loss': '0.8178', 'grad_norm': '0.3402', 'learning_rate': '1e-06', 'epoch': '13.94'}

 44%|████▍     | 878/2000 [2:28:39<3:05:39,  9.93s/it]
 44%|████▍     | 879/2000 [2:28:50<3:07:19, 10.03s/it]
                                                      
{'loss': '0.8844', 'grad_norm': '0.1928', 'learning_rate': '1e-06', 'epoch': '13.95'}

 44%|████▍     | 879/2000 [2:28:50<3:07:19, 10.03s/it]
 44%|████▍     | 880/2000 [2:28:59<3:05:54,  9.96s/it]
                                                      
{'loss': '0.9563', 'grad_norm': '0.2136', 'learning_rate': '1e-06', 'epoch': '13.97'}

 44%|████▍     | 880/2000 [2:29:00<3:05:54,  9.96s/it]
 44%|████▍     | 881/2000 [2:29:10<3:06:54, 10.02s/it]
                                                      
{'loss': '0.7789', 'grad_norm': '0.2584', 'learning_rate': '1e-06', 'epoch': '13.98'}

 44%|████▍     | 881/2000 [2:29:10<3:06:54, 10.02s/it]
 44%|████▍     | 882/2000 [2:29:20<3:09:45, 10.18s/it]
                                                      
{'loss': '0.6507', 'grad_norm': '0.1591', 'learning_rate': '1e-06', 'epoch': '14'}

 44%|████▍     | 882/2000 [2:29:20<3:09:45, 10.18s/it]
 44%|████▍     | 883/2000 [2:29:31<3:12:42, 10.35s/it]
                                                      
{'loss': '0.8674', 'grad_norm': '0.1959', 'learning_rate': '1e-06', 'epoch': '14.02'}

 44%|████▍     | 883/2000 [2:29:31<3:12:42, 10.35s/it]
 44%|████▍     | 884/2000 [2:29:41<3:12:32, 10.35s/it]
                                                      
{'loss': '0.7324', 'grad_norm': '0.2097', 'learning_rate': '1e-06', 'epoch': '14.03'}

 44%|████▍     | 884/2000 [2:29:41<3:12:32, 10.35s/it]
 44%|████▍     | 885/2000 [2:29:52<3:14:51, 10.49s/it]
                                                      
{'loss': '0.917', 'grad_norm': '0.1923', 'learning_rate': '1e-06', 'epoch': '14.05'}

 44%|████▍     | 885/2000 [2:29:52<3:14:51, 10.49s/it]
 44%|████▍     | 886/2000 [2:30:02<3:13:37, 10.43s/it]
                                                      
{'loss': '0.7369', 'grad_norm': '0.3062', 'learning_rate': '1e-06', 'epoch': '14.06'}

 44%|████▍     | 886/2000 [2:30:03<3:13:37, 10.43s/it]
 44%|████▍     | 887/2000 [2:30:12<3:07:43, 10.12s/it]
                                                      
{'loss': '0.8336', 'grad_norm': '0.235', 'learning_rate': '1e-06', 'epoch': '14.08'}

 44%|████▍     | 887/2000 [2:30:12<3:07:43, 10.12s/it]
 44%|████▍     | 888/2000 [2:30:21<2:59:55,  9.71s/it]
                                                      
{'loss': '0.6545', 'grad_norm': '0.309', 'learning_rate': '1e-06', 'epoch': '14.1'}

 44%|████▍     | 888/2000 [2:30:21<2:59:55,  9.71s/it]
 44%|████▍     | 889/2000 [2:30:31<3:05:55, 10.04s/it]
                                                      
{'loss': '1.059', 'grad_norm': '0.2899', 'learning_rate': '1e-06', 'epoch': '14.11'}

 44%|████▍     | 889/2000 [2:30:31<3:05:55, 10.04s/it]
 44%|████▍     | 890/2000 [2:30:41<3:03:17,  9.91s/it]
                                                      
{'loss': '0.9872', 'grad_norm': '0.2173', 'learning_rate': '1e-06', 'epoch': '14.13'}

 44%|████▍     | 890/2000 [2:30:41<3:03:17,  9.91s/it]
 45%|████▍     | 891/2000 [2:30:51<3:01:34,  9.82s/it]
                                                      
{'loss': '0.7393', 'grad_norm': '0.1938', 'learning_rate': '1e-06', 'epoch': '14.14'}

 45%|████▍     | 891/2000 [2:30:51<3:01:34,  9.82s/it]
 45%|████▍     | 892/2000 [2:31:01<3:06:53, 10.12s/it]
                                                      
{'loss': '0.983', 'grad_norm': '0.3119', 'learning_rate': '1e-06', 'epoch': '14.16'}

 45%|████▍     | 892/2000 [2:31:01<3:06:53, 10.12s/it]
 45%|████▍     | 893/2000 [2:31:11<3:03:25,  9.94s/it]
                                                      
{'loss': '0.8944', 'grad_norm': '0.208', 'learning_rate': '1e-06', 'epoch': '14.17'}

 45%|████▍     | 893/2000 [2:31:11<3:03:25,  9.94s/it]
 45%|████▍     | 894/2000 [2:31:21<3:04:07,  9.99s/it]
                                                      
{'loss': '0.9049', 'grad_norm': '0.1895', 'learning_rate': '1e-06', 'epoch': '14.19'}

 45%|████▍     | 894/2000 [2:31:21<3:04:07,  9.99s/it]
 45%|████▍     | 895/2000 [2:31:31<3:02:34,  9.91s/it]
                                                      
{'loss': '0.8714', 'grad_norm': '0.177', 'learning_rate': '1e-06', 'epoch': '14.21'}

 45%|████▍     | 895/2000 [2:31:31<3:02:34,  9.91s/it]
 45%|████▍     | 896/2000 [2:31:41<3:01:58,  9.89s/it]
                                                      
{'loss': '0.9026', 'grad_norm': '0.3112', 'learning_rate': '1e-06', 'epoch': '14.22'}

 45%|████▍     | 896/2000 [2:31:41<3:01:58,  9.89s/it]
 45%|████▍     | 897/2000 [2:31:50<3:02:01,  9.90s/it]
                                                      
{'loss': '0.7618', 'grad_norm': '0.1774', 'learning_rate': '1e-06', 'epoch': '14.24'}

 45%|████▍     | 897/2000 [2:31:50<3:02:01,  9.90s/it]
 45%|████▍     | 898/2000 [2:32:01<3:03:17,  9.98s/it]
                                                      
{'loss': '0.8011', 'grad_norm': '0.1419', 'learning_rate': '1e-06', 'epoch': '14.25'}

 45%|████▍     | 898/2000 [2:32:01<3:03:17,  9.98s/it]
 45%|████▍     | 899/2000 [2:32:10<3:01:06,  9.87s/it]
                                                      
{'loss': '0.8975', 'grad_norm': '0.2081', 'learning_rate': '1e-06', 'epoch': '14.27'}

 45%|████▍     | 899/2000 [2:32:11<3:01:06,  9.87s/it]
 45%|████▌     | 900/2000 [2:32:21<3:06:18, 10.16s/it]
                                                      
{'loss': '0.9948', 'grad_norm': '0.2402', 'learning_rate': '1e-06', 'epoch': '14.29'}

 45%|████▌     | 900/2000 [2:32:21<3:06:18, 10.16s/it]
 45%|████▌     | 901/2000 [2:32:31<3:06:27, 10.18s/it]
                                                      
{'loss': '1.176', 'grad_norm': '0.3729', 'learning_rate': '1e-06', 'epoch': '14.3'}

 45%|████▌     | 901/2000 [2:32:31<3:06:27, 10.18s/it]
 45%|████▌     | 902/2000 [2:32:42<3:07:02, 10.22s/it]
                                                      
{'loss': '1.01', 'grad_norm': '0.231', 'learning_rate': '1e-06', 'epoch': '14.32'}

 45%|████▌     | 902/2000 [2:32:42<3:07:02, 10.22s/it]
 45%|████▌     | 903/2000 [2:32:52<3:08:07, 10.29s/it]
                                                      
{'loss': '1.042', 'grad_norm': '0.1969', 'learning_rate': '1e-06', 'epoch': '14.33'}

 45%|████▌     | 903/2000 [2:32:52<3:08:07, 10.29s/it]
 45%|████▌     | 904/2000 [2:33:02<3:06:10, 10.19s/it]
                                                      
{'loss': '0.7562', 'grad_norm': '0.2222', 'learning_rate': '1e-06', 'epoch': '14.35'}

 45%|████▌     | 904/2000 [2:33:02<3:06:10, 10.19s/it]
 45%|████▌     | 905/2000 [2:33:12<3:04:29, 10.11s/it]
                                                      
{'loss': '0.8139', 'grad_norm': '0.2256', 'learning_rate': '1e-06', 'epoch': '14.37'}

 45%|████▌     | 905/2000 [2:33:12<3:04:29, 10.11s/it]
 45%|████▌     | 906/2000 [2:33:22<3:02:53, 10.03s/it]
                                                      
{'loss': '0.6884', 'grad_norm': '0.221', 'learning_rate': '1e-06', 'epoch': '14.38'}

 45%|████▌     | 906/2000 [2:33:22<3:02:53, 10.03s/it]
 45%|████▌     | 907/2000 [2:33:32<3:01:46,  9.98s/it]
                                                      
{'loss': '0.8957', 'grad_norm': '0.2752', 'learning_rate': '1e-06', 'epoch': '14.4'}

 45%|████▌     | 907/2000 [2:33:32<3:01:46,  9.98s/it]
 45%|████▌     | 908/2000 [2:33:42<3:02:06, 10.01s/it]
                                                      
{'loss': '0.8585', 'grad_norm': '0.14', 'learning_rate': '1e-06', 'epoch': '14.41'}

 45%|████▌     | 908/2000 [2:33:42<3:02:06, 10.01s/it]
 45%|████▌     | 909/2000 [2:33:52<3:01:11,  9.96s/it]
                                                      
{'loss': '0.6992', 'grad_norm': '0.3109', 'learning_rate': '1e-06', 'epoch': '14.43'}

 45%|████▌     | 909/2000 [2:33:52<3:01:11,  9.96s/it]
 46%|████▌     | 910/2000 [2:34:02<3:01:35, 10.00s/it]
                                                      
{'loss': '0.9689', 'grad_norm': '0.18', 'learning_rate': '1e-06', 'epoch': '14.44'}

 46%|████▌     | 910/2000 [2:34:02<3:01:35, 10.00s/it]
 46%|████▌     | 911/2000 [2:34:11<2:59:17,  9.88s/it]
                                                      
{'loss': '0.7847', 'grad_norm': '0.1577', 'learning_rate': '1e-06', 'epoch': '14.46'}

 46%|████▌     | 911/2000 [2:34:11<2:59:17,  9.88s/it]
 46%|████▌     | 912/2000 [2:34:22<3:02:57, 10.09s/it]
                                                      
{'loss': '0.8275', 'grad_norm': '0.2144', 'learning_rate': '1e-06', 'epoch': '14.48'}

 46%|████▌     | 912/2000 [2:34:22<3:02:57, 10.09s/it]
 46%|████▌     | 913/2000 [2:34:31<2:57:15,  9.78s/it]
                                                      
{'loss': '0.6542', 'grad_norm': '0.2561', 'learning_rate': '1e-06', 'epoch': '14.49'}

 46%|████▌     | 913/2000 [2:34:31<2:57:15,  9.78s/it]
 46%|████▌     | 914/2000 [2:34:42<3:04:54, 10.22s/it]
                                                      
{'loss': '0.8442', 'grad_norm': '0.2198', 'learning_rate': '1e-06', 'epoch': '14.51'}

 46%|████▌     | 914/2000 [2:34:42<3:04:54, 10.22s/it]
 46%|████▌     | 915/2000 [2:34:52<3:03:28, 10.15s/it]
                                                      
{'loss': '0.9181', 'grad_norm': '0.201', 'learning_rate': '1e-06', 'epoch': '14.52'}

 46%|████▌     | 915/2000 [2:34:52<3:03:28, 10.15s/it]
 46%|████▌     | 916/2000 [2:35:02<2:59:58,  9.96s/it]
                                                      
{'loss': '0.76', 'grad_norm': '0.2789', 'learning_rate': '1e-06', 'epoch': '14.54'}

 46%|████▌     | 916/2000 [2:35:02<2:59:58,  9.96s/it]
 46%|████▌     | 917/2000 [2:35:12<3:03:26, 10.16s/it]
                                                      
{'loss': '0.9225', 'grad_norm': '0.2563', 'learning_rate': '1e-06', 'epoch': '14.56'}

 46%|████▌     | 917/2000 [2:35:12<3:03:26, 10.16s/it]
 46%|████▌     | 918/2000 [2:35:22<2:58:02,  9.87s/it]
                                                      
{'loss': '0.9644', 'grad_norm': '0.2297', 'learning_rate': '1e-06', 'epoch': '14.57'}

 46%|████▌     | 918/2000 [2:35:22<2:58:02,  9.87s/it]
 46%|████▌     | 919/2000 [2:35:31<2:56:44,  9.81s/it]
                                                      
{'loss': '0.849', 'grad_norm': '0.3487', 'learning_rate': '1e-06', 'epoch': '14.59'}

 46%|████▌     | 919/2000 [2:35:31<2:56:44,  9.81s/it]
 46%|████▌     | 920/2000 [2:35:42<3:02:07, 10.12s/it]
                                                      
{'loss': '0.834', 'grad_norm': '0.1852', 'learning_rate': '1e-06', 'epoch': '14.6'}

 46%|████▌     | 920/2000 [2:35:42<3:02:07, 10.12s/it]
 46%|████▌     | 921/2000 [2:35:51<2:56:49,  9.83s/it]
                                                      
{'loss': '0.934', 'grad_norm': '0.2265', 'learning_rate': '1e-06', 'epoch': '14.62'}

 46%|████▌     | 921/2000 [2:35:51<2:56:49,  9.83s/it]
 46%|████▌     | 922/2000 [2:36:01<2:58:22,  9.93s/it]
                                                      
{'loss': '0.9552', 'grad_norm': '0.2798', 'learning_rate': '1e-06', 'epoch': '14.63'}

 46%|████▌     | 922/2000 [2:36:01<2:58:22,  9.93s/it]
 46%|████▌     | 923/2000 [2:36:11<2:58:42,  9.96s/it]
                                                      
{'loss': '0.9995', 'grad_norm': '0.2644', 'learning_rate': '1e-06', 'epoch': '14.65'}

 46%|████▌     | 923/2000 [2:36:11<2:58:42,  9.96s/it]
 46%|████▌     | 924/2000 [2:36:21<2:59:01,  9.98s/it]
                                                      
{'loss': '0.8805', 'grad_norm': '0.2109', 'learning_rate': '1e-06', 'epoch': '14.67'}

 46%|████▌     | 924/2000 [2:36:21<2:59:01,  9.98s/it]
 46%|████▋     | 925/2000 [2:36:32<3:03:04, 10.22s/it]
                                                      
{'loss': '0.998', 'grad_norm': '0.3574', 'learning_rate': '1e-06', 'epoch': '14.68'}

 46%|████▋     | 925/2000 [2:36:32<3:03:04, 10.22s/it]
 46%|████▋     | 926/2000 [2:36:41<2:57:00,  9.89s/it]
                                                      
{'loss': '0.717', 'grad_norm': '0.1459', 'learning_rate': '1e-06', 'epoch': '14.7'}

 46%|████▋     | 926/2000 [2:36:41<2:57:00,  9.89s/it]
 46%|████▋     | 927/2000 [2:36:51<2:57:06,  9.90s/it]
                                                      
{'loss': '1.044', 'grad_norm': '0.305', 'learning_rate': '1e-06', 'epoch': '14.71'}

 46%|████▋     | 927/2000 [2:36:51<2:57:06,  9.90s/it]
 46%|████▋     | 928/2000 [2:37:02<3:02:12, 10.20s/it]
                                                      
{'loss': '0.7662', 'grad_norm': '0.2164', 'learning_rate': '1e-06', 'epoch': '14.73'}

 46%|████▋     | 928/2000 [2:37:02<3:02:12, 10.20s/it]
 46%|████▋     | 929/2000 [2:37:11<2:55:28,  9.83s/it]
                                                      
{'loss': '0.7139', 'grad_norm': '0.1363', 'learning_rate': '1e-06', 'epoch': '14.75'}

 46%|████▋     | 929/2000 [2:37:11<2:55:28,  9.83s/it]
 46%|████▋     | 930/2000 [2:37:21<2:54:26,  9.78s/it]
                                                      
{'loss': '0.598', 'grad_norm': '0.2205', 'learning_rate': '1e-06', 'epoch': '14.76'}

 46%|████▋     | 930/2000 [2:37:21<2:54:26,  9.78s/it]
 47%|████▋     | 931/2000 [2:37:31<2:55:46,  9.87s/it]
                                                      
{'loss': '0.6156', 'grad_norm': '0.2277', 'learning_rate': '1e-06', 'epoch': '14.78'}

 47%|████▋     | 931/2000 [2:37:31<2:55:46,  9.87s/it]
 47%|████▋     | 932/2000 [2:37:41<2:54:56,  9.83s/it]
                                                      
{'loss': '0.8618', 'grad_norm': '0.2571', 'learning_rate': '1e-06', 'epoch': '14.79'}

 47%|████▋     | 932/2000 [2:37:41<2:54:56,  9.83s/it]
 47%|████▋     | 933/2000 [2:37:51<2:59:21, 10.09s/it]
                                                      
{'loss': '0.9277', 'grad_norm': '0.1542', 'learning_rate': '1e-06', 'epoch': '14.81'}

 47%|████▋     | 933/2000 [2:37:51<2:59:21, 10.09s/it]
 47%|████▋     | 934/2000 [2:38:01<2:55:21,  9.87s/it]
                                                      
{'loss': '1.051', 'grad_norm': '0.2396', 'learning_rate': '1e-06', 'epoch': '14.83'}

 47%|████▋     | 934/2000 [2:38:01<2:55:21,  9.87s/it]
 47%|████▋     | 935/2000 [2:38:10<2:51:04,  9.64s/it]
                                                      
{'loss': '0.7734', 'grad_norm': '0.2523', 'learning_rate': '1e-06', 'epoch': '14.84'}

 47%|████▋     | 935/2000 [2:38:10<2:51:04,  9.64s/it]
 47%|████▋     | 936/2000 [2:38:21<2:58:42, 10.08s/it]
                                                      
{'loss': '1.049', 'grad_norm': '0.1514', 'learning_rate': '1e-06', 'epoch': '14.86'}

 47%|████▋     | 936/2000 [2:38:21<2:58:42, 10.08s/it]
 47%|████▋     | 937/2000 [2:38:29<2:50:47,  9.64s/it]
                                                      
{'loss': '0.9318', 'grad_norm': '0.5909', 'learning_rate': '1e-06', 'epoch': '14.87'}

 47%|████▋     | 937/2000 [2:38:30<2:50:47,  9.64s/it]
 47%|████▋     | 938/2000 [2:38:40<2:54:48,  9.88s/it]
                                                      
{'loss': '0.6839', 'grad_norm': '0.1865', 'learning_rate': '1e-06', 'epoch': '14.89'}

 47%|████▋     | 938/2000 [2:38:40<2:54:48,  9.88s/it]
 47%|████▋     | 939/2000 [2:38:50<2:54:56,  9.89s/it]
                                                      
{'loss': '0.7595', 'grad_norm': '0.188', 'learning_rate': '1e-06', 'epoch': '14.9'}

 47%|████▋     | 939/2000 [2:38:50<2:54:56,  9.89s/it]
 47%|████▋     | 940/2000 [2:38:59<2:50:23,  9.65s/it]
                                                      
{'loss': '0.8157', 'grad_norm': '0.1969', 'learning_rate': '1e-06', 'epoch': '14.92'}

 47%|████▋     | 940/2000 [2:38:59<2:50:23,  9.65s/it]
 47%|████▋     | 941/2000 [2:39:10<2:56:05,  9.98s/it]
                                                      
{'loss': '0.8793', 'grad_norm': '0.1632', 'learning_rate': '1e-06', 'epoch': '14.94'}

 47%|████▋     | 941/2000 [2:39:10<2:56:05,  9.98s/it]
 47%|████▋     | 942/2000 [2:39:19<2:53:57,  9.86s/it]
                                                      
{'loss': '0.8112', 'grad_norm': '0.1757', 'learning_rate': '1e-06', 'epoch': '14.95'}

 47%|████▋     | 942/2000 [2:39:19<2:53:57,  9.86s/it]
 47%|████▋     | 943/2000 [2:39:28<2:50:36,  9.68s/it]
                                                      
{'loss': '0.8213', 'grad_norm': '0.179', 'learning_rate': '1e-06', 'epoch': '14.97'}

 47%|████▋     | 943/2000 [2:39:29<2:50:36,  9.68s/it]
 47%|████▋     | 944/2000 [2:39:40<2:57:51, 10.11s/it]
                                                      
{'loss': '0.78', 'grad_norm': '0.1714', 'learning_rate': '1e-06', 'epoch': '14.98'}

 47%|████▋     | 944/2000 [2:39:40<2:57:51, 10.11s/it]
 47%|████▋     | 945/2000 [2:39:48<2:50:33,  9.70s/it]
                                                      
{'loss': '0.8636', 'grad_norm': '0.1495', 'learning_rate': '1e-06', 'epoch': '15'}

 47%|████▋     | 945/2000 [2:39:48<2:50:33,  9.70s/it]
 47%|████▋     | 946/2000 [2:40:00<3:00:40, 10.29s/it]
                                                      
{'loss': '0.8559', 'grad_norm': '0.2174', 'learning_rate': '1e-06', 'epoch': '15.02'}

 47%|████▋     | 946/2000 [2:40:00<3:00:40, 10.29s/it]
 47%|████▋     | 947/2000 [2:40:11<3:06:27, 10.62s/it]
                                                      
{'loss': '0.9562', 'grad_norm': '0.2809', 'learning_rate': '1e-06', 'epoch': '15.03'}

 47%|████▋     | 947/2000 [2:40:11<3:06:27, 10.62s/it]
 47%|████▋     | 948/2000 [2:40:20<2:58:19, 10.17s/it]
                                                      
{'loss': '0.8385', 'grad_norm': '0.1869', 'learning_rate': '1e-06', 'epoch': '15.05'}

 47%|████▋     | 948/2000 [2:40:20<2:58:19, 10.17s/it]
 47%|████▋     | 949/2000 [2:40:31<3:01:53, 10.38s/it]
                                                      
{'loss': '0.9095', 'grad_norm': '0.2156', 'learning_rate': '1e-06', 'epoch': '15.06'}

 47%|████▋     | 949/2000 [2:40:31<3:01:53, 10.38s/it]
 48%|████▊     | 950/2000 [2:40:41<2:58:30, 10.20s/it]
                                                      
{'loss': '0.7918', 'grad_norm': '0.206', 'learning_rate': '1e-06', 'epoch': '15.08'}

 48%|████▊     | 950/2000 [2:40:41<2:58:30, 10.20s/it]
 48%|████▊     | 951/2000 [2:40:51<2:55:52, 10.06s/it]
                                                      
{'loss': '0.9014', 'grad_norm': '0.1449', 'learning_rate': '1e-06', 'epoch': '15.1'}

 48%|████▊     | 952/2000 [2:41:04<3:12:26, 11.02s/it]
                                                      
{'loss': '0.7926', 'grad_norm': '0.1603', 'learning_rate': '1e-06', 'epoch': '15.11'}

 48%|████▊     | 952/2000 [2:41:04<3:12:26, 11.02s/it]
 48%|████▊     | 953/2000 [2:41:13<3:00:57, 10.37s/it]
                                                      
{'loss': '0.7205', 'grad_norm': '0.1669', 'learning_rate': '1e-06', 'epoch': '15.13'}

 48%|████▊     | 953/2000 [2:41:13<3:00:57, 10.37s/it]
 48%|████▊     | 954/2000 [2:41:24<3:03:57, 10.55s/it]
                                                      
{'loss': '0.8649', 'grad_norm': '0.2004', 'learning_rate': '1e-06', 'epoch': '15.14'}

 48%|████▊     | 954/2000 [2:41:24<3:03:57, 10.55s/it]
 48%|████▊     | 955/2000 [2:41:34<3:00:28, 10.36s/it]
                                                      
{'loss': '0.9103', 'grad_norm': '0.2338', 'learning_rate': '1e-06', 'epoch': '15.16'}

 48%|████▊     | 955/2000 [2:41:34<3:00:28, 10.36s/it]
 48%|████▊     | 956/2000 [2:41:43<2:52:29,  9.91s/it]
                                                      
{'loss': '0.8622', 'grad_norm': '0.1984', 'learning_rate': '1e-06', 'epoch': '15.17'}

 48%|████▊     | 956/2000 [2:41:43<2:52:29,  9.91s/it]
 48%|████▊     | 957/2000 [2:41:54<2:57:45, 10.23s/it]
                                                      
{'loss': '0.8047', 'grad_norm': '0.2677', 'learning_rate': '1e-06', 'epoch': '15.19'}

 48%|████▊     | 957/2000 [2:41:54<2:57:45, 10.23s/it]
 48%|████▊     | 958/2000 [2:42:03<2:52:33,  9.94s/it]
                                                      
{'loss': '0.7759', 'grad_norm': '0.2093', 'learning_rate': '1e-06', 'epoch': '15.21'}

 48%|████▊     | 958/2000 [2:42:03<2:52:33,  9.94s/it]
 48%|████▊     | 959/2000 [2:42:12<2:48:06,  9.69s/it]
                                                      
{'loss': '0.7598', 'grad_norm': '0.1861', 'learning_rate': '1e-06', 'epoch': '15.22'}

 48%|████▊     | 959/2000 [2:42:12<2:48:06,  9.69s/it]
 48%|████▊     | 960/2000 [2:42:23<2:53:51, 10.03s/it]
                                                      
{'loss': '0.7821', 'grad_norm': '0.2264', 'learning_rate': '1e-06', 'epoch': '15.24'}

 48%|████▊     | 960/2000 [2:42:23<2:53:51, 10.03s/it]
 48%|████▊     | 961/2000 [2:42:32<2:50:45,  9.86s/it]
                                                      
{'loss': '0.9829', 'grad_norm': '0.1664', 'learning_rate': '1e-06', 'epoch': '15.25'}

 48%|████▊     | 961/2000 [2:42:32<2:50:45,  9.86s/it]
 48%|████▊     | 962/2000 [2:42:43<2:55:37, 10.15s/it]
                                                      
{'loss': '0.9931', 'grad_norm': '0.1776', 'learning_rate': '1e-06', 'epoch': '15.27'}

 48%|████▊     | 962/2000 [2:42:43<2:55:37, 10.15s/it]
 48%|████▊     | 963/2000 [2:42:54<2:56:48, 10.23s/it]
                                                      
{'loss': '0.802', 'grad_norm': '0.3025', 'learning_rate': '1e-06', 'epoch': '15.29'}

 48%|████▊     | 963/2000 [2:42:54<2:56:48, 10.23s/it]
 48%|████▊     | 964/2000 [2:43:03<2:53:59, 10.08s/it]
                                                      
{'loss': '0.8233', 'grad_norm': '0.2193', 'learning_rate': '1e-06', 'epoch': '15.3'}

 48%|████▊     | 964/2000 [2:43:04<2:53:59, 10.08s/it]
 48%|████▊     | 965/2000 [2:43:13<2:54:14, 10.10s/it]
                                                      
{'loss': '0.9279', 'grad_norm': '0.2357', 'learning_rate': '1e-06', 'epoch': '15.32'}

 48%|████▊     | 965/2000 [2:43:14<2:54:14, 10.10s/it]
 48%|████▊     | 966/2000 [2:43:23<2:51:52,  9.97s/it]
                                                      
{'loss': '0.8988', 'grad_norm': '0.199', 'learning_rate': '1e-06', 'epoch': '15.33'}

 48%|████▊     | 966/2000 [2:43:23<2:51:52,  9.97s/it]
 48%|████▊     | 967/2000 [2:43:33<2:51:57,  9.99s/it]
                                                      
{'loss': '0.8296', 'grad_norm': '0.2086', 'learning_rate': '1e-06', 'epoch': '15.35'}

 48%|████▊     | 967/2000 [2:43:33<2:51:57,  9.99s/it]
 48%|████▊     | 968/2000 [2:43:44<2:54:43, 10.16s/it]
                                                      
{'loss': '0.8477', 'grad_norm': '0.1426', 'learning_rate': '1e-06', 'epoch': '15.37'}

 48%|████▊     | 968/2000 [2:43:44<2:54:43, 10.16s/it]
 48%|████▊     | 969/2000 [2:43:53<2:49:07,  9.84s/it]
                                                      
{'loss': '0.6211', 'grad_norm': '0.1879', 'learning_rate': '1e-06', 'epoch': '15.38'}

 48%|████▊     | 969/2000 [2:43:53<2:49:07,  9.84s/it]
 48%|████▊     | 970/2000 [2:44:02<2:45:52,  9.66s/it]
                                                      
{'loss': '0.7616', 'grad_norm': '0.2431', 'learning_rate': '1e-06', 'epoch': '15.4'}

 48%|████▊     | 970/2000 [2:44:02<2:45:52,  9.66s/it]
 49%|████▊     | 971/2000 [2:44:13<2:51:31, 10.00s/it]
                                                      
{'loss': '0.9797', 'grad_norm': '0.4937', 'learning_rate': '1e-06', 'epoch': '15.41'}

 49%|████▊     | 971/2000 [2:44:13<2:51:31, 10.00s/it]
 49%|████▊     | 972/2000 [2:44:22<2:48:26,  9.83s/it]
                                                      
{'loss': '0.9321', 'grad_norm': '0.2644', 'learning_rate': '1e-06', 'epoch': '15.43'}

 49%|████▊     | 972/2000 [2:44:22<2:48:26,  9.83s/it]
 49%|████▊     | 973/2000 [2:44:32<2:48:21,  9.84s/it]
                                                      
{'loss': '0.7906', 'grad_norm': '0.1666', 'learning_rate': '1e-06', 'epoch': '15.44'}

 49%|████▊     | 973/2000 [2:44:32<2:48:21,  9.84s/it]
 49%|████▊     | 974/2000 [2:44:42<2:50:37,  9.98s/it]
                                                      
{'loss': '0.9617', 'grad_norm': '0.1443', 'learning_rate': '1e-06', 'epoch': '15.46'}

 49%|████▊     | 974/2000 [2:44:42<2:50:37,  9.98s/it]
 49%|████▉     | 975/2000 [2:44:52<2:50:04,  9.96s/it]
                                                      
{'loss': '0.8667', 'grad_norm': '0.158', 'learning_rate': '1e-06', 'epoch': '15.48'}

 49%|████▉     | 975/2000 [2:44:53<2:50:04,  9.96s/it]
 49%|████▉     | 976/2000 [2:45:03<2:52:34, 10.11s/it]
                                                      
{'loss': '0.8407', 'grad_norm': '0.2109', 'learning_rate': '1e-06', 'epoch': '15.49'}

 49%|████▉     | 976/2000 [2:45:03<2:52:34, 10.11s/it]
 49%|████▉     | 977/2000 [2:45:12<2:49:38,  9.95s/it]
                                                      
{'loss': '0.8607', 'grad_norm': '0.237', 'learning_rate': '1e-06', 'epoch': '15.51'}

 49%|████▉     | 977/2000 [2:45:13<2:49:38,  9.95s/it]
 49%|████▉     | 978/2000 [2:45:22<2:49:42,  9.96s/it]
                                                      
{'loss': '0.9267', 'grad_norm': '0.1831', 'learning_rate': '1e-06', 'epoch': '15.52'}

 49%|████▉     | 978/2000 [2:45:22<2:49:42,  9.96s/it]
 49%|████▉     | 979/2000 [2:45:32<2:47:56,  9.87s/it]
                                                      
{'loss': '0.8576', 'grad_norm': '0.2404', 'learning_rate': '1e-06', 'epoch': '15.54'}

 49%|████▉     | 979/2000 [2:45:32<2:47:56,  9.87s/it]
 49%|████▉     | 980/2000 [2:45:41<2:43:35,  9.62s/it]
                                                      
{'loss': '0.9432', 'grad_norm': '0.2067', 'learning_rate': '1e-06', 'epoch': '15.56'}

 49%|████▉     | 980/2000 [2:45:41<2:43:35,  9.62s/it]
 49%|████▉     | 981/2000 [2:45:51<2:46:34,  9.81s/it]
                                                      
{'loss': '0.9452', 'grad_norm': '0.2045', 'learning_rate': '1e-06', 'epoch': '15.57'}

 49%|████▉     | 981/2000 [2:45:51<2:46:34,  9.81s/it]
 49%|████▉     | 982/2000 [2:46:02<2:49:40, 10.00s/it]
                                                      
{'loss': '0.82', 'grad_norm': '0.1894', 'learning_rate': '1e-06', 'epoch': '15.59'}

 49%|████▉     | 982/2000 [2:46:02<2:49:40, 10.00s/it]
 49%|████▉     | 983/2000 [2:46:12<2:50:05, 10.04s/it]
                                                      
{'loss': '0.8079', 'grad_norm': '0.2137', 'learning_rate': '1e-06', 'epoch': '15.6'}

 49%|████▉     | 983/2000 [2:46:12<2:50:05, 10.04s/it]
 49%|████▉     | 984/2000 [2:46:22<2:50:43, 10.08s/it]
                                                      
{'loss': '0.8043', 'grad_norm': '0.223', 'learning_rate': '1e-06', 'epoch': '15.62'}

 49%|████▉     | 984/2000 [2:46:22<2:50:43, 10.08s/it]
 49%|████▉     | 985/2000 [2:46:33<2:52:48, 10.22s/it]
                                                      
{'loss': '0.7698', 'grad_norm': '0.1998', 'learning_rate': '1e-06', 'epoch': '15.63'}

 49%|████▉     | 985/2000 [2:46:33<2:52:48, 10.22s/it]
 49%|████▉     | 986/2000 [2:46:43<2:50:53, 10.11s/it]
                                                      
{'loss': '0.9533', 'grad_norm': '0.1929', 'learning_rate': '1e-06', 'epoch': '15.65'}

 49%|████▉     | 986/2000 [2:46:43<2:50:53, 10.11s/it]
 49%|████▉     | 987/2000 [2:46:52<2:49:07, 10.02s/it]
                                                      
{'loss': '0.7729', 'grad_norm': '0.2488', 'learning_rate': '1e-06', 'epoch': '15.67'}

 49%|████▉     | 987/2000 [2:46:52<2:49:07, 10.02s/it]
 49%|████▉     | 988/2000 [2:47:03<2:50:55, 10.13s/it]
                                                      
{'loss': '0.8794', 'grad_norm': '0.2033', 'learning_rate': '1e-06', 'epoch': '15.68'}

 49%|████▉     | 988/2000 [2:47:03<2:50:55, 10.13s/it]
 49%|████▉     | 989/2000 [2:47:13<2:51:57, 10.21s/it]
                                                      
{'loss': '0.8348', 'grad_norm': '0.1049', 'learning_rate': '1e-06', 'epoch': '15.7'}

 49%|████▉     | 989/2000 [2:47:13<2:51:57, 10.21s/it]
 50%|████▉     | 990/2000 [2:47:23<2:51:27, 10.19s/it]
                                                      
{'loss': '0.8685', 'grad_norm': '0.1403', 'learning_rate': '1e-06', 'epoch': '15.71'}

 50%|████▉     | 990/2000 [2:47:23<2:51:27, 10.19s/it]
 50%|████▉     | 991/2000 [2:47:33<2:48:37, 10.03s/it]
                                                      
{'loss': '0.7752', 'grad_norm': '0.2755', 'learning_rate': '1e-06', 'epoch': '15.73'}

 50%|████▉     | 991/2000 [2:47:33<2:48:37, 10.03s/it]
 50%|████▉     | 992/2000 [2:47:43<2:46:43,  9.92s/it]
                                                      
{'loss': '0.84', 'grad_norm': '0.1577', 'learning_rate': '1e-06', 'epoch': '15.75'}

 50%|████▉     | 992/2000 [2:47:43<2:46:43,  9.92s/it]
 50%|████▉     | 993/2000 [2:47:53<2:47:24,  9.98s/it]
                                                      
{'loss': '1.034', 'grad_norm': '0.2517', 'learning_rate': '1e-06', 'epoch': '15.76'}

 50%|████▉     | 993/2000 [2:47:53<2:47:24,  9.98s/it]
 50%|████▉     | 994/2000 [2:48:02<2:46:19,  9.92s/it]
                                                      
{'loss': '0.7525', 'grad_norm': '0.1794', 'learning_rate': '1e-06', 'epoch': '15.78'}

 50%|████▉     | 994/2000 [2:48:03<2:46:19,  9.92s/it]
 50%|████▉     | 995/2000 [2:48:13<2:49:21, 10.11s/it]
                                                      
{'loss': '0.8334', 'grad_norm': '0.1663', 'learning_rate': '1e-06', 'epoch': '15.79'}

 50%|████▉     | 995/2000 [2:48:13<2:49:21, 10.11s/it]
 50%|████▉     | 996/2000 [2:48:23<2:50:07, 10.17s/it]
                                                      
{'loss': '0.8208', 'grad_norm': '0.1602', 'learning_rate': '1e-06', 'epoch': '15.81'}

 50%|████▉     | 996/2000 [2:48:23<2:50:07, 10.17s/it]
 50%|████▉     | 997/2000 [2:48:34<2:51:01, 10.23s/it]
                                                      
{'loss': '1.106', 'grad_norm': '0.2189', 'learning_rate': '1e-06', 'epoch': '15.83'}

 50%|████▉     | 997/2000 [2:48:34<2:51:01, 10.23s/it]
 50%|████▉     | 998/2000 [2:48:43<2:47:42, 10.04s/it]
                                                      
{'loss': '0.7905', 'grad_norm': '0.1784', 'learning_rate': '1e-06', 'epoch': '15.84'}

 50%|████▉     | 998/2000 [2:48:43<2:47:42, 10.04s/it]
 50%|████▉     | 999/2000 [2:48:53<2:44:34,  9.86s/it]
                                                      
{'loss': '0.954', 'grad_norm': '0.2913', 'learning_rate': '1e-06', 'epoch': '15.86'}

 50%|████▉     | 999/2000 [2:48:53<2:44:34,  9.86s/it]
 50%|█████     | 1000/2000 [2:49:03<2:46:51, 10.01s/it]
                                                       
{'loss': '0.908', 'grad_norm': '0.212', 'learning_rate': '1e-06', 'epoch': '15.87'}

 50%|█████     | 1000/2000 [2:49:03<2:46:51, 10.01s/it]
 50%|█████     | 1001/2000 [2:49:13<2:44:49,  9.90s/it]
                                                       
{'loss': '0.7808', 'grad_norm': '0.2048', 'learning_rate': '1e-06', 'epoch': '15.89'}

 50%|█████     | 1001/2000 [2:49:13<2:44:49,  9.90s/it]
 50%|█████     | 1002/2000 [2:49:22<2:44:02,  9.86s/it]
                                                       
{'loss': '0.7324', 'grad_norm': '0.1789', 'learning_rate': '1e-06', 'epoch': '15.9'}

 50%|█████     | 1002/2000 [2:49:23<2:44:02,  9.86s/it]
 50%|█████     | 1003/2000 [2:49:33<2:45:18,  9.95s/it]
                                                       
{'loss': '0.6812', 'grad_norm': '0.3124', 'learning_rate': '1e-06', 'epoch': '15.92'}

 50%|█████     | 1003/2000 [2:49:33<2:45:18,  9.95s/it]
 50%|█████     | 1004/2000 [2:49:42<2:44:23,  9.90s/it]
                                                       
{'loss': '0.8805', 'grad_norm': '0.1631', 'learning_rate': '1e-06', 'epoch': '15.94'}

 50%|█████     | 1004/2000 [2:49:42<2:44:23,  9.90s/it]
 50%|█████     | 1005/2000 [2:49:52<2:41:10,  9.72s/it]
                                                       
{'loss': '0.6743', 'grad_norm': '0.214', 'learning_rate': '1e-06', 'epoch': '15.95'}

 50%|█████     | 1005/2000 [2:49:52<2:41:10,  9.72s/it]
 50%|█████     | 1006/2000 [2:50:02<2:43:05,  9.84s/it]
                                                       
{'loss': '0.9923', 'grad_norm': '0.197', 'learning_rate': '1e-06', 'epoch': '15.97'}

 50%|█████     | 1006/2000 [2:50:02<2:43:05,  9.84s/it]
 50%|█████     | 1007/2000 [2:50:11<2:41:38,  9.77s/it]
                                                       
{'loss': '0.6544', 'grad_norm': '0.1938', 'learning_rate': '1e-06', 'epoch': '15.98'}

 50%|█████     | 1007/2000 [2:50:12<2:41:38,  9.77s/it]
 50%|█████     | 1008/2000 [2:50:21<2:39:26,  9.64s/it]
                                                       
{'loss': '0.7555', 'grad_norm': '0.2158', 'learning_rate': '1e-06', 'epoch': '16'}

 50%|█████     | 1008/2000 [2:50:21<2:39:26,  9.64s/it]
 50%|█████     | 1009/2000 [2:50:32<2:49:01, 10.23s/it]
                                                       
{'loss': '0.8824', 'grad_norm': '0.2015', 'learning_rate': '1e-06', 'epoch': '16.02'}

 50%|█████     | 1009/2000 [2:50:32<2:49:01, 10.23s/it]
 50%|█████     | 1010/2000 [2:50:43<2:49:46, 10.29s/it]
                                                       
{'loss': '0.9155', 'grad_norm': '0.153', 'learning_rate': '1e-06', 'epoch': '16.03'}

 50%|█████     | 1010/2000 [2:50:43<2:49:46, 10.29s/it]
 51%|█████     | 1011/2000 [2:50:53<2:48:45, 10.24s/it]
                                                       
{'loss': '1.027', 'grad_norm': '0.1809', 'learning_rate': '1e-06', 'epoch': '16.05'}

 51%|█████     | 1011/2000 [2:50:53<2:48:45, 10.24s/it]
 51%|█████     | 1012/2000 [2:51:03<2:48:38, 10.24s/it]
                                                       
{'loss': '0.6823', 'grad_norm': '0.2054', 'learning_rate': '1e-06', 'epoch': '16.06'}

 51%|█████     | 1012/2000 [2:51:03<2:48:38, 10.24s/it]
 51%|█████     | 1013/2000 [2:51:13<2:46:49, 10.14s/it]
                                                       
{'loss': '0.8843', 'grad_norm': '0.1563', 'learning_rate': '1e-06', 'epoch': '16.08'}

 51%|█████     | 1013/2000 [2:51:13<2:46:49, 10.14s/it]
 51%|█████     | 1014/2000 [2:51:23<2:46:24, 10.13s/it]
                                                       
{'loss': '0.9546', 'grad_norm': '0.2634', 'learning_rate': '1e-06', 'epoch': '16.1'}

 51%|█████     | 1014/2000 [2:51:23<2:46:24, 10.13s/it]
 51%|█████     | 1015/2000 [2:51:33<2:44:38, 10.03s/it]
                                                       
{'loss': '1.102', 'grad_norm': '0.2143', 'learning_rate': '1e-06', 'epoch': '16.11'}

 51%|█████     | 1015/2000 [2:51:33<2:44:38, 10.03s/it]
 51%|█████     | 1016/2000 [2:51:43<2:41:54,  9.87s/it]
                                                       
{'loss': '0.8137', 'grad_norm': '0.185', 'learning_rate': '1e-06', 'epoch': '16.13'}

 51%|█████     | 1016/2000 [2:51:43<2:41:54,  9.87s/it]
 51%|█████     | 1017/2000 [2:51:53<2:43:34,  9.98s/it]
                                                       
{'loss': '0.8344', 'grad_norm': '0.1634', 'learning_rate': '1e-06', 'epoch': '16.14'}

 51%|█████     | 1017/2000 [2:51:53<2:43:34,  9.98s/it]
 51%|█████     | 1018/2000 [2:52:03<2:43:06,  9.97s/it]
                                                       
{'loss': '0.8228', 'grad_norm': '0.1178', 'learning_rate': '1e-06', 'epoch': '16.16'}

 51%|█████     | 1018/2000 [2:52:03<2:43:06,  9.97s/it]
 51%|█████     | 1019/2000 [2:52:13<2:46:13, 10.17s/it]
                                                       
{'loss': '0.704', 'grad_norm': '0.1854', 'learning_rate': '1e-06', 'epoch': '16.17'}

 51%|█████     | 1019/2000 [2:52:13<2:46:13, 10.17s/it]
 51%|█████     | 1020/2000 [2:52:24<2:48:35, 10.32s/it]
                                                       
{'loss': '0.772', 'grad_norm': '0.16', 'learning_rate': '1e-06', 'epoch': '16.19'}

 51%|█████     | 1020/2000 [2:52:24<2:48:35, 10.32s/it]
 51%|█████     | 1021/2000 [2:52:33<2:42:44,  9.97s/it]
                                                       
{'loss': '0.747', 'grad_norm': '0.2869', 'learning_rate': '1e-06', 'epoch': '16.21'}

 51%|█████     | 1021/2000 [2:52:33<2:42:44,  9.97s/it]
 51%|█████     | 1022/2000 [2:52:43<2:43:42, 10.04s/it]
                                                       
{'loss': '0.8745', 'grad_norm': '0.3186', 'learning_rate': '1e-06', 'epoch': '16.22'}

 51%|█████     | 1022/2000 [2:52:43<2:43:42, 10.04s/it]
 51%|█████     | 1023/2000 [2:52:54<2:47:53, 10.31s/it]
                                                       
{'loss': '0.8931', 'grad_norm': '0.1872', 'learning_rate': '1e-06', 'epoch': '16.24'}

 51%|█████     | 1023/2000 [2:52:54<2:47:53, 10.31s/it]
 51%|█████     | 1024/2000 [2:53:04<2:42:52, 10.01s/it]
                                                       
{'loss': '0.8551', 'grad_norm': '0.116', 'learning_rate': '1e-06', 'epoch': '16.25'}

 51%|█████     | 1024/2000 [2:53:04<2:42:52, 10.01s/it]
 51%|█████▏    | 1025/2000 [2:53:14<2:42:03,  9.97s/it]
                                                       
{'loss': '0.9489', 'grad_norm': '0.1902', 'learning_rate': '1e-06', 'epoch': '16.27'}

 51%|█████▏    | 1025/2000 [2:53:14<2:42:03,  9.97s/it]
 51%|█████▏    | 1026/2000 [2:53:24<2:44:04, 10.11s/it]
                                                       
{'loss': '1.016', 'grad_norm': '0.2536', 'learning_rate': '1e-06', 'epoch': '16.29'}

 51%|█████▏    | 1026/2000 [2:53:24<2:44:04, 10.11s/it]
 51%|█████▏    | 1027/2000 [2:53:33<2:39:05,  9.81s/it]
                                                       
{'loss': '0.742', 'grad_norm': '0.1448', 'learning_rate': '1e-06', 'epoch': '16.3'}

 51%|█████▏    | 1027/2000 [2:53:33<2:39:05,  9.81s/it]
 51%|█████▏    | 1028/2000 [2:53:44<2:42:54, 10.06s/it]
                                                       
{'loss': '1.031', 'grad_norm': '0.2272', 'learning_rate': '1e-06', 'epoch': '16.32'}

 51%|█████▏    | 1028/2000 [2:53:44<2:42:54, 10.06s/it]
 51%|█████▏    | 1029/2000 [2:53:53<2:40:59,  9.95s/it]
                                                       
{'loss': '0.9031', 'grad_norm': '0.1981', 'learning_rate': '1e-06', 'epoch': '16.33'}

 51%|█████▏    | 1029/2000 [2:53:53<2:40:59,  9.95s/it]
 52%|█████▏    | 1030/2000 [2:54:03<2:37:30,  9.74s/it]
                                                       
{'loss': '0.839', 'grad_norm': '0.171', 'learning_rate': '1e-06', 'epoch': '16.35'}

 52%|█████▏    | 1030/2000 [2:54:03<2:37:30,  9.74s/it]
 52%|█████▏    | 1031/2000 [2:54:13<2:38:11,  9.80s/it]
                                                       
{'loss': '0.9812', 'grad_norm': '0.1704', 'learning_rate': '1e-06', 'epoch': '16.37'}

 52%|█████▏    | 1031/2000 [2:54:13<2:38:11,  9.80s/it]
 52%|█████▏    | 1032/2000 [2:54:22<2:36:57,  9.73s/it]
                                                       
{'loss': '0.7314', 'grad_norm': '0.1503', 'learning_rate': '1e-06', 'epoch': '16.38'}

 52%|█████▏    | 1032/2000 [2:54:22<2:36:57,  9.73s/it]
 52%|█████▏    | 1033/2000 [2:54:32<2:35:38,  9.66s/it]
                                                       
{'loss': '0.661', 'grad_norm': '0.2688', 'learning_rate': '1e-06', 'epoch': '16.4'}

 52%|█████▏    | 1033/2000 [2:54:32<2:35:38,  9.66s/it]
 52%|█████▏    | 1034/2000 [2:54:42<2:40:03,  9.94s/it]
                                                       
{'loss': '0.9075', 'grad_norm': '0.282', 'learning_rate': '1e-06', 'epoch': '16.41'}

 52%|█████▏    | 1034/2000 [2:54:42<2:40:03,  9.94s/it]
 52%|█████▏    | 1035/2000 [2:54:52<2:36:50,  9.75s/it]
                                                       
{'loss': '0.8587', 'grad_norm': '0.1906', 'learning_rate': '1e-06', 'epoch': '16.43'}

 52%|█████▏    | 1035/2000 [2:54:52<2:36:50,  9.75s/it]
 52%|█████▏    | 1036/2000 [2:55:02<2:40:49, 10.01s/it]
                                                       
{'loss': '0.868', 'grad_norm': '0.1894', 'learning_rate': '1e-06', 'epoch': '16.44'}

 52%|█████▏    | 1036/2000 [2:55:02<2:40:49, 10.01s/it]
 52%|█████▏    | 1037/2000 [2:55:13<2:44:41, 10.26s/it]
                                                       
{'loss': '0.7761', 'grad_norm': '0.1307', 'learning_rate': '1e-06', 'epoch': '16.46'}

 52%|█████▏    | 1037/2000 [2:55:13<2:44:41, 10.26s/it]
 52%|█████▏    | 1038/2000 [2:55:22<2:37:34,  9.83s/it]
                                                       
{'loss': '0.7444', 'grad_norm': '0.15', 'learning_rate': '1e-06', 'epoch': '16.48'}

 52%|█████▏    | 1038/2000 [2:55:22<2:37:34,  9.83s/it]
 52%|█████▏    | 1039/2000 [2:55:32<2:39:39,  9.97s/it]
                                                       
{'loss': '0.7592', 'grad_norm': '0.1711', 'learning_rate': '1e-06', 'epoch': '16.49'}

 52%|█████▏    | 1039/2000 [2:55:32<2:39:39,  9.97s/it]
 52%|█████▏    | 1040/2000 [2:55:42<2:41:03, 10.07s/it]
                                                       
{'loss': '0.9251', 'grad_norm': '0.1692', 'learning_rate': '1e-06', 'epoch': '16.51'}

 52%|█████▏    | 1040/2000 [2:55:42<2:41:03, 10.07s/it]
 52%|█████▏    | 1041/2000 [2:55:52<2:37:13,  9.84s/it]
                                                       
{'loss': '0.9551', 'grad_norm': '0.1441', 'learning_rate': '1e-06', 'epoch': '16.52'}

 52%|█████▏    | 1041/2000 [2:55:52<2:37:13,  9.84s/it]
 52%|█████▏    | 1042/2000 [2:56:02<2:40:38, 10.06s/it]
                                                       
{'loss': '0.8439', 'grad_norm': '0.4642', 'learning_rate': '1e-06', 'epoch': '16.54'}

 52%|█████▏    | 1042/2000 [2:56:02<2:40:38, 10.06s/it]
 52%|█████▏    | 1043/2000 [2:56:12<2:37:45,  9.89s/it]
                                                       
{'loss': '1.008', 'grad_norm': '0.2051', 'learning_rate': '1e-06', 'epoch': '16.56'}

 52%|█████▏    | 1043/2000 [2:56:12<2:37:45,  9.89s/it]
 52%|█████▏    | 1044/2000 [2:56:22<2:38:54,  9.97s/it]
                                                       
{'loss': '0.763', 'grad_norm': '0.1861', 'learning_rate': '1e-06', 'epoch': '16.57'}

 52%|█████▏    | 1044/2000 [2:56:22<2:38:54,  9.97s/it]
 52%|█████▏    | 1045/2000 [2:56:33<2:41:51, 10.17s/it]
                                                       
{'loss': '0.68', 'grad_norm': '0.1497', 'learning_rate': '1e-06', 'epoch': '16.59'}

 52%|█████▏    | 1045/2000 [2:56:33<2:41:51, 10.17s/it]
 52%|█████▏    | 1046/2000 [2:56:41<2:35:31,  9.78s/it]
                                                       
{'loss': '0.5441', 'grad_norm': '0.2155', 'learning_rate': '1e-06', 'epoch': '16.6'}

 52%|█████▏    | 1046/2000 [2:56:42<2:35:31,  9.78s/it]
 52%|█████▏    | 1047/2000 [2:56:51<2:36:13,  9.84s/it]
                                                       
{'loss': '0.8889', 'grad_norm': '0.1991', 'learning_rate': '1e-06', 'epoch': '16.62'}

 52%|█████▏    | 1047/2000 [2:56:52<2:36:13,  9.84s/it]
 52%|█████▏    | 1048/2000 [2:57:02<2:37:43,  9.94s/it]
                                                       
{'loss': '0.9947', 'grad_norm': '0.1916', 'learning_rate': '1e-06', 'epoch': '16.63'}

 52%|█████▏    | 1048/2000 [2:57:02<2:37:43,  9.94s/it]
 52%|█████▏    | 1049/2000 [2:57:11<2:34:06,  9.72s/it]
                                                       
{'loss': '0.6672', 'grad_norm': '0.1791', 'learning_rate': '1e-06', 'epoch': '16.65'}

 52%|█████▏    | 1049/2000 [2:57:11<2:34:06,  9.72s/it]
 52%|█████▎    | 1050/2000 [2:57:21<2:35:25,  9.82s/it]
                                                       
{'loss': '0.8446', 'grad_norm': '0.3652', 'learning_rate': '1e-06', 'epoch': '16.67'}

 52%|█████▎    | 1050/2000 [2:57:21<2:35:25,  9.82s/it]
 53%|█████▎    | 1051/2000 [2:57:31<2:36:59,  9.93s/it]
                                                       
{'loss': '0.7916', 'grad_norm': '0.2581', 'learning_rate': '1e-06', 'epoch': '16.68'}

 53%|█████▎    | 1051/2000 [2:57:31<2:36:59,  9.93s/it]
 53%|█████▎    | 1052/2000 [2:57:41<2:36:04,  9.88s/it]
                                                       
{'loss': '0.7384', 'grad_norm': '0.1727', 'learning_rate': '1e-06', 'epoch': '16.7'}

 53%|█████▎    | 1052/2000 [2:57:41<2:36:04,  9.88s/it]
 53%|█████▎    | 1053/2000 [2:57:51<2:38:16, 10.03s/it]
                                                       
{'loss': '0.6828', 'grad_norm': '0.1483', 'learning_rate': '1e-06', 'epoch': '16.71'}

 53%|█████▎    | 1053/2000 [2:57:51<2:38:16, 10.03s/it]
 53%|█████▎    | 1054/2000 [2:58:01<2:35:17,  9.85s/it]
                                                       
{'loss': '0.8926', 'grad_norm': '0.1955', 'learning_rate': '1e-06', 'epoch': '16.73'}

 53%|█████▎    | 1054/2000 [2:58:01<2:35:17,  9.85s/it]
 53%|█████▎    | 1055/2000 [2:58:11<2:36:21,  9.93s/it]
                                                       
{'loss': '0.9971', 'grad_norm': '0.1715', 'learning_rate': '1e-06', 'epoch': '16.75'}

 53%|█████▎    | 1055/2000 [2:58:11<2:36:21,  9.93s/it]
 53%|█████▎    | 1056/2000 [2:58:21<2:38:12, 10.06s/it]
                                                       
{'loss': '0.8002', 'grad_norm': '0.143', 'learning_rate': '1e-06', 'epoch': '16.76'}

 53%|█████▎    | 1056/2000 [2:58:21<2:38:12, 10.06s/it]
 53%|█████▎    | 1057/2000 [2:58:30<2:33:36,  9.77s/it]
                                                       
{'loss': '0.8457', 'grad_norm': '0.2128', 'learning_rate': '1e-06', 'epoch': '16.78'}

 53%|█████▎    | 1057/2000 [2:58:30<2:33:36,  9.77s/it]
 53%|█████▎    | 1058/2000 [2:58:40<2:35:28,  9.90s/it]
                                                       
{'loss': '0.8171', 'grad_norm': '0.2258', 'learning_rate': '1e-06', 'epoch': '16.79'}

 53%|█████▎    | 1058/2000 [2:58:40<2:35:28,  9.90s/it]
 53%|█████▎    | 1059/2000 [2:58:50<2:33:37,  9.80s/it]
                                                       
{'loss': '1.062', 'grad_norm': '0.2158', 'learning_rate': '1e-06', 'epoch': '16.81'}

 53%|█████▎    | 1059/2000 [2:58:50<2:33:37,  9.80s/it]
 53%|█████▎    | 1060/2000 [2:59:00<2:33:56,  9.83s/it]
                                                       
{'loss': '0.9215', 'grad_norm': '0.239', 'learning_rate': '1e-06', 'epoch': '16.83'}

 53%|█████▎    | 1060/2000 [2:59:00<2:33:56,  9.83s/it]
 53%|█████▎    | 1061/2000 [2:59:11<2:38:06, 10.10s/it]
                                                       
{'loss': '0.7344', 'grad_norm': '0.106', 'learning_rate': '1e-06', 'epoch': '16.84'}

 53%|█████▎    | 1061/2000 [2:59:11<2:38:06, 10.10s/it]
 53%|█████▎    | 1062/2000 [2:59:20<2:34:52,  9.91s/it]
                                                       
{'loss': '0.8023', 'grad_norm': '0.1605', 'learning_rate': '1e-06', 'epoch': '16.86'}

 53%|█████▎    | 1062/2000 [2:59:20<2:34:52,  9.91s/it]
 53%|█████▎    | 1063/2000 [2:59:30<2:35:03,  9.93s/it]
                                                       
{'loss': '0.9387', 'grad_norm': '0.175', 'learning_rate': '1e-06', 'epoch': '16.87'}

 53%|█████▎    | 1063/2000 [2:59:30<2:35:03,  9.93s/it]
 53%|█████▎    | 1064/2000 [2:59:41<2:38:03, 10.13s/it]
                                                       
{'loss': '0.7178', 'grad_norm': '0.1784', 'learning_rate': '1e-06', 'epoch': '16.89'}

 53%|█████▎    | 1064/2000 [2:59:41<2:38:03, 10.13s/it]
 53%|█████▎    | 1065/2000 [2:59:50<2:36:00, 10.01s/it]
                                                       
{'loss': '0.7413', 'grad_norm': '0.132', 'learning_rate': '1e-06', 'epoch': '16.9'}

 53%|█████▎    | 1065/2000 [2:59:50<2:36:00, 10.01s/it]
 53%|█████▎    | 1066/2000 [3:00:01<2:38:44, 10.20s/it]
                                                       
{'loss': '0.797', 'grad_norm': '0.2462', 'learning_rate': '1e-06', 'epoch': '16.92'}

 53%|█████▎    | 1066/2000 [3:00:01<2:38:44, 10.20s/it]
 53%|█████▎    | 1067/2000 [3:00:11<2:36:17, 10.05s/it]
                                                       
{'loss': '0.759', 'grad_norm': '0.1784', 'learning_rate': '1e-06', 'epoch': '16.94'}

 53%|█████▎    | 1067/2000 [3:00:11<2:36:17, 10.05s/it]
 53%|█████▎    | 1068/2000 [3:00:21<2:37:19, 10.13s/it]
                                                       
{'loss': '0.8079', 'grad_norm': '0.1687', 'learning_rate': '1e-06', 'epoch': '16.95'}

 53%|█████▎    | 1068/2000 [3:00:21<2:37:19, 10.13s/it]
 53%|█████▎    | 1069/2000 [3:00:31<2:36:27, 10.08s/it]
                                                       
{'loss': '0.7291', 'grad_norm': '0.209', 'learning_rate': '1e-06', 'epoch': '16.97'}

 53%|█████▎    | 1069/2000 [3:00:31<2:36:27, 10.08s/it]
 54%|█████▎    | 1070/2000 [3:00:40<2:31:44,  9.79s/it]
                                                       
{'loss': '0.8582', 'grad_norm': '0.2166', 'learning_rate': '1e-06', 'epoch': '16.98'}

 54%|█████▎    | 1070/2000 [3:00:40<2:31:44,  9.79s/it]
 54%|█████▎    | 1071/2000 [3:00:51<2:34:53, 10.00s/it]
                                                       
{'loss': '0.9166', 'grad_norm': '0.2261', 'learning_rate': '1e-06', 'epoch': '17'}

 54%|█████▎    | 1071/2000 [3:00:51<2:34:53, 10.00s/it]
 54%|█████▎    | 1072/2000 [3:01:03<2:46:28, 10.76s/it]
                                                       
{'loss': '0.8151', 'grad_norm': '0.1774', 'learning_rate': '1e-06', 'epoch': '17.02'}

 54%|█████▎    | 1072/2000 [3:01:03<2:46:28, 10.76s/it]
 54%|█████▎    | 1073/2000 [3:01:13<2:40:20, 10.38s/it]
                                                       
{'loss': '0.8504', 'grad_norm': '0.1597', 'learning_rate': '1e-06', 'epoch': '17.03'}

 54%|█████▎    | 1073/2000 [3:01:13<2:40:20, 10.38s/it]
 54%|█████▎    | 1074/2000 [3:01:24<2:42:59, 10.56s/it]
                                                       
{'loss': '0.8576', 'grad_norm': '0.152', 'learning_rate': '1e-06', 'epoch': '17.05'}

 54%|█████▎    | 1074/2000 [3:01:24<2:42:59, 10.56s/it]
 54%|█████▍    | 1075/2000 [3:01:33<2:39:29, 10.35s/it]
                                                       
{'loss': '0.8192', 'grad_norm': '0.1352', 'learning_rate': '1e-06', 'epoch': '17.06'}

 54%|█████▍    | 1075/2000 [3:01:34<2:39:29, 10.35s/it]
 54%|█████▍    | 1076/2000 [3:01:42<2:32:29,  9.90s/it]
                                                       
{'loss': '1.029', 'grad_norm': '0.2487', 'learning_rate': '1e-06', 'epoch': '17.08'}

 54%|█████▍    | 1076/2000 [3:01:42<2:32:29,  9.90s/it]
 54%|█████▍    | 1077/2000 [3:01:53<2:36:49, 10.19s/it]
                                                       
{'loss': '0.9966', 'grad_norm': '0.2166', 'learning_rate': '1e-06', 'epoch': '17.1'}

 54%|█████▍    | 1077/2000 [3:01:53<2:36:49, 10.19s/it]
 54%|█████▍    | 1078/2000 [3:02:03<2:35:38, 10.13s/it]
                                                       
{'loss': '0.8972', 'grad_norm': '0.1377', 'learning_rate': '1e-06', 'epoch': '17.11'}

 54%|█████▍    | 1078/2000 [3:02:03<2:35:38, 10.13s/it]
 54%|█████▍    | 1079/2000 [3:02:13<2:36:06, 10.17s/it]
                                                       
{'loss': '0.6657', 'grad_norm': '0.2325', 'learning_rate': '1e-06', 'epoch': '17.13'}

 54%|█████▍    | 1079/2000 [3:02:13<2:36:06, 10.17s/it]
 54%|█████▍    | 1080/2000 [3:02:23<2:32:57,  9.98s/it]
                                                       
{'loss': '0.8748', 'grad_norm': '0.1318', 'learning_rate': '1e-06', 'epoch': '17.14'}

 54%|█████▍    | 1080/2000 [3:02:23<2:32:57,  9.98s/it]
 54%|█████▍    | 1081/2000 [3:02:33<2:31:23,  9.88s/it]
                                                       
{'loss': '0.9031', 'grad_norm': '0.1889', 'learning_rate': '1e-06', 'epoch': '17.16'}

 54%|█████▍    | 1081/2000 [3:02:33<2:31:23,  9.88s/it]
 54%|█████▍    | 1082/2000 [3:02:44<2:35:54, 10.19s/it]
                                                       
{'loss': '0.8516', 'grad_norm': '0.1466', 'learning_rate': '1e-06', 'epoch': '17.17'}

 54%|█████▍    | 1082/2000 [3:02:44<2:35:54, 10.19s/it]
 54%|█████▍    | 1083/2000 [3:02:53<2:33:45, 10.06s/it]
                                                       
{'loss': '0.8716', 'grad_norm': '0.1582', 'learning_rate': '1e-06', 'epoch': '17.19'}

 54%|█████▍    | 1083/2000 [3:02:53<2:33:45, 10.06s/it]
 54%|█████▍    | 1084/2000 [3:03:03<2:33:47, 10.07s/it]
                                                       
{'loss': '0.9918', 'grad_norm': '0.1572', 'learning_rate': '1e-06', 'epoch': '17.21'}

 54%|█████▍    | 1084/2000 [3:03:03<2:33:47, 10.07s/it]
 54%|█████▍    | 1085/2000 [3:03:13<2:33:07, 10.04s/it]
                                                       
{'loss': '0.9167', 'grad_norm': '0.1881', 'learning_rate': '1e-06', 'epoch': '17.22'}

 54%|█████▍    | 1085/2000 [3:03:13<2:33:07, 10.04s/it]
 54%|█████▍    | 1086/2000 [3:03:23<2:31:55,  9.97s/it]
                                                       
{'loss': '0.756', 'grad_norm': '0.1922', 'learning_rate': '1e-06', 'epoch': '17.24'}

 54%|█████▍    | 1086/2000 [3:03:23<2:31:55,  9.97s/it]
 54%|█████▍    | 1087/2000 [3:03:34<2:34:31, 10.16s/it]
                                                       
{'loss': '0.8197', 'grad_norm': '0.2024', 'learning_rate': '1e-06', 'epoch': '17.25'}

 54%|█████▍    | 1087/2000 [3:03:34<2:34:31, 10.16s/it]
 54%|█████▍    | 1088/2000 [3:03:44<2:32:49, 10.05s/it]
                                                       
{'loss': '0.7811', 'grad_norm': '0.1522', 'learning_rate': '1e-06', 'epoch': '17.27'}

 54%|█████▍    | 1088/2000 [3:03:44<2:32:49, 10.05s/it]
 54%|█████▍    | 1089/2000 [3:03:53<2:29:34,  9.85s/it]
                                                       
{'loss': '0.6816', 'grad_norm': '0.2517', 'learning_rate': '1e-06', 'epoch': '17.29'}

 54%|█████▍    | 1089/2000 [3:03:53<2:29:34,  9.85s/it]
 55%|█████▍    | 1090/2000 [3:04:04<2:34:12, 10.17s/it]
                                                       
{'loss': '0.7722', 'grad_norm': '0.2415', 'learning_rate': '1e-06', 'epoch': '17.3'}

 55%|█████▍    | 1090/2000 [3:04:04<2:34:12, 10.17s/it]
 55%|█████▍    | 1091/2000 [3:04:14<2:32:40, 10.08s/it]
                                                       
{'loss': '0.8246', 'grad_norm': '0.159', 'learning_rate': '1e-06', 'epoch': '17.32'}

 55%|█████▍    | 1091/2000 [3:04:14<2:32:40, 10.08s/it]
 55%|█████▍    | 1092/2000 [3:04:24<2:32:01, 10.05s/it]
                                                       
{'loss': '0.9', 'grad_norm': '0.0935', 'learning_rate': '1e-06', 'epoch': '17.33'}

 55%|█████▍    | 1092/2000 [3:04:24<2:32:01, 10.05s/it]
 55%|█████▍    | 1093/2000 [3:04:34<2:32:43, 10.10s/it]
                                                       
{'loss': '0.7807', 'grad_norm': '0.2047', 'learning_rate': '1e-06', 'epoch': '17.35'}

 55%|█████▍    | 1093/2000 [3:04:34<2:32:43, 10.10s/it]
 55%|█████▍    | 1094/2000 [3:04:44<2:30:38,  9.98s/it]
                                                       
{'loss': '0.7787', 'grad_norm': '0.1309', 'learning_rate': '1e-06', 'epoch': '17.37'}

 55%|█████▍    | 1094/2000 [3:04:44<2:30:38,  9.98s/it]
 55%|█████▍    | 1095/2000 [3:04:54<2:34:37, 10.25s/it]
                                                       
{'loss': '0.8126', 'grad_norm': '0.1859', 'learning_rate': '1e-06', 'epoch': '17.38'}

 55%|█████▍    | 1095/2000 [3:04:55<2:34:37, 10.25s/it]
 55%|█████▍    | 1096/2000 [3:05:05<2:33:30, 10.19s/it]
                                                       
{'loss': '0.7678', 'grad_norm': '0.1709', 'learning_rate': '1e-06', 'epoch': '17.4'}

 55%|█████▍    | 1096/2000 [3:05:05<2:33:30, 10.19s/it]
 55%|█████▍    | 1097/2000 [3:05:15<2:33:54, 10.23s/it]
                                                       
{'loss': '0.8011', 'grad_norm': '0.1731', 'learning_rate': '1e-06', 'epoch': '17.41'}

 55%|█████▍    | 1097/2000 [3:05:15<2:33:54, 10.23s/it]
 55%|█████▍    | 1098/2000 [3:05:26<2:35:56, 10.37s/it]
                                                       
{'loss': '0.7463', 'grad_norm': '0.1376', 'learning_rate': '1e-06', 'epoch': '17.43'}

 55%|█████▍    | 1098/2000 [3:05:26<2:35:56, 10.37s/it]
 55%|█████▍    | 1099/2000 [3:05:35<2:32:23, 10.15s/it]
                                                       
{'loss': '0.7716', 'grad_norm': '0.1476', 'learning_rate': '1e-06', 'epoch': '17.44'}

 55%|█████▍    | 1099/2000 [3:05:35<2:32:23, 10.15s/it]
 55%|█████▌    | 1100/2000 [3:05:45<2:30:00, 10.00s/it]
                                                       
{'loss': '0.9084', 'grad_norm': '0.1762', 'learning_rate': '1e-06', 'epoch': '17.46'}

 55%|█████▌    | 1100/2000 [3:05:45<2:30:00, 10.00s/it]
 55%|█████▌    | 1101/2000 [3:05:55<2:29:53, 10.00s/it]
                                                       
{'loss': '0.8379', 'grad_norm': '0.388', 'learning_rate': '1e-06', 'epoch': '17.48'}

 55%|█████▌    | 1101/2000 [3:05:55<2:29:53, 10.00s/it]
 55%|█████▌    | 1102/2000 [3:06:05<2:31:31, 10.12s/it]
                                                       
{'loss': '0.8232', 'grad_norm': '0.214', 'learning_rate': '1e-06', 'epoch': '17.49'}

 55%|█████▌    | 1102/2000 [3:06:05<2:31:31, 10.12s/it]
 55%|█████▌    | 1103/2000 [3:06:15<2:31:09, 10.11s/it]
                                                       
{'loss': '0.986', 'grad_norm': '0.3206', 'learning_rate': '1e-06', 'epoch': '17.51'}

 55%|█████▌    | 1103/2000 [3:06:15<2:31:09, 10.11s/it]
 55%|█████▌    | 1104/2000 [3:06:24<2:26:07,  9.78s/it]
                                                       
{'loss': '0.843', 'grad_norm': '0.1434', 'learning_rate': '1e-06', 'epoch': '17.52'}

 55%|█████▌    | 1104/2000 [3:06:24<2:26:07,  9.78s/it]
 55%|█████▌    | 1105/2000 [3:06:34<2:26:31,  9.82s/it]
                                                       
{'loss': '0.9159', 'grad_norm': '0.1997', 'learning_rate': '1e-06', 'epoch': '17.54'}

 55%|█████▌    | 1105/2000 [3:06:34<2:26:31,  9.82s/it]
 55%|█████▌    | 1106/2000 [3:06:45<2:28:34,  9.97s/it]
                                                       
{'loss': '0.6978', 'grad_norm': '0.1522', 'learning_rate': '1e-06', 'epoch': '17.56'}

 55%|█████▌    | 1106/2000 [3:06:45<2:28:34,  9.97s/it]
 55%|█████▌    | 1107/2000 [3:06:54<2:26:41,  9.86s/it]
                                                       
{'loss': '0.8811', 'grad_norm': '0.19', 'learning_rate': '1e-06', 'epoch': '17.57'}

 55%|█████▌    | 1107/2000 [3:06:54<2:26:41,  9.86s/it]
 55%|█████▌    | 1108/2000 [3:07:05<2:29:53, 10.08s/it]
                                                       
{'loss': '0.8395', 'grad_norm': '0.2028', 'learning_rate': '1e-06', 'epoch': '17.59'}

 55%|█████▌    | 1108/2000 [3:07:05<2:29:53, 10.08s/it]
 55%|█████▌    | 1109/2000 [3:07:14<2:26:15,  9.85s/it]
                                                       
{'loss': '0.8871', 'grad_norm': '0.302', 'learning_rate': '1e-06', 'epoch': '17.6'}

 55%|█████▌    | 1109/2000 [3:07:14<2:26:15,  9.85s/it]
 56%|█████▌    | 1110/2000 [3:07:25<2:29:59, 10.11s/it]
                                                       
{'loss': '0.9707', 'grad_norm': '0.1912', 'learning_rate': '1e-06', 'epoch': '17.62'}

 56%|█████▌    | 1110/2000 [3:07:25<2:29:59, 10.11s/it]
 56%|█████▌    | 1111/2000 [3:07:35<2:29:11, 10.07s/it]
                                                       
{'loss': '0.8344', 'grad_norm': '0.1795', 'learning_rate': '1e-06', 'epoch': '17.63'}

 56%|█████▌    | 1111/2000 [3:07:35<2:29:11, 10.07s/it]
 56%|█████▌    | 1112/2000 [3:07:45<2:29:54, 10.13s/it]
                                                       
{'loss': '0.6719', 'grad_norm': '0.1528', 'learning_rate': '1e-06', 'epoch': '17.65'}

 56%|█████▌    | 1112/2000 [3:07:45<2:29:54, 10.13s/it]
 56%|█████▌    | 1113/2000 [3:07:56<2:31:48, 10.27s/it]
                                                       
{'loss': '0.843', 'grad_norm': '0.175', 'learning_rate': '1e-06', 'epoch': '17.67'}

 56%|█████▌    | 1113/2000 [3:07:56<2:31:48, 10.27s/it]
 56%|█████▌    | 1114/2000 [3:08:05<2:27:47, 10.01s/it]
                                                       
{'loss': '0.986', 'grad_norm': '0.2454', 'learning_rate': '1e-06', 'epoch': '17.68'}

 56%|█████▌    | 1114/2000 [3:08:05<2:27:47, 10.01s/it]
 56%|█████▌    | 1115/2000 [3:08:15<2:27:42, 10.01s/it]
                                                       
{'loss': '0.8188', 'grad_norm': '0.1958', 'learning_rate': '1e-06', 'epoch': '17.7'}

 56%|█████▌    | 1115/2000 [3:08:15<2:27:42, 10.01s/it]
 56%|█████▌    | 1116/2000 [3:08:25<2:27:39, 10.02s/it]
                                                       
{'loss': '1.004', 'grad_norm': '0.1263', 'learning_rate': '1e-06', 'epoch': '17.71'}

 56%|█████▌    | 1116/2000 [3:08:25<2:27:39, 10.02s/it]
 56%|█████▌    | 1117/2000 [3:08:34<2:24:17,  9.80s/it]
                                                       
{'loss': '0.7408', 'grad_norm': '0.1709', 'learning_rate': '1e-06', 'epoch': '17.73'}

 56%|█████▌    | 1117/2000 [3:08:34<2:24:17,  9.80s/it]
 56%|█████▌    | 1118/2000 [3:08:45<2:28:14, 10.08s/it]
                                                       
{'loss': '0.8741', 'grad_norm': '0.157', 'learning_rate': '1e-06', 'epoch': '17.75'}

 56%|█████▌    | 1118/2000 [3:08:45<2:28:14, 10.08s/it]
 56%|█████▌    | 1119/2000 [3:08:54<2:23:40,  9.78s/it]
                                                       
{'loss': '0.7722', 'grad_norm': '0.2139', 'learning_rate': '1e-06', 'epoch': '17.76'}

 56%|█████▌    | 1119/2000 [3:08:54<2:23:40,  9.78s/it]
 56%|█████▌    | 1120/2000 [3:09:04<2:21:45,  9.67s/it]
                                                       
{'loss': '0.8593', 'grad_norm': '0.2209', 'learning_rate': '1e-06', 'epoch': '17.78'}

 56%|█████▌    | 1120/2000 [3:09:04<2:21:45,  9.67s/it]
 56%|█████▌    | 1121/2000 [3:09:14<2:24:40,  9.88s/it]
                                                       
{'loss': '0.7355', 'grad_norm': '0.1519', 'learning_rate': '1e-06', 'epoch': '17.79'}

 56%|█████▌    | 1121/2000 [3:09:14<2:24:40,  9.88s/it]
 56%|█████▌    | 1122/2000 [3:09:23<2:22:07,  9.71s/it]
                                                       
{'loss': '1.106', 'grad_norm': '0.2955', 'learning_rate': '1e-06', 'epoch': '17.81'}

 56%|█████▌    | 1122/2000 [3:09:23<2:22:07,  9.71s/it]
 56%|█████▌    | 1123/2000 [3:09:33<2:21:47,  9.70s/it]
                                                       
{'loss': '0.6186', 'grad_norm': '0.1496', 'learning_rate': '1e-06', 'epoch': '17.83'}

 56%|█████▌    | 1123/2000 [3:09:33<2:21:47,  9.70s/it]
 56%|█████▌    | 1124/2000 [3:09:43<2:21:16,  9.68s/it]
                                                       
{'loss': '0.8165', 'grad_norm': '0.2996', 'learning_rate': '1e-06', 'epoch': '17.84'}

 56%|█████▌    | 1124/2000 [3:09:43<2:21:16,  9.68s/it]
 56%|█████▋    | 1125/2000 [3:09:52<2:22:00,  9.74s/it]
                                                       
{'loss': '0.975', 'grad_norm': '0.1266', 'learning_rate': '1e-06', 'epoch': '17.86'}

 56%|█████▋    | 1125/2000 [3:09:53<2:22:00,  9.74s/it]
 56%|█████▋    | 1126/2000 [3:10:03<2:26:06, 10.03s/it]
                                                       
{'loss': '0.6747', 'grad_norm': '0.1983', 'learning_rate': '1e-06', 'epoch': '17.87'}

 56%|█████▋    | 1126/2000 [3:10:03<2:26:06, 10.03s/it]
 56%|█████▋    | 1127/2000 [3:10:13<2:25:33, 10.00s/it]
                                                       
{'loss': '0.7866', 'grad_norm': '0.1617', 'learning_rate': '1e-06', 'epoch': '17.89'}

 56%|█████▋    | 1127/2000 [3:10:13<2:25:33, 10.00s/it]
 56%|█████▋    | 1128/2000 [3:10:23<2:23:47,  9.89s/it]
                                                       
{'loss': '0.7265', 'grad_norm': '0.1438', 'learning_rate': '1e-06', 'epoch': '17.9'}

 56%|█████▋    | 1128/2000 [3:10:23<2:23:47,  9.89s/it]
 56%|█████▋    | 1129/2000 [3:10:33<2:24:21,  9.94s/it]
                                                       
{'loss': '0.8445', 'grad_norm': '0.15', 'learning_rate': '1e-06', 'epoch': '17.92'}

 56%|█████▋    | 1129/2000 [3:10:33<2:24:21,  9.94s/it]
 56%|█████▋    | 1130/2000 [3:10:42<2:21:17,  9.74s/it]
                                                       
{'loss': '0.8431', 'grad_norm': '0.1709', 'learning_rate': '1e-06', 'epoch': '17.94'}

 56%|█████▋    | 1130/2000 [3:10:42<2:21:17,  9.74s/it]
 57%|█████▋    | 1131/2000 [3:10:54<2:28:33, 10.26s/it]
                                                       
{'loss': '0.6161', 'grad_norm': '0.2592', 'learning_rate': '1e-06', 'epoch': '17.95'}

 57%|█████▋    | 1131/2000 [3:10:54<2:28:33, 10.26s/it]
 57%|█████▋    | 1132/2000 [3:11:03<2:25:18, 10.04s/it]
                                                       
{'loss': '0.7997', 'grad_norm': '0.2218', 'learning_rate': '1e-06', 'epoch': '17.97'}

 57%|█████▋    | 1132/2000 [3:11:03<2:25:18, 10.04s/it]
 57%|█████▋    | 1133/2000 [3:11:13<2:22:57,  9.89s/it]
                                                       
{'loss': '0.8997', 'grad_norm': '0.2008', 'learning_rate': '1e-06', 'epoch': '17.98'}

 57%|█████▋    | 1133/2000 [3:11:13<2:22:57,  9.89s/it]
 57%|█████▋    | 1134/2000 [3:11:24<2:28:37, 10.30s/it]
                                                       
{'loss': '0.8695', 'grad_norm': '0.1375', 'learning_rate': '1e-06', 'epoch': '18'}

 57%|█████▋    | 1134/2000 [3:11:24<2:28:37, 10.30s/it]
 57%|█████▋    | 1135/2000 [3:11:34<2:27:27, 10.23s/it]
                                                       
{'loss': '0.8958', 'grad_norm': '0.2178', 'learning_rate': '1e-06', 'epoch': '18.02'}

 57%|█████▋    | 1135/2000 [3:11:34<2:27:27, 10.23s/it]
 57%|█████▋    | 1136/2000 [3:11:45<2:29:41, 10.39s/it]
                                                       
{'loss': '1.005', 'grad_norm': '0.1742', 'learning_rate': '1e-06', 'epoch': '18.03'}

 57%|█████▋    | 1136/2000 [3:11:45<2:29:41, 10.39s/it]
 57%|█████▋    | 1137/2000 [3:11:55<2:30:08, 10.44s/it]
                                                       
{'loss': '0.9397', 'grad_norm': '0.1753', 'learning_rate': '1e-06', 'epoch': '18.05'}

 57%|█████▋    | 1137/2000 [3:11:55<2:30:08, 10.44s/it]
 57%|█████▋    | 1138/2000 [3:12:05<2:24:52, 10.08s/it]
                                                       
{'loss': '0.8815', 'grad_norm': '0.16', 'learning_rate': '1e-06', 'epoch': '18.06'}

 57%|█████▋    | 1138/2000 [3:12:05<2:24:52, 10.08s/it]
 57%|█████▋    | 1139/2000 [3:12:15<2:27:20, 10.27s/it]
                                                       
{'loss': '0.683', 'grad_norm': '0.2783', 'learning_rate': '1e-06', 'epoch': '18.08'}

 57%|█████▋    | 1139/2000 [3:12:15<2:27:20, 10.27s/it]
 57%|█████▋    | 1140/2000 [3:12:25<2:27:03, 10.26s/it]
                                                       
{'loss': '0.8502', 'grad_norm': '0.1855', 'learning_rate': '1e-06', 'epoch': '18.1'}

 57%|█████▋    | 1140/2000 [3:12:26<2:27:03, 10.26s/it]
 57%|█████▋    | 1141/2000 [3:12:36<2:27:11, 10.28s/it]
                                                       
{'loss': '0.7216', 'grad_norm': '0.1315', 'learning_rate': '1e-06', 'epoch': '18.11'}

 57%|█████▋    | 1141/2000 [3:12:36<2:27:11, 10.28s/it]
 57%|█████▋    | 1142/2000 [3:12:46<2:27:48, 10.34s/it]
                                                       
{'loss': '0.6644', 'grad_norm': '0.1691', 'learning_rate': '1e-06', 'epoch': '18.13'}

 57%|█████▋    | 1142/2000 [3:12:46<2:27:48, 10.34s/it]
 57%|█████▋    | 1143/2000 [3:12:56<2:24:55, 10.15s/it]
                                                       
{'loss': '0.6524', 'grad_norm': '0.1865', 'learning_rate': '1e-06', 'epoch': '18.14'}

 57%|█████▋    | 1143/2000 [3:12:56<2:24:55, 10.15s/it]
 57%|█████▋    | 1144/2000 [3:13:06<2:22:34,  9.99s/it]
                                                       
{'loss': '0.7199', 'grad_norm': '0.2038', 'learning_rate': '1e-06', 'epoch': '18.16'}

 57%|█████▋    | 1144/2000 [3:13:06<2:22:34,  9.99s/it]
 57%|█████▋    | 1145/2000 [3:13:16<2:25:35, 10.22s/it]
                                                       
{'loss': '0.7997', 'grad_norm': '0.133', 'learning_rate': '1e-06', 'epoch': '18.17'}

 57%|█████▋    | 1145/2000 [3:13:16<2:25:35, 10.22s/it]
 57%|█████▋    | 1146/2000 [3:13:26<2:23:14, 10.06s/it]
                                                       
{'loss': '0.8868', 'grad_norm': '0.2308', 'learning_rate': '1e-06', 'epoch': '18.19'}

 57%|█████▋    | 1146/2000 [3:13:26<2:23:14, 10.06s/it]
 57%|█████▋    | 1147/2000 [3:13:36<2:22:44, 10.04s/it]
                                                       
{'loss': '0.8549', 'grad_norm': '0.122', 'learning_rate': '1e-06', 'epoch': '18.21'}

 57%|█████▋    | 1147/2000 [3:13:36<2:22:44, 10.04s/it]
 57%|█████▋    | 1148/2000 [3:13:47<2:25:18, 10.23s/it]
                                                       
{'loss': '0.6974', 'grad_norm': '0.1158', 'learning_rate': '1e-06', 'epoch': '18.22'}

 57%|█████▋    | 1148/2000 [3:13:47<2:25:18, 10.23s/it]
 57%|█████▋    | 1149/2000 [3:13:56<2:20:29,  9.90s/it]
                                                       
{'loss': '0.8944', 'grad_norm': '0.2037', 'learning_rate': '1e-06', 'epoch': '18.24'}

 57%|█████▋    | 1149/2000 [3:13:56<2:20:29,  9.90s/it]
 57%|█████▊    | 1150/2000 [3:14:06<2:21:45, 10.01s/it]
                                                       
{'loss': '0.6077', 'grad_norm': '0.1548', 'learning_rate': '1e-06', 'epoch': '18.25'}

 57%|█████▊    | 1150/2000 [3:14:06<2:21:45, 10.01s/it]
 58%|█████▊    | 1151/2000 [3:14:16<2:20:49,  9.95s/it]
                                                       
{'loss': '0.9656', 'grad_norm': '0.183', 'learning_rate': '1e-06', 'epoch': '18.27'}

 58%|█████▊    | 1151/2000 [3:14:16<2:20:49,  9.95s/it]
 58%|█████▊    | 1152/2000 [3:14:26<2:22:52, 10.11s/it]
                                                       
{'loss': '0.8285', 'grad_norm': '0.2211', 'learning_rate': '1e-06', 'epoch': '18.29'}

 58%|█████▊    | 1152/2000 [3:14:27<2:22:52, 10.11s/it]
 58%|█████▊    | 1153/2000 [3:14:36<2:22:34, 10.10s/it]
                                                       
{'loss': '0.8509', 'grad_norm': '0.1515', 'learning_rate': '1e-06', 'epoch': '18.3'}

 58%|█████▊    | 1153/2000 [3:14:37<2:22:34, 10.10s/it]
 58%|█████▊    | 1154/2000 [3:14:47<2:22:05, 10.08s/it]
                                                       
{'loss': '0.7841', 'grad_norm': '0.2216', 'learning_rate': '1e-06', 'epoch': '18.32'}

 58%|█████▊    | 1154/2000 [3:14:47<2:22:05, 10.08s/it]
 58%|█████▊    | 1155/2000 [3:14:56<2:20:02,  9.94s/it]
                                                       
{'loss': '0.6784', 'grad_norm': '0.2129', 'learning_rate': '1e-06', 'epoch': '18.33'}

 58%|█████▊    | 1155/2000 [3:14:56<2:20:02,  9.94s/it]
 58%|█████▊    | 1156/2000 [3:15:07<2:22:29, 10.13s/it]
                                                       
{'loss': '0.7765', 'grad_norm': '0.1649', 'learning_rate': '1e-06', 'epoch': '18.35'}

 58%|█████▊    | 1156/2000 [3:15:07<2:22:29, 10.13s/it]
 58%|█████▊    | 1157/2000 [3:15:17<2:21:29, 10.07s/it]
                                                       
{'loss': '0.8917', 'grad_norm': '0.2794', 'learning_rate': '1e-06', 'epoch': '18.37'}

 58%|█████▊    | 1157/2000 [3:15:17<2:21:29, 10.07s/it]
 58%|█████▊    | 1158/2000 [3:15:27<2:23:28, 10.22s/it]
                                                       
{'loss': '0.6981', 'grad_norm': '0.1454', 'learning_rate': '1e-06', 'epoch': '18.38'}

 58%|█████▊    | 1158/2000 [3:15:27<2:23:28, 10.22s/it]
 58%|█████▊    | 1159/2000 [3:15:37<2:21:43, 10.11s/it]
                                                       
{'loss': '0.6609', 'grad_norm': '0.2088', 'learning_rate': '1e-06', 'epoch': '18.4'}

 58%|█████▊    | 1159/2000 [3:15:37<2:21:43, 10.11s/it]
 58%|█████▊    | 1160/2000 [3:15:47<2:18:57,  9.93s/it]
                                                       
{'loss': '1.058', 'grad_norm': '0.2351', 'learning_rate': '1e-06', 'epoch': '18.41'}

 58%|█████▊    | 1160/2000 [3:15:47<2:18:57,  9.93s/it]
 58%|█████▊    | 1161/2000 [3:15:56<2:14:55,  9.65s/it]
                                                       
{'loss': '0.6291', 'grad_norm': '0.1645', 'learning_rate': '1e-06', 'epoch': '18.43'}

 58%|█████▊    | 1161/2000 [3:15:56<2:14:55,  9.65s/it]
 58%|█████▊    | 1162/2000 [3:16:07<2:23:13, 10.25s/it]
                                                       
{'loss': '0.9402', 'grad_norm': '0.1951', 'learning_rate': '1e-06', 'epoch': '18.44'}

 58%|█████▊    | 1162/2000 [3:16:07<2:23:13, 10.25s/it]
 58%|█████▊    | 1163/2000 [3:16:16<2:16:51,  9.81s/it]
                                                       
{'loss': '0.6956', 'grad_norm': '0.1667', 'learning_rate': '1e-06', 'epoch': '18.46'}

 58%|█████▊    | 1163/2000 [3:16:16<2:16:51,  9.81s/it]
 58%|█████▊    | 1164/2000 [3:16:26<2:17:46,  9.89s/it]
                                                       
{'loss': '0.7162', 'grad_norm': '0.1301', 'learning_rate': '1e-06', 'epoch': '18.48'}

 58%|█████▊    | 1164/2000 [3:16:26<2:17:46,  9.89s/it]
 58%|█████▊    | 1165/2000 [3:16:36<2:19:09, 10.00s/it]
                                                       
{'loss': '0.9872', 'grad_norm': '0.1568', 'learning_rate': '1e-06', 'epoch': '18.49'}

 58%|█████▊    | 1165/2000 [3:16:36<2:19:09, 10.00s/it]
 58%|█████▊    | 1166/2000 [3:16:46<2:17:11,  9.87s/it]
                                                       
{'loss': '0.813', 'grad_norm': '0.1939', 'learning_rate': '1e-06', 'epoch': '18.51'}

 58%|█████▊    | 1166/2000 [3:16:46<2:17:11,  9.87s/it]
 58%|█████▊    | 1167/2000 [3:16:56<2:19:23, 10.04s/it]
                                                       
{'loss': '0.9594', 'grad_norm': '0.2633', 'learning_rate': '1e-06', 'epoch': '18.52'}

 58%|█████▊    | 1167/2000 [3:16:56<2:19:23, 10.04s/it]
 58%|█████▊    | 1168/2000 [3:17:06<2:19:01, 10.03s/it]
                                                       
{'loss': '1.048', 'grad_norm': '0.3983', 'learning_rate': '1e-06', 'epoch': '18.54'}

 58%|█████▊    | 1168/2000 [3:17:06<2:19:01, 10.03s/it]
 58%|█████▊    | 1169/2000 [3:17:16<2:16:40,  9.87s/it]
                                                       
{'loss': '0.7764', 'grad_norm': '0.203', 'learning_rate': '1e-06', 'epoch': '18.56'}

 58%|█████▊    | 1169/2000 [3:17:16<2:16:40,  9.87s/it]
 58%|█████▊    | 1170/2000 [3:17:26<2:16:11,  9.85s/it]
                                                       
{'loss': '0.8173', 'grad_norm': '0.1945', 'learning_rate': '1e-06', 'epoch': '18.57'}

 58%|█████▊    | 1170/2000 [3:17:26<2:16:11,  9.85s/it]
 59%|█████▊    | 1171/2000 [3:17:35<2:15:15,  9.79s/it]
                                                       
{'loss': '0.8542', 'grad_norm': '0.1473', 'learning_rate': '1e-06', 'epoch': '18.59'}

 59%|█████▊    | 1171/2000 [3:17:35<2:15:15,  9.79s/it]
 59%|█████▊    | 1172/2000 [3:17:45<2:16:06,  9.86s/it]
                                                       
{'loss': '0.7669', 'grad_norm': '0.1443', 'learning_rate': '1e-06', 'epoch': '18.6'}

 59%|█████▊    | 1172/2000 [3:17:45<2:16:06,  9.86s/it]
 59%|█████▊    | 1173/2000 [3:17:56<2:19:49, 10.14s/it]
                                                       
{'loss': '0.8658', 'grad_norm': '0.1932', 'learning_rate': '1e-06', 'epoch': '18.62'}

 59%|█████▊    | 1173/2000 [3:17:56<2:19:49, 10.14s/it]
 59%|█████▊    | 1174/2000 [3:18:05<2:16:16,  9.90s/it]
                                                       
{'loss': '0.7786', 'grad_norm': '0.1294', 'learning_rate': '1e-06', 'epoch': '18.63'}

 59%|█████▊    | 1174/2000 [3:18:05<2:16:16,  9.90s/it]
 59%|█████▉    | 1175/2000 [3:18:16<2:17:11,  9.98s/it]
                                                       
{'loss': '0.7407', 'grad_norm': '0.2229', 'learning_rate': '1e-06', 'epoch': '18.65'}

 59%|█████▉    | 1175/2000 [3:18:16<2:17:11,  9.98s/it]
 59%|█████▉    | 1176/2000 [3:18:25<2:16:16,  9.92s/it]
                                                       
{'loss': '0.9589', 'grad_norm': '0.1916', 'learning_rate': '1e-06', 'epoch': '18.67'}

 59%|█████▉    | 1176/2000 [3:18:25<2:16:16,  9.92s/it]
 59%|█████▉    | 1177/2000 [3:18:35<2:16:26,  9.95s/it]
                                                       
{'loss': '0.9001', 'grad_norm': '0.1145', 'learning_rate': '1e-06', 'epoch': '18.68'}

 59%|█████▉    | 1177/2000 [3:18:35<2:16:26,  9.95s/it]
 59%|█████▉    | 1178/2000 [3:18:46<2:19:07, 10.16s/it]
                                                       
{'loss': '0.9106', 'grad_norm': '0.1427', 'learning_rate': '1e-06', 'epoch': '18.7'}

 59%|█████▉    | 1178/2000 [3:18:46<2:19:07, 10.16s/it]
 59%|█████▉    | 1179/2000 [3:18:56<2:19:30, 10.20s/it]
                                                       
{'loss': '0.9089', 'grad_norm': '0.1772', 'learning_rate': '1e-06', 'epoch': '18.71'}

 59%|█████▉    | 1179/2000 [3:18:56<2:19:30, 10.20s/it]
 59%|█████▉    | 1180/2000 [3:19:06<2:16:47, 10.01s/it]
                                                       
{'loss': '0.6643', 'grad_norm': '0.168', 'learning_rate': '1e-06', 'epoch': '18.73'}

 59%|█████▉    | 1180/2000 [3:19:06<2:16:47, 10.01s/it]
 59%|█████▉    | 1181/2000 [3:19:16<2:17:36, 10.08s/it]
                                                       
{'loss': '0.8412', 'grad_norm': '0.2086', 'learning_rate': '1e-06', 'epoch': '18.75'}

 59%|█████▉    | 1181/2000 [3:19:16<2:17:36, 10.08s/it]
 59%|█████▉    | 1182/2000 [3:19:26<2:16:48, 10.03s/it]
                                                       
{'loss': '0.9998', 'grad_norm': '0.1693', 'learning_rate': '1e-06', 'epoch': '18.76'}

 59%|█████▉    | 1182/2000 [3:19:26<2:16:48, 10.03s/it]
 59%|█████▉    | 1183/2000 [3:19:36<2:14:15,  9.86s/it]
                                                       
{'loss': '0.8813', 'grad_norm': '0.1046', 'learning_rate': '1e-06', 'epoch': '18.78'}

 59%|█████▉    | 1183/2000 [3:19:36<2:14:15,  9.86s/it]
 59%|█████▉    | 1184/2000 [3:19:46<2:18:27, 10.18s/it]
                                                       
{'loss': '0.9363', 'grad_norm': '0.239', 'learning_rate': '1e-06', 'epoch': '18.79'}

 59%|█████▉    | 1184/2000 [3:19:47<2:18:27, 10.18s/it]
 59%|█████▉    | 1185/2000 [3:19:56<2:14:59,  9.94s/it]
                                                       
{'loss': '0.8458', 'grad_norm': '0.1234', 'learning_rate': '1e-06', 'epoch': '18.81'}

 59%|█████▉    | 1185/2000 [3:19:56<2:14:59,  9.94s/it]
 59%|█████▉    | 1186/2000 [3:20:06<2:17:41, 10.15s/it]
                                                       
{'loss': '0.8275', 'grad_norm': '0.2012', 'learning_rate': '1e-06', 'epoch': '18.83'}

 59%|█████▉    | 1186/2000 [3:20:06<2:17:41, 10.15s/it]
 59%|█████▉    | 1187/2000 [3:20:17<2:18:34, 10.23s/it]
                                                       
{'loss': '0.8136', 'grad_norm': '0.1752', 'learning_rate': '1e-06', 'epoch': '18.84'}

 59%|█████▉    | 1187/2000 [3:20:17<2:18:34, 10.23s/it]
 59%|█████▉    | 1188/2000 [3:20:26<2:15:04,  9.98s/it]
                                                       
{'loss': '0.8345', 'grad_norm': '0.135', 'learning_rate': '1e-06', 'epoch': '18.86'}

 59%|█████▉    | 1188/2000 [3:20:26<2:15:04,  9.98s/it]
 59%|█████▉    | 1189/2000 [3:20:37<2:18:50, 10.27s/it]
                                                       
{'loss': '0.7763', 'grad_norm': '0.1923', 'learning_rate': '1e-06', 'epoch': '18.87'}

 59%|█████▉    | 1189/2000 [3:20:37<2:18:50, 10.27s/it]
 60%|█████▉    | 1190/2000 [3:20:47<2:14:58, 10.00s/it]
                                                       
{'loss': '0.5854', 'grad_norm': '0.1991', 'learning_rate': '1e-06', 'epoch': '18.89'}

 60%|█████▉    | 1190/2000 [3:20:47<2:14:58, 10.00s/it]
 60%|█████▉    | 1191/2000 [3:20:57<2:14:39,  9.99s/it]
                                                       
{'loss': '0.8227', 'grad_norm': '0.1255', 'learning_rate': '1e-06', 'epoch': '18.9'}

 60%|█████▉    | 1191/2000 [3:20:57<2:14:39,  9.99s/it]
 60%|█████▉    | 1192/2000 [3:21:07<2:14:50, 10.01s/it]
                                                       
{'loss': '0.8141', 'grad_norm': '0.1635', 'learning_rate': '1e-06', 'epoch': '18.92'}

 60%|█████▉    | 1192/2000 [3:21:07<2:14:50, 10.01s/it]
 60%|█████▉    | 1193/2000 [3:21:16<2:10:13,  9.68s/it]
                                                       
{'loss': '0.9706', 'grad_norm': '0.1948', 'learning_rate': '1e-06', 'epoch': '18.94'}

 60%|█████▉    | 1193/2000 [3:21:16<2:10:13,  9.68s/it]
 60%|█████▉    | 1194/2000 [3:21:26<2:13:07,  9.91s/it]
                                                       
{'loss': '0.8228', 'grad_norm': '0.117', 'learning_rate': '1e-06', 'epoch': '18.95'}

 60%|█████▉    | 1194/2000 [3:21:26<2:13:07,  9.91s/it]
 60%|█████▉    | 1195/2000 [3:21:36<2:11:23,  9.79s/it]
                                                       
{'loss': '0.9083', 'grad_norm': '0.1956', 'learning_rate': '1e-06', 'epoch': '18.97'}

 60%|█████▉    | 1195/2000 [3:21:36<2:11:23,  9.79s/it]
 60%|█████▉    | 1196/2000 [3:21:46<2:12:57,  9.92s/it]
                                                       
{'loss': '1.026', 'grad_norm': '0.1297', 'learning_rate': '1e-06', 'epoch': '18.98'}

 60%|█████▉    | 1196/2000 [3:21:46<2:12:57,  9.92s/it]
 60%|█████▉    | 1197/2000 [3:21:56<2:12:46,  9.92s/it]
                                                       
{'loss': '0.8502', 'grad_norm': '0.1688', 'learning_rate': '1e-06', 'epoch': '19'}

 60%|█████▉    | 1197/2000 [3:21:56<2:12:46,  9.92s/it]
 60%|█████▉    | 1198/2000 [3:22:07<2:17:33, 10.29s/it]
                                                       
{'loss': '0.7208', 'grad_norm': '0.1616', 'learning_rate': '1e-06', 'epoch': '19.02'}

 60%|█████▉    | 1198/2000 [3:22:07<2:17:33, 10.29s/it]
 60%|█████▉    | 1199/2000 [3:22:17<2:15:41, 10.16s/it]
                                                       
{'loss': '0.8221', 'grad_norm': '0.1812', 'learning_rate': '1e-06', 'epoch': '19.03'}

 60%|█████▉    | 1199/2000 [3:22:17<2:15:41, 10.16s/it]
 60%|██████    | 1200/2000 [3:22:27<2:16:41, 10.25s/it]
                                                       
{'loss': '0.6945', 'grad_norm': '0.1478', 'learning_rate': '1e-06', 'epoch': '19.05'}

 60%|██████    | 1200/2000 [3:22:27<2:16:41, 10.25s/it]
 60%|██████    | 1201/2000 [3:22:37<2:16:07, 10.22s/it]
                                                       
{'loss': '0.879', 'grad_norm': '0.2085', 'learning_rate': '1e-06', 'epoch': '19.06'}

 60%|██████    | 1201/2000 [3:22:37<2:16:07, 10.22s/it]
 60%|██████    | 1202/2000 [3:22:48<2:17:08, 10.31s/it]
                                                       
{'loss': '0.8618', 'grad_norm': '0.146', 'learning_rate': '1e-06', 'epoch': '19.08'}

 60%|██████    | 1202/2000 [3:22:48<2:17:08, 10.31s/it]
 60%|██████    | 1203/2000 [3:22:58<2:15:10, 10.18s/it]
                                                       
{'loss': '0.8892', 'grad_norm': '0.1933', 'learning_rate': '1e-06', 'epoch': '19.1'}

 60%|██████    | 1203/2000 [3:22:58<2:15:10, 10.18s/it]
 60%|██████    | 1204/2000 [3:23:07<2:12:25,  9.98s/it]
                                                       
{'loss': '0.8284', 'grad_norm': '0.2164', 'learning_rate': '1e-06', 'epoch': '19.11'}

 60%|██████    | 1204/2000 [3:23:07<2:12:25,  9.98s/it]
 60%|██████    | 1205/2000 [3:23:17<2:13:08, 10.05s/it]
                                                       
{'loss': '0.7687', 'grad_norm': '0.107', 'learning_rate': '1e-06', 'epoch': '19.13'}

 60%|██████    | 1205/2000 [3:23:17<2:13:08, 10.05s/it]
 60%|██████    | 1206/2000 [3:23:27<2:12:20, 10.00s/it]
                                                       
{'loss': '1.075', 'grad_norm': '0.1687', 'learning_rate': '1e-06', 'epoch': '19.14'}

 60%|██████    | 1206/2000 [3:23:27<2:12:20, 10.00s/it]
 60%|██████    | 1207/2000 [3:23:38<2:13:36, 10.11s/it]
                                                       
{'loss': '0.8311', 'grad_norm': '0.1929', 'learning_rate': '1e-06', 'epoch': '19.16'}

 60%|██████    | 1207/2000 [3:23:38<2:13:36, 10.11s/it]
 60%|██████    | 1208/2000 [3:23:48<2:13:26, 10.11s/it]
                                                       
{'loss': '0.7754', 'grad_norm': '0.1694', 'learning_rate': '1e-06', 'epoch': '19.17'}

 60%|██████    | 1208/2000 [3:23:48<2:13:26, 10.11s/it]
 60%|██████    | 1209/2000 [3:23:58<2:13:29, 10.13s/it]
                                                       
{'loss': '0.8888', 'grad_norm': '0.1289', 'learning_rate': '1e-06', 'epoch': '19.19'}

 60%|██████    | 1209/2000 [3:23:58<2:13:29, 10.13s/it]
 60%|██████    | 1210/2000 [3:24:07<2:10:20,  9.90s/it]
                                                       
{'loss': '0.6916', 'grad_norm': '0.1669', 'learning_rate': '1e-06', 'epoch': '19.21'}

 60%|██████    | 1210/2000 [3:24:07<2:10:20,  9.90s/it]
 61%|██████    | 1211/2000 [3:24:17<2:09:54,  9.88s/it]
                                                       
{'loss': '0.765', 'grad_norm': '0.1126', 'learning_rate': '1e-06', 'epoch': '19.22'}

 61%|██████    | 1211/2000 [3:24:17<2:09:54,  9.88s/it]
 61%|██████    | 1212/2000 [3:24:28<2:12:23, 10.08s/it]
                                                       
{'loss': '0.8383', 'grad_norm': '0.144', 'learning_rate': '1e-06', 'epoch': '19.24'}

 61%|██████    | 1212/2000 [3:24:28<2:12:23, 10.08s/it]
 61%|██████    | 1213/2000 [3:24:38<2:13:11, 10.15s/it]
                                                       
{'loss': '0.9508', 'grad_norm': '0.267', 'learning_rate': '1e-06', 'epoch': '19.25'}

 61%|██████    | 1213/2000 [3:24:38<2:13:11, 10.15s/it]
 61%|██████    | 1214/2000 [3:24:48<2:12:23, 10.11s/it]
                                                       
{'loss': '0.8121', 'grad_norm': '0.1853', 'learning_rate': '1e-06', 'epoch': '19.27'}

 61%|██████    | 1214/2000 [3:24:48<2:12:23, 10.11s/it]
 61%|██████    | 1215/2000 [3:24:58<2:13:31, 10.21s/it]
                                                       
{'loss': '0.7606', 'grad_norm': '0.1294', 'learning_rate': '1e-06', 'epoch': '19.29'}

 61%|██████    | 1215/2000 [3:24:58<2:13:31, 10.21s/it]
 61%|██████    | 1216/2000 [3:25:08<2:12:25, 10.13s/it]
                                                       
{'loss': '0.8835', 'grad_norm': '0.204', 'learning_rate': '1e-06', 'epoch': '19.3'}

 61%|██████    | 1216/2000 [3:25:08<2:12:25, 10.13s/it]
 61%|██████    | 1217/2000 [3:25:19<2:12:07, 10.12s/it]
                                                       
{'loss': '0.9708', 'grad_norm': '0.1784', 'learning_rate': '1e-06', 'epoch': '19.32'}

 61%|██████    | 1217/2000 [3:25:19<2:12:07, 10.12s/it]
 61%|██████    | 1218/2000 [3:25:29<2:12:38, 10.18s/it]
                                                       
{'loss': '0.8707', 'grad_norm': '0.2488', 'learning_rate': '1e-06', 'epoch': '19.33'}

 61%|██████    | 1218/2000 [3:25:29<2:12:38, 10.18s/it]
 61%|██████    | 1219/2000 [3:25:38<2:08:43,  9.89s/it]
                                                       
{'loss': '0.8362', 'grad_norm': '0.1811', 'learning_rate': '1e-06', 'epoch': '19.35'}

 61%|██████    | 1219/2000 [3:25:38<2:08:43,  9.89s/it]
 61%|██████    | 1220/2000 [3:25:49<2:11:28, 10.11s/it]
                                                       
{'loss': '0.9059', 'grad_norm': '0.1383', 'learning_rate': '1e-06', 'epoch': '19.37'}

 61%|██████    | 1220/2000 [3:25:49<2:11:28, 10.11s/it]
 61%|██████    | 1221/2000 [3:25:58<2:09:26,  9.97s/it]
                                                       
{'loss': '0.8143', 'grad_norm': '0.2596', 'learning_rate': '1e-06', 'epoch': '19.38'}

 61%|██████    | 1221/2000 [3:25:58<2:09:26,  9.97s/it]
 61%|██████    | 1222/2000 [3:26:08<2:09:13,  9.97s/it]
                                                       
{'loss': '0.8673', 'grad_norm': '0.1947', 'learning_rate': '1e-06', 'epoch': '19.4'}

 61%|██████    | 1222/2000 [3:26:08<2:09:13,  9.97s/it]
 61%|██████    | 1223/2000 [3:26:19<2:13:05, 10.28s/it]
                                                       
{'loss': '0.7561', 'grad_norm': '0.1634', 'learning_rate': '1e-06', 'epoch': '19.41'}

 61%|██████    | 1223/2000 [3:26:19<2:13:05, 10.28s/it]
 61%|██████    | 1224/2000 [3:26:29<2:12:23, 10.24s/it]
                                                       
{'loss': '0.4933', 'grad_norm': '0.1843', 'learning_rate': '1e-06', 'epoch': '19.43'}

 61%|██████    | 1224/2000 [3:26:29<2:12:23, 10.24s/it]
 61%|██████▏   | 1225/2000 [3:26:40<2:12:16, 10.24s/it]
                                                       
{'loss': '0.8425', 'grad_norm': '0.1381', 'learning_rate': '1e-06', 'epoch': '19.44'}

 61%|██████▏   | 1225/2000 [3:26:40<2:12:16, 10.24s/it]
 61%|██████▏   | 1226/2000 [3:26:49<2:09:08, 10.01s/it]
                                                       
{'loss': '0.7578', 'grad_norm': '0.2289', 'learning_rate': '1e-06', 'epoch': '19.46'}

 61%|██████▏   | 1226/2000 [3:26:49<2:09:08, 10.01s/it]
 61%|██████▏   | 1227/2000 [3:26:59<2:07:43,  9.91s/it]
                                                       
{'loss': '0.7679', 'grad_norm': '0.3745', 'learning_rate': '1e-06', 'epoch': '19.48'}

 61%|██████▏   | 1227/2000 [3:26:59<2:07:43,  9.91s/it]
 61%|██████▏   | 1228/2000 [3:27:09<2:09:49, 10.09s/it]
                                                       
{'loss': '0.7476', 'grad_norm': '0.3817', 'learning_rate': '1e-06', 'epoch': '19.49'}

 61%|██████▏   | 1228/2000 [3:27:09<2:09:49, 10.09s/it]
 61%|██████▏   | 1229/2000 [3:27:19<2:07:19,  9.91s/it]
                                                       
{'loss': '0.7656', 'grad_norm': '0.1513', 'learning_rate': '1e-06', 'epoch': '19.51'}

 61%|██████▏   | 1229/2000 [3:27:19<2:07:19,  9.91s/it]
 62%|██████▏   | 1230/2000 [3:27:29<2:07:45,  9.96s/it]
                                                       
{'loss': '0.6855', 'grad_norm': '0.1678', 'learning_rate': '1e-06', 'epoch': '19.52'}

 62%|██████▏   | 1230/2000 [3:27:29<2:07:45,  9.96s/it]
 62%|██████▏   | 1231/2000 [3:27:39<2:09:32, 10.11s/it]
                                                       
{'loss': '0.7745', 'grad_norm': '0.1262', 'learning_rate': '1e-06', 'epoch': '19.54'}

 62%|██████▏   | 1231/2000 [3:27:39<2:09:32, 10.11s/it]
 62%|██████▏   | 1232/2000 [3:27:49<2:06:19,  9.87s/it]
                                                       
{'loss': '0.6579', 'grad_norm': '0.2947', 'learning_rate': '1e-06', 'epoch': '19.56'}

 62%|██████▏   | 1232/2000 [3:27:49<2:06:19,  9.87s/it]
 62%|██████▏   | 1233/2000 [3:27:59<2:07:09,  9.95s/it]
                                                       
{'loss': '0.9995', 'grad_norm': '0.1989', 'learning_rate': '1e-06', 'epoch': '19.57'}

 62%|██████▏   | 1233/2000 [3:27:59<2:07:09,  9.95s/it]
 62%|██████▏   | 1234/2000 [3:28:09<2:06:42,  9.93s/it]
                                                       
{'loss': '0.9022', 'grad_norm': '0.2615', 'learning_rate': '1e-06', 'epoch': '19.59'}

 62%|██████▏   | 1234/2000 [3:28:09<2:06:42,  9.93s/it]
 62%|██████▏   | 1235/2000 [3:28:19<2:06:22,  9.91s/it]
                                                       
{'loss': '0.8667', 'grad_norm': '0.1761', 'learning_rate': '1e-06', 'epoch': '19.6'}

 62%|██████▏   | 1235/2000 [3:28:19<2:06:22,  9.91s/it]
 62%|██████▏   | 1236/2000 [3:28:29<2:07:26, 10.01s/it]
                                                       
{'loss': '0.8004', 'grad_norm': '0.15', 'learning_rate': '1e-06', 'epoch': '19.62'}

 62%|██████▏   | 1236/2000 [3:28:29<2:07:26, 10.01s/it]
 62%|██████▏   | 1237/2000 [3:28:38<2:03:57,  9.75s/it]
                                                       
{'loss': '0.8358', 'grad_norm': '0.1535', 'learning_rate': '1e-06', 'epoch': '19.63'}

 62%|██████▏   | 1237/2000 [3:28:38<2:03:57,  9.75s/it]
 62%|██████▏   | 1238/2000 [3:28:47<2:01:27,  9.56s/it]
                                                       
{'loss': '0.8026', 'grad_norm': '0.14', 'learning_rate': '1e-06', 'epoch': '19.65'}

 62%|██████▏   | 1238/2000 [3:28:47<2:01:27,  9.56s/it]
 62%|██████▏   | 1239/2000 [3:28:58<2:06:21,  9.96s/it]
                                                       
{'loss': '0.8215', 'grad_norm': '0.2071', 'learning_rate': '1e-06', 'epoch': '19.67'}

 62%|██████▏   | 1239/2000 [3:28:58<2:06:21,  9.96s/it]
 62%|██████▏   | 1240/2000 [3:29:08<2:05:29,  9.91s/it]
                                                       
{'loss': '0.8715', 'grad_norm': '0.177', 'learning_rate': '1e-06', 'epoch': '19.68'}

 62%|██████▏   | 1240/2000 [3:29:08<2:05:29,  9.91s/it]
 62%|██████▏   | 1241/2000 [3:29:18<2:06:33, 10.00s/it]
                                                       
{'loss': '0.9277', 'grad_norm': '0.1425', 'learning_rate': '1e-06', 'epoch': '19.7'}

 62%|██████▏   | 1241/2000 [3:29:18<2:06:33, 10.00s/it]
 62%|██████▏   | 1242/2000 [3:29:28<2:04:55,  9.89s/it]
                                                       
{'loss': '0.7975', 'grad_norm': '0.1957', 'learning_rate': '1e-06', 'epoch': '19.71'}

 62%|██████▏   | 1242/2000 [3:29:28<2:04:55,  9.89s/it]
 62%|██████▏   | 1243/2000 [3:29:37<2:04:45,  9.89s/it]
                                                       
{'loss': '0.7944', 'grad_norm': '0.1499', 'learning_rate': '1e-06', 'epoch': '19.73'}

 62%|██████▏   | 1243/2000 [3:29:38<2:04:45,  9.89s/it]
 62%|██████▏   | 1244/2000 [3:29:48<2:08:07, 10.17s/it]
                                                       
{'loss': '0.854', 'grad_norm': '0.1545', 'learning_rate': '1e-06', 'epoch': '19.75'}

 62%|██████▏   | 1244/2000 [3:29:48<2:08:07, 10.17s/it]
 62%|██████▏   | 1245/2000 [3:29:58<2:05:19,  9.96s/it]
                                                       
{'loss': '0.7606', 'grad_norm': '0.09211', 'learning_rate': '1e-06', 'epoch': '19.76'}

 62%|██████▏   | 1245/2000 [3:29:58<2:05:19,  9.96s/it]
 62%|██████▏   | 1246/2000 [3:30:08<2:06:16, 10.05s/it]
                                                       
{'loss': '1.013', 'grad_norm': '0.2036', 'learning_rate': '1e-06', 'epoch': '19.78'}

 62%|██████▏   | 1246/2000 [3:30:08<2:06:16, 10.05s/it]
 62%|██████▏   | 1247/2000 [3:30:17<2:03:44,  9.86s/it]
                                                       
{'loss': '1.031', 'grad_norm': '0.1668', 'learning_rate': '1e-06', 'epoch': '19.79'}

 62%|██████▏   | 1247/2000 [3:30:17<2:03:44,  9.86s/it]
 62%|██████▏   | 1248/2000 [3:30:27<2:00:53,  9.65s/it]
                                                       
{'loss': '0.804', 'grad_norm': '0.1125', 'learning_rate': '1e-06', 'epoch': '19.81'}

 62%|██████▏   | 1248/2000 [3:30:27<2:00:53,  9.65s/it]
 62%|██████▏   | 1249/2000 [3:30:37<2:04:53,  9.98s/it]
                                                       
{'loss': '1.147', 'grad_norm': '0.2305', 'learning_rate': '1e-06', 'epoch': '19.83'}

 62%|██████▏   | 1249/2000 [3:30:37<2:04:53,  9.98s/it]
 62%|██████▎   | 1250/2000 [3:30:47<2:03:11,  9.86s/it]
                                                       
{'loss': '0.8463', 'grad_norm': '0.2293', 'learning_rate': '1e-06', 'epoch': '19.84'}

 62%|██████▎   | 1250/2000 [3:30:47<2:03:11,  9.86s/it]
 63%|██████▎   | 1251/2000 [3:30:57<2:05:48, 10.08s/it]
                                                       
{'loss': '0.8583', 'grad_norm': '0.2102', 'learning_rate': '1e-06', 'epoch': '19.86'}

 63%|██████▎   | 1251/2000 [3:30:57<2:05:48, 10.08s/it]
 63%|██████▎   | 1252/2000 [3:31:08<2:07:28, 10.23s/it]
                                                       
{'loss': '0.8428', 'grad_norm': '0.2059', 'learning_rate': '1e-06', 'epoch': '19.87'}

 63%|██████▎   | 1252/2000 [3:31:08<2:07:28, 10.23s/it]
 63%|██████▎   | 1253/2000 [3:31:18<2:06:29, 10.16s/it]
                                                       
{'loss': '0.7952', 'grad_norm': '0.2267', 'learning_rate': '1e-06', 'epoch': '19.89'}

 63%|██████▎   | 1253/2000 [3:31:18<2:06:29, 10.16s/it]
 63%|██████▎   | 1254/2000 [3:31:28<2:05:34, 10.10s/it]
                                                       
{'loss': '0.7286', 'grad_norm': '0.1326', 'learning_rate': '1e-06', 'epoch': '19.9'}

 63%|██████▎   | 1254/2000 [3:31:28<2:05:34, 10.10s/it]
 63%|██████▎   | 1255/2000 [3:31:39<2:06:58, 10.23s/it]
                                                       
{'loss': '0.7397', 'grad_norm': '0.1374', 'learning_rate': '1e-06', 'epoch': '19.92'}

 63%|██████▎   | 1255/2000 [3:31:39<2:06:58, 10.23s/it]
 63%|██████▎   | 1256/2000 [3:31:48<2:04:34, 10.05s/it]
                                                       
{'loss': '0.78', 'grad_norm': '0.2177', 'learning_rate': '1e-06', 'epoch': '19.94'}

 63%|██████▎   | 1256/2000 [3:31:48<2:04:34, 10.05s/it]
 63%|██████▎   | 1257/2000 [3:31:58<2:02:43,  9.91s/it]
                                                       
{'loss': '0.8444', 'grad_norm': '0.2174', 'learning_rate': '1e-06', 'epoch': '19.95'}

 63%|██████▎   | 1257/2000 [3:31:58<2:02:43,  9.91s/it]
 63%|██████▎   | 1258/2000 [3:32:08<2:03:40, 10.00s/it]
                                                       
{'loss': '0.7434', 'grad_norm': '0.1336', 'learning_rate': '1e-06', 'epoch': '19.97'}

 63%|██████▎   | 1258/2000 [3:32:08<2:03:40, 10.00s/it]
 63%|██████▎   | 1259/2000 [3:32:18<2:04:41, 10.10s/it]
                                                       
{'loss': '0.8818', 'grad_norm': '0.158', 'learning_rate': '1e-06', 'epoch': '19.98'}

 63%|██████▎   | 1259/2000 [3:32:18<2:04:41, 10.10s/it]
 63%|██████▎   | 1260/2000 [3:32:28<2:04:48, 10.12s/it]
                                                       
{'loss': '0.6579', 'grad_norm': '0.1634', 'learning_rate': '1e-06', 'epoch': '20'}

 63%|██████▎   | 1260/2000 [3:32:29<2:04:48, 10.12s/it]
 63%|██████▎   | 1261/2000 [3:32:40<2:09:52, 10.54s/it]
                                                       
{'loss': '0.9244', 'grad_norm': '0.2341', 'learning_rate': '1e-06', 'epoch': '20.02'}

 63%|██████▎   | 1261/2000 [3:32:40<2:09:52, 10.54s/it]
 63%|██████▎   | 1262/2000 [3:32:50<2:07:25, 10.36s/it]
                                                       
{'loss': '0.8848', 'grad_norm': '0.1809', 'learning_rate': '1e-06', 'epoch': '20.03'}

 63%|██████▎   | 1262/2000 [3:32:50<2:07:25, 10.36s/it]
 63%|██████▎   | 1263/2000 [3:33:01<2:08:32, 10.47s/it]
                                                       
{'loss': '0.8423', 'grad_norm': '0.1261', 'learning_rate': '1e-06', 'epoch': '20.05'}

 63%|██████▎   | 1263/2000 [3:33:01<2:08:32, 10.47s/it]
 63%|██████▎   | 1264/2000 [3:33:10<2:04:17, 10.13s/it]
                                                       
{'loss': '0.8726', 'grad_norm': '0.2617', 'learning_rate': '1e-06', 'epoch': '20.06'}

 63%|██████▎   | 1264/2000 [3:33:10<2:04:17, 10.13s/it]
 63%|██████▎   | 1265/2000 [3:33:20<2:04:07, 10.13s/it]
                                                       
{'loss': '0.7789', 'grad_norm': '0.1709', 'learning_rate': '1e-06', 'epoch': '20.08'}

 63%|██████▎   | 1265/2000 [3:33:20<2:04:07, 10.13s/it]
 63%|██████▎   | 1266/2000 [3:33:30<2:01:59,  9.97s/it]
                                                       
{'loss': '0.7592', 'grad_norm': '0.1374', 'learning_rate': '1e-06', 'epoch': '20.1'}

 63%|██████▎   | 1266/2000 [3:33:30<2:01:59,  9.97s/it]
 63%|██████▎   | 1267/2000 [3:33:40<2:02:14, 10.01s/it]
                                                       
{'loss': '0.9739', 'grad_norm': '0.1844', 'learning_rate': '1e-06', 'epoch': '20.11'}

 63%|██████▎   | 1267/2000 [3:33:40<2:02:14, 10.01s/it]
 63%|██████▎   | 1268/2000 [3:33:50<2:01:07,  9.93s/it]
                                                       
{'loss': '0.6265', 'grad_norm': '0.2138', 'learning_rate': '1e-06', 'epoch': '20.13'}

 63%|██████▎   | 1268/2000 [3:33:50<2:01:07,  9.93s/it]
 63%|██████▎   | 1269/2000 [3:34:00<2:01:37,  9.98s/it]
                                                       
{'loss': '0.7408', 'grad_norm': '0.1597', 'learning_rate': '1e-06', 'epoch': '20.14'}

 63%|██████▎   | 1269/2000 [3:34:00<2:01:37,  9.98s/it]
 64%|██████▎   | 1270/2000 [3:34:11<2:06:17, 10.38s/it]
                                                       
{'loss': '0.9624', 'grad_norm': '0.1745', 'learning_rate': '1e-06', 'epoch': '20.16'}

 64%|██████▎   | 1270/2000 [3:34:11<2:06:17, 10.38s/it]
 64%|██████▎   | 1271/2000 [3:34:20<2:02:44, 10.10s/it]
                                                       
{'loss': '0.7164', 'grad_norm': '0.178', 'learning_rate': '1e-06', 'epoch': '20.17'}

 64%|██████▎   | 1271/2000 [3:34:21<2:02:44, 10.10s/it]
 64%|██████▎   | 1272/2000 [3:34:30<2:00:47,  9.96s/it]
                                                       
{'loss': '0.8971', 'grad_norm': '0.1377', 'learning_rate': '1e-06', 'epoch': '20.19'}
